protein_per_100g,sugar_per_100g,fat_per_100g,fiber_per_100g,calories_per_100g,sodium_per_100g,has_artificial_sweetener,has_preservatives,has_trans_fat,ingredient_risk_count,category,health_score,risk_labels
0.1,13.9,0.0,0.0,59.9,289.2,0,1,0,2,ENERGY_DRINKS,24,"PRESERVATIVES,LOW_FIBER"
9.6,2.2,12.3,7.7,380.0,448.1,0,0,0,1,SNACKS,82,NONE
0.0,1.6,0.2,0.0,24.5,27.1,0,0,0,0,BEVERAGES,70,LOW_FIBER
6.9,19.7,21.0,3.0,452.5,253.3,1,1,0,2,BISCUITS_COOKIES,21,"HIGH_FAT,ARTIFICIAL_SWEETENER,PRESERVATIVES,HIGH_CALORIE"
4.2,40.2,31.1,2.7,488.7,89.1,0,1,0,2,CHOCOLATES_CONFECTIONERY,36,"HIGH_SUGAR,HIGH_FAT,PRESERVATIVES,HIGH_CALORIE"
1.1,0.1,0.4,0.4,12.9,93.0,0,0,0,0,BEVERAGES,75,LOW_FIBER
5.1,13.8,9.2,0.7,122.4,296.7,1,1,0,0,DAIRY_PRODUCTS,52,"ARTIFICIAL_SWEETENER,PRESERVATIVES,LOW_FIBER"
5.7,2.1,14.5,2.2,390.5,704.2,0,1,0,3,INSTANT_NOODLES_RTE,58,"PRESERVATIVES,MANY_RISKY_INGREDIENTS"
4.0,63.3,38.5,0.9,525.7,105.6,1,1,0,3,CHOCOLATES_CONFECTIONERY,6,"HIGH_SUGAR,HIGH_FAT,ARTIFICIAL_SWEETENER,PRESERVATIVES,LOW_FIBER,HIGH_CALORIE,MANY_RISKY_INGREDIENTS"
41.5,11.8,10.9,3.9,366.5,276.8,0,1,0,1,HEALTH_SUPPLEMENTS,64,PRESERVATIVES
1.4,19.0,12.8,0.6,263.5,555.7,1,1,0,1,SAUCES_SPREADS,33,"ARTIFICIAL_SWEETENER,PRESERVATIVES,LOW_FIBER"
3.8,11.9,33.4,1.2,523.7,752.7,0,1,0,4,SNACKS,19,"HIGH_FAT,PRESERVATIVES,LOW_FIBER,HIGH_CALORIE,MANY_RISKY_INGREDIENTS"
63.1,2.4,7.4,3.6,351.8,100.1,0,0,0,0,HEALTH_SUPPLEMENTS,93,NONE
5.7,4.1,14.9,3.1,388.9,773.2,0,0,0,1,INSTANT_NOODLES_RTE,71,NONE
23.7,6.2,10.0,6.5,379.8,180.0,0,1,0,1,PROTEIN_BAR,78,PRESERVATIVES
0.7,1.9,0.3,0.5,14.0,57.5,0,0,0,0,BEVERAGES,75,LOW_FIBER
0.4,11.2,0.0,0.0,63.2,273.6,1,1,0,4,ENERGY_DRINKS,12,"ARTIFICIAL_SWEETENER,PRESERVATIVES,LOW_FIBER,MANY_RISKY_INGREDIENTS"
27.6,6.2,11.0,8.3,317.6,313.3,0,1,0,1,PROTEIN_BAR,79,PRESERVATIVES
0.7,1.2,0.0,0.0,19.1,70.6,0,0,0,1,ENERGY_DRINKS,73,LOW_FIBER
13.5,3.6,6.3,5.6,365.4,511.0,0,0,0,1,INSTANT_NOODLES_RTE,86,NONE
33.5,7.4,9.4,8.4,327.9,317.8,0,1,0,1,PROTEIN_BAR,83,PRESERVATIVES
0.3,10.5,0.1,0.0,55.2,51.8,0,1,0,2,BEVERAGES,29,"PRESERVATIVES,LOW_FIBER"
11.8,9.8,5.9,9.6,371.4,159.3,0,0,0,0,BREAKFAST_CEREAL,83,NONE
6.7,8.0,16.5,2.6,470.5,609.1,0,1,1,3,SNACKS,26,"TRANS_FAT,PRESERVATIVES,HIGH_CALORIE,MANY_RISKY_INGREDIENTS"
0.2,12.1,0.3,0.0,61.6,96.0,1,1,0,2,BEVERAGES,21,"ARTIFICIAL_SWEETENER,PRESERVATIVES,LOW_FIBER"
9.7,24.2,23.8,4.0,495.3,432.3,1,1,1,5,PROTEIN_BAR,0,"HIGH_SUGAR,HIGH_FAT,TRANS_FAT,ARTIFICIAL_SWEETENER,PRESERVATIVES,HIGH_CALORIE,MANY_RISKY_INGREDIENTS"
4.3,37.3,28.7,1.8,522.2,143.0,0,0,0,1,CHOCOLATES_CONFECTIONERY,38,"HIGH_SUGAR,HIGH_FAT,LOW_FIBER,HIGH_CALORIE"
0.3,6.5,0.3,0.4,27.7,156.3,0,0,0,1,BEVERAGES,55,LOW_FIBER
5.4,15.8,15.0,2.9,439.7,267.7,0,0,1,3,BISCUITS_COOKIES,28,"TRANS_FAT,MANY_RISKY_INGREDIENTS"
7.2,6.7,12.6,1.5,318.4,751.7,1,0,0,3,FROZEN_FOODS,43,"ARTIFICIAL_SWEETENER,LOW_FIBER,MANY_RISKY_INGREDIENTS"
0.3,9.1,0.3,0.5,34.1,176.3,0,0,0,2,BEVERAGES,39,LOW_FIBER
0.1,2.9,0.0,0.0,15.7,56.2,0,0,0,1,ENERGY_DRINKS,66,LOW_FIBER
3.3,15.3,21.7,3.5,464.8,352.2,0,0,0,2,BISCUITS_COOKIES,30,"HIGH_FAT,HIGH_CALORIE"
0.3,11.7,0.5,0.0,53.9,172.3,1,0,0,4,BEVERAGES,22,"ARTIFICIAL_SWEETENER,LOW_FIBER,MANY_RISKY_INGREDIENTS"
8.1,15.9,15.9,3.2,478.8,42.3,0,0,0,1,CHOCOLATES_CONFECTIONERY,74,HIGH_CALORIE
1.6,25.2,23.6,0.3,285.8,1464.4,1,1,0,4,SAUCES_SPREADS,0,"HIGH_SUGAR,HIGH_FAT,ARTIFICIAL_SWEETENER,PRESERVATIVES,LOW_FIBER,HIGH_SODIUM,MANY_RISKY_INGREDIENTS"
2.1,16.8,14.2,0.9,293.3,846.9,1,1,0,2,SAUCES_SPREADS,28,"ARTIFICIAL_SWEETENER,PRESERVATIVES,LOW_FIBER,HIGH_SODIUM"
5.6,20.1,10.7,7.8,402.8,395.4,0,0,0,1,BREAKFAST_CEREAL,55,HIGH_SUGAR
12.3,7.4,5.9,10.7,370.4,185.2,0,0,0,0,BREAKFAST_CEREAL,91,NONE
0.7,1.9,0.0,0.0,18.2,160.3,0,0,0,0,ENERGY_DRINKS,75,LOW_FIBER
4.3,5.8,22.0,1.5,438.9,1200.0,1,1,0,3,INSTANT_NOODLES_RTE,14,"HIGH_FAT,ARTIFICIAL_SWEETENER,PRESERVATIVES,LOW_FIBER,HIGH_SODIUM,MANY_RISKY_INGREDIENTS"
0.4,10.5,0.0,0.0,67.6,301.1,1,1,0,4,ENERGY_DRINKS,12,"ARTIFICIAL_SWEETENER,PRESERVATIVES,LOW_FIBER,MANY_RISKY_INGREDIENTS"
3.0,24.1,15.6,2.0,477.5,487.7,0,1,0,3,BISCUITS_COOKIES,14,"HIGH_SUGAR,PRESERVATIVES,HIGH_CALORIE,MANY_RISKY_INGREDIENTS"
8.4,7.0,16.3,3.4,238.2,648.3,0,1,0,3,FROZEN_FOODS,54,"PRESERVATIVES,MANY_RISKY_INGREDIENTS"
59.1,9.8,10.9,4.5,408.7,327.8,0,0,0,2,HEALTH_SUPPLEMENTS,73,NONE
3.1,3.4,5.5,1.7,182.1,271.0,0,1,0,0,SAUCES_SPREADS,72,"PRESERVATIVES,LOW_FIBER"
6.5,6.4,17.0,3.1,454.9,532.6,0,0,0,2,SNACKS,55,HIGH_CALORIE
1.5,32.3,26.9,0.3,308.5,1080.2,1,0,0,2,SAUCES_SPREADS,3,"HIGH_SUGAR,HIGH_FAT,ARTIFICIAL_SWEETENER,LOW_FIBER,HIGH_SODIUM"
0.5,13.3,0.2,0.0,63.1,233.8,0,1,0,2,BEVERAGES,24,"PRESERVATIVES,LOW_FIBER"
9.5,7.1,8.0,12.9,361.5,284.3,0,1,0,0,BREAKFAST_CEREAL,77,PRESERVATIVES
1.8,26.8,25.4,0.1,302.6,1124.6,0,1,0,2,SAUCES_SPREADS,6,"HIGH_SUGAR,HIGH_FAT,PRESERVATIVES,LOW_FIBER,HIGH_SODIUM"
4.1,10.4,26.0,1.6,554.8,781.3,1,1,1,6,SNACKS,0,"HIGH_FAT,TRANS_FAT,ARTIFICIAL_SWEETENER,PRESERVATIVES,LOW_FIBER,HIGH_CALORIE,MANY_RISKY_INGREDIENTS"
3.3,63.7,38.7,0.1,521.6,106.5,1,1,0,2,CHOCOLATES_CONFECTIONERY,8,"HIGH_SUGAR,HIGH_FAT,ARTIFICIAL_SWEETENER,PRESERVATIVES,LOW_FIBER,HIGH_CALORIE"
2.9,18.4,16.4,0.5,229.8,609.4,0,1,0,1,SAUCES_SPREADS,33,"PRESERVATIVES,LOW_FIBER"
5.0,56.1,37.7,1.9,571.0,87.1,1,0,1,2,CHOCOLATES_CONFECTIONERY,2,"HIGH_SUGAR,HIGH_FAT,TRANS_FAT,ARTIFICIAL_SWEETENER,LOW_FIBER,HIGH_CALORIE"
6.4,7.3,16.9,1.3,480.3,580.1,1,1,1,2,SNACKS,18,"TRANS_FAT,ARTIFICIAL_SWEETENER,PRESERVATIVES,LOW_FIBER,HIGH_CALORIE"
9.4,5.6,11.1,1.1,298.0,686.1,1,0,0,2,FROZEN_FOODS,49,"ARTIFICIAL_SWEETENER,LOW_FIBER"
0.6,7.8,0.1,0.4,35.9,117.6,1,0,0,1,BEVERAGES,47,"ARTIFICIAL_SWEETENER,LOW_FIBER"
4.4,31.9,28.7,1.5,484.6,313.8,1,1,0,4,BISCUITS_COOKIES,0,"HIGH_SUGAR,HIGH_FAT,ARTIFICIAL_SWEETENER,PRESERVATIVES,LOW_FIBER,HIGH_CALORIE,MANY_RISKY_INGREDIENTS"
63.2,1.5,2.9,2.8,351.3,136.4,0,0,0,0,HEALTH_SUPPLEMENTS,93,NONE
6.5,11.1,9.9,0.6,103.4,355.4,0,0,0,1,DAIRY_PRODUCTS,63,LOW_FIBER
3.6,52.1,38.9,0.3,539.8,98.2,0,1,0,3,CHOCOLATES_CONFECTIONERY,14,"HIGH_SUGAR,HIGH_FAT,PRESERVATIVES,LOW_FIBER,HIGH_CALORIE,MANY_RISKY_INGREDIENTS"
15.9,15.6,16.4,2.2,414.8,362.8,1,1,0,4,HEALTH_SUPPLEMENTS,24,"ARTIFICIAL_SWEETENER,PRESERVATIVES,MANY_RISKY_INGREDIENTS"
3.2,8.9,5.7,0.7,140.7,337.4,0,1,0,1,DAIRY_PRODUCTS,60,"PRESERVATIVES,LOW_FIBER"
3.4,22.4,16.3,2.7,472.0,272.3,0,0,0,1,BISCUITS_COOKIES,23,"HIGH_SUGAR,HIGH_CALORIE"
6.2,6.4,18.7,3.2,473.5,596.6,0,0,0,2,SNACKS,55,"HIGH_FAT,HIGH_CALORIE"
11.5,7.3,7.6,8.1,356.8,191.3,0,0,0,0,BREAKFAST_CEREAL,83,NONE
80.1,1.2,7.1,2.3,301.5,239.4,0,0,0,0,HEALTH_SUPPLEMENTS,89,NONE
7.8,5.9,4.5,1.6,62.9,84.2,0,0,0,0,DAIRY_PRODUCTS,80,LOW_FIBER
4.2,33.0,25.8,1.7,494.4,590.4,1,0,1,5,BISCUITS_COOKIES,0,"HIGH_SUGAR,HIGH_FAT,TRANS_FAT,ARTIFICIAL_SWEETENER,LOW_FIBER,HIGH_CALORIE,MANY_RISKY_INGREDIENTS"
14.9,13.8,11.2,5.4,387.3,215.5,0,0,0,3,PROTEIN_BAR,50,MANY_RISKY_INGREDIENTS
9.0,14.5,9.8,8.6,393.8,341.5,0,0,0,1,BREAKFAST_CEREAL,70,NONE
3.5,11.8,27.4,0.4,306.6,1096.4,1,1,0,3,FROZEN_FOODS,18,"HIGH_FAT,ARTIFICIAL_SWEETENER,PRESERVATIVES,LOW_FIBER,HIGH_SODIUM,MANY_RISKY_INGREDIENTS"
3.8,32.5,33.1,2.3,506.2,85.9,1,0,0,2,CHOCOLATES_CONFECTIONERY,41,"HIGH_SUGAR,HIGH_FAT,ARTIFICIAL_SWEETENER,HIGH_CALORIE"
4.5,10.8,6.5,0.7,120.2,208.1,1,0,0,1,DAIRY_PRODUCTS,51,"ARTIFICIAL_SWEETENER,LOW_FIBER"
3.9,47.3,39.4,1.3,540.1,70.9,1,1,0,4,CHOCOLATES_CONFECTIONERY,11,"HIGH_SUGAR,HIGH_FAT,ARTIFICIAL_SWEETENER,PRESERVATIVES,LOW_FIBER,HIGH_CALORIE,MANY_RISKY_INGREDIENTS"
34.6,7.2,6.7,4.0,352.3,371.0,1,1,0,0,HEALTH_SUPPLEMENTS,68,"ARTIFICIAL_SWEETENER,PRESERVATIVES"
0.1,15.1,0.1,0.0,59.9,80.0,0,1,0,3,BEVERAGES,27,"PRESERVATIVES,LOW_FIBER,MANY_RISKY_INGREDIENTS"
50.8,8.8,6.8,2.4,362.7,472.5,1,0,0,2,HEALTH_SUPPLEMENTS,65,ARTIFICIAL_SWEETENER
0.3,28.8,24.1,0.3,282.2,1410.5,1,1,0,2,SAUCES_SPREADS,0,"HIGH_SUGAR,HIGH_FAT,ARTIFICIAL_SWEETENER,PRESERVATIVES,LOW_FIBER,HIGH_SODIUM"
6.1,10.2,5.3,0.1,96.3,360.1,1,0,0,0,DAIRY_PRODUCTS,57,"ARTIFICIAL_SWEETENER,LOW_FIBER"
3.9,42.6,28.3,1.6,491.4,110.8,0,1,0,2,CHOCOLATES_CONFECTIONERY,31,"HIGH_SUGAR,HIGH_FAT,PRESERVATIVES,LOW_FIBER,HIGH_CALORIE"
3.8,6.1,27.4,1.7,573.8,932.9,0,1,0,5,SNACKS,23,"HIGH_FAT,PRESERVATIVES,LOW_FIBER,HIGH_CALORIE,HIGH_SODIUM,MANY_RISKY_INGREDIENTS"
4.0,10.6,19.7,0.1,331.1,1112.2,0,1,0,3,FROZEN_FOODS,31,"HIGH_FAT,PRESERVATIVES,LOW_FIBER,HIGH_SODIUM,MANY_RISKY_INGREDIENTS"
0.2,12.8,0.0,0.0,66.5,307.0,0,1,0,2,ENERGY_DRINKS,24,"PRESERVATIVES,LOW_FIBER"
0.8,6.7,0.0,0.0,36.7,225.0,0,1,0,1,ENERGY_DRINKS,45,"PRESERVATIVES,LOW_FIBER"
13.0,8.7,5.2,11.4,364.9,291.3,0,0,0,0,BREAKFAST_CEREAL,86,NONE
4.8,18.7,12.2,0.3,172.7,307.6,0,1,0,2,DAIRY_PRODUCTS,41,"PRESERVATIVES,LOW_FIBER"
5.9,4.7,12.1,1.3,426.0,753.6,0,0,0,2,INSTANT_NOODLES_RTE,60,LOW_FIBER
4.9,24.4,11.1,0.2,165.9,326.1,1,1,0,2,DAIRY_PRODUCTS,23,"HIGH_SUGAR,ARTIFICIAL_SWEETENER,PRESERVATIVES,LOW_FIBER"
4.7,23.9,20.7,2.0,443.0,344.9,0,0,0,2,BISCUITS_COOKIES,21,"HIGH_SUGAR,HIGH_FAT"
6.2,5.8,16.6,1.4,430.8,846.2,1,1,0,3,INSTANT_NOODLES_RTE,33,"ARTIFICIAL_SWEETENER,PRESERVATIVES,LOW_FIBER,HIGH_SODIUM,MANY_RISKY_INGREDIENTS"
28.1,5.8,6.8,6.4,366.8,395.3,0,0,0,0,PROTEIN_BAR,85,NONE
8.1,11.4,2.7,12.0,358.2,238.5,0,0,0,0,BREAKFAST_CEREAL,80,NONE
0.2,22.1,21.2,0.1,367.9,975.5,1,1,0,2,SAUCES_SPREADS,3,"HIGH_SUGAR,HIGH_FAT,ARTIFICIAL_SWEETENER,PRESERVATIVES,LOW_FIBER,HIGH_SODIUM"
2.5,14.2,11.5,1.0,202.1,536.1,1,0,0,1,SAUCES_SPREADS,45,"ARTIFICIAL_SWEETENER,LOW_FIBER"
6.7,12.3,8.1,0.9,113.8,388.5,0,0,0,1,DAIRY_PRODUCTS,63,LOW_FIBER
3.8,8.9,20.8,3.9,449.3,605.8,0,0,0,1,SNACKS,50,HIGH_FAT
4.8,5.3,18.5,0.2,430.2,1774.2,0,0,0,5,INSTANT_NOODLES_RTE,28,"HIGH_FAT,LOW_FIBER,HIGH_SODIUM,MANY_RISKY_INGREDIENTS"
26.9,21.0,14.2,0.3,476.7,527.5,1,1,0,3,HEALTH_SUPPLEMENTS,31,"HIGH_SUGAR,ARTIFICIAL_SWEETENER,PRESERVATIVES,LOW_FIBER,HIGH_CALORIE,MANY_RISKY_INGREDIENTS"
8.4,3.7,5.0,1.9,52.0,191.1,0,0,0,0,DAIRY_PRODUCTS,91,LOW_FIBER
0.3,12.4,0.0,0.0,52.8,224.1,1,0,0,3,ENERGY_DRINKS,19,"ARTIFICIAL_SWEETENER,LOW_FIBER,MANY_RISKY_INGREDIENTS"
22.1,23.2,16.8,1.0,466.3,311.1,1,0,0,3,HEALTH_SUPPLEMENTS,16,"HIGH_SUGAR,ARTIFICIAL_SWEETENER,LOW_FIBER,HIGH_CALORIE,MANY_RISKY_INGREDIENTS"
3.0,35.9,22.5,0.6,517.8,537.2,0,1,1,3,BISCUITS_COOKIES,0,"HIGH_SUGAR,HIGH_FAT,TRANS_FAT,PRESERVATIVES,LOW_FIBER,HIGH_CALORIE,MANY_RISKY_INGREDIENTS"
5.1,7.5,10.2,3.6,277.6,781.7,1,1,0,2,FROZEN_FOODS,49,"ARTIFICIAL_SWEETENER,PRESERVATIVES"
16.8,14.3,17.0,7.9,403.8,325.3,0,1,0,2,PROTEIN_BAR,51,PRESERVATIVES
7.1,3.7,1.2,0.0,99.4,135.6,0,0,0,0,DAIRY_PRODUCTS,87,LOW_FIBER
13.2,17.6,16.4,4.3,391.2,494.7,1,1,1,1,PROTEIN_BAR,14,"TRANS_FAT,ARTIFICIAL_SWEETENER,PRESERVATIVES"
3.2,5.0,23.9,0.5,488.1,1096.3,0,1,0,4,INSTANT_NOODLES_RTE,22,"HIGH_FAT,PRESERVATIVES,LOW_FIBER,HIGH_CALORIE,HIGH_SODIUM,MANY_RISKY_INGREDIENTS"
4.4,34.4,23.7,1.0,521.8,457.5,0,1,0,2,BISCUITS_COOKIES,6,"HIGH_SUGAR,HIGH_FAT,PRESERVATIVES,LOW_FIBER,HIGH_CALORIE"
3.4,21.2,16.0,0.0,211.6,558.0,1,1,0,2,DAIRY_PRODUCTS,28,"HIGH_SUGAR,ARTIFICIAL_SWEETENER,PRESERVATIVES,LOW_FIBER"
13.1,1.1,6.6,6.7,358.8,456.3,0,0,0,1,INSTANT_NOODLES_RTE,90,NONE
3.2,11.2,9.8,0.1,143.7,397.9,0,1,0,1,DAIRY_PRODUCTS,54,"PRESERVATIVES,LOW_FIBER"
3.0,35.2,26.5,0.5,541.5,539.2,1,1,1,2,BISCUITS_COOKIES,0,"HIGH_SUGAR,HIGH_FAT,TRANS_FAT,ARTIFICIAL_SWEETENER,PRESERVATIVES,LOW_FIBER,HIGH_CALORIE"
83.3,1.4,6.2,3.1,370.5,292.3,0,0,0,0,HEALTH_SUPPLEMENTS,88,NONE
13.0,1.4,6.7,6.0,312.9,563.6,0,1,0,0,INSTANT_NOODLES_RTE,92,PRESERVATIVES
10.0,3.9,9.9,5.5,176.0,408.5,0,0,0,0,FROZEN_FOODS,86,NONE
0.0,1.3,0.4,0.4,8.6,76.6,0,0,0,0,BEVERAGES,75,LOW_FIBER
0.3,10.4,0.2,0.0,41.7,166.4,0,1,0,4,BEVERAGES,30,"PRESERVATIVES,LOW_FIBER,MANY_RISKY_INGREDIENTS"
5.9,39.5,13.2,1.5,437.9,407.4,0,0,0,4,BREAKFAST_CEREAL,26,"HIGH_SUGAR,LOW_FIBER,MANY_RISKY_INGREDIENTS"
43.4,6.9,12.0,2.7,381.6,249.1,1,1,0,1,HEALTH_SUPPLEMENTS,58,"ARTIFICIAL_SWEETENER,PRESERVATIVES"
2.8,14.5,24.0,0.9,575.5,909.9,1,1,0,5,SNACKS,9,"HIGH_FAT,ARTIFICIAL_SWEETENER,PRESERVATIVES,LOW_FIBER,HIGH_CALORIE,HIGH_SODIUM,MANY_RISKY_INGREDIENTS"
82.4,1.9,3.3,2.2,352.1,173.7,0,0,0,0,HEALTH_SUPPLEMENTS,93,NONE
9.8,4.7,16.9,3.3,299.4,753.4,1,1,0,1,FROZEN_FOODS,57,"ARTIFICIAL_SWEETENER,PRESERVATIVES"
3.8,23.0,13.9,0.1,150.0,505.7,1,0,0,4,DAIRY_PRODUCTS,24,"HIGH_SUGAR,ARTIFICIAL_SWEETENER,LOW_FIBER,MANY_RISKY_INGREDIENTS"
0.3,9.0,0.3,0.2,25.2,60.9,0,0,0,2,BEVERAGES,39,LOW_FIBER
1.4,2.6,0.4,0.0,14.6,15.0,0,0,0,0,BEVERAGES,68,LOW_FIBER
28.6,2.1,8.4,7.1,327.7,332.7,0,1,0,0,PROTEIN_BAR,92,PRESERVATIVES
9.4,12.8,10.8,6.1,382.9,493.2,0,1,0,1,BREAKFAST_CEREAL,61,PRESERVATIVES
0.5,10.6,0.0,0.0,67.4,319.0,1,1,0,2,ENERGY_DRINKS,16,"ARTIFICIAL_SWEETENER,PRESERVATIVES,LOW_FIBER"
5.8,34.4,13.5,3.4,424.2,598.2,1,1,0,4,BREAKFAST_CEREAL,22,"HIGH_SUGAR,ARTIFICIAL_SWEETENER,PRESERVATIVES,MANY_RISKY_INGREDIENTS"
5.8,8.1,13.1,6.0,412.5,295.9,0,0,0,0,BISCUITS_COOKIES,70,NONE
1.9,17.4,16.7,0.4,185.2,564.7,0,1,0,1,SAUCES_SPREADS,36,"PRESERVATIVES,LOW_FIBER"
4.0,17.0,15.4,0.0,142.5,377.3,1,1,0,2,DAIRY_PRODUCTS,28,"ARTIFICIAL_SWEETENER,PRESERVATIVES,LOW_FIBER"
4.4,10.2,9.9,0.0,142.0,294.7,0,1,0,1,DAIRY_PRODUCTS,54,"PRESERVATIVES,LOW_FIBER"
4.6,39.9,10.0,2.4,419.2,539.7,1,0,0,3,BREAKFAST_CEREAL,25,"HIGH_SUGAR,ARTIFICIAL_SWEETENER,MANY_RISKY_INGREDIENTS"
0.2,12.6,0.0,0.0,55.3,213.8,1,0,0,2,ENERGY_DRINKS,21,"ARTIFICIAL_SWEETENER,LOW_FIBER"
5.7,8.6,8.3,0.3,113.9,364.5,0,0,0,0,DAIRY_PRODUCTS,71,LOW_FIBER
0.2,5.4,0.0,0.0,29.2,204.0,0,1,0,1,ENERGY_DRINKS,45,"PRESERVATIVES,LOW_FIBER"
6.1,40.6,26.7,1.3,481.8,123.6,1,0,0,1,CHOCOLATES_CONFECTIONERY,34,"HIGH_SUGAR,HIGH_FAT,ARTIFICIAL_SWEETENER,LOW_FIBER,HIGH_CALORIE"
3.8,23.7,11.6,0.1,161.6,317.1,1,1,0,4,DAIRY_PRODUCTS,19,"HIGH_SUGAR,ARTIFICIAL_SWEETENER,PRESERVATIVES,LOW_FIBER,MANY_RISKY_INGREDIENTS"
6.7,18.2,18.6,1.1,437.4,496.7,1,0,1,2,BISCUITS_COOKIES,12,"HIGH_FAT,TRANS_FAT,ARTIFICIAL_SWEETENER,LOW_FIBER"
3.8,5.6,20.4,1.1,438.8,1106.2,0,1,1,4,INSTANT_NOODLES_RTE,5,"HIGH_FAT,TRANS_FAT,PRESERVATIVES,LOW_FIBER,HIGH_SODIUM,MANY_RISKY_INGREDIENTS"
10.0,19.4,23.7,2.7,461.6,88.7,0,0,0,1,CHOCOLATES_CONFECTIONERY,66,"HIGH_FAT,HIGH_CALORIE"
44.9,9.3,11.1,3.3,352.1,479.3,1,1,0,2,HEALTH_SUPPLEMENTS,60,"ARTIFICIAL_SWEETENER,PRESERVATIVES"
3.7,52.0,31.6,1.2,539.1,180.0,1,1,0,4,CHOCOLATES_CONFECTIONERY,12,"HIGH_SUGAR,HIGH_FAT,ARTIFICIAL_SWEETENER,PRESERVATIVES,LOW_FIBER,HIGH_CALORIE,MANY_RISKY_INGREDIENTS"
11.9,3.3,9.6,4.8,372.1,575.6,0,0,0,0,INSTANT_NOODLES_RTE,84,NONE
67.4,3.6,4.0,5.8,348.8,212.7,0,0,0,0,HEALTH_SUPPLEMENTS,97,NONE
4.8,17.4,17.6,1.7,433.7,400.9,1,1,0,3,BISCUITS_COOKIES,16,"ARTIFICIAL_SWEETENER,PRESERVATIVES,LOW_FIBER,MANY_RISKY_INGREDIENTS"
3.6,54.6,30.3,0.7,542.8,109.8,1,1,0,4,CHOCOLATES_CONFECTIONERY,12,"HIGH_SUGAR,HIGH_FAT,ARTIFICIAL_SWEETENER,PRESERVATIVES,LOW_FIBER,HIGH_CALORIE,MANY_RISKY_INGREDIENTS"
0.4,13.1,0.4,0.0,62.4,64.3,1,1,0,4,BEVERAGES,17,"ARTIFICIAL_SWEETENER,PRESERVATIVES,LOW_FIBER,MANY_RISKY_INGREDIENTS"
3.1,6.0,28.3,0.5,522.8,853.6,1,1,0,6,SNACKS,13,"HIGH_FAT,ARTIFICIAL_SWEETENER,PRESERVATIVES,LOW_FIBER,HIGH_CALORIE,HIGH_SODIUM,MANY_RISKY_INGREDIENTS"
9.9,20.2,8.7,4.7,404.4,439.9,0,0,0,0,BREAKFAST_CEREAL,61,HIGH_SUGAR
0.8,21.3,27.8,0.2,343.2,878.6,0,1,0,2,SAUCES_SPREADS,26,"HIGH_SUGAR,HIGH_FAT,PRESERVATIVES,LOW_FIBER,HIGH_SODIUM"
3.4,4.5,7.0,1.8,103.0,271.1,0,1,0,1,SAUCES_SPREADS,70,"PRESERVATIVES,LOW_FIBER"
3.3,21.7,10.8,0.3,176.1,476.0,0,1,1,4,DAIRY_PRODUCTS,22,"HIGH_SUGAR,TRANS_FAT,PRESERVATIVES,LOW_FIBER,MANY_RISKY_INGREDIENTS"
6.1,21.4,21.1,4.2,433.9,57.4,0,0,0,0,CHOCOLATES_CONFECTIONERY,66,"HIGH_SUGAR,HIGH_FAT"
9.0,2.5,16.2,2.2,400.0,915.3,0,1,0,3,INSTANT_NOODLES_RTE,57,"PRESERVATIVES,HIGH_SODIUM,MANY_RISKY_INGREDIENTS"
3.7,7.7,23.0,0.2,571.5,795.9,0,1,0,6,SNACKS,21,"HIGH_FAT,PRESERVATIVES,LOW_FIBER,HIGH_CALORIE,MANY_RISKY_INGREDIENTS"
11.7,19.5,21.4,2.1,459.3,572.1,0,1,0,3,PROTEIN_BAR,19,"HIGH_FAT,PRESERVATIVES,HIGH_CALORIE,MANY_RISKY_INGREDIENTS"
0.4,10.0,0.0,0.0,36.2,166.7,1,0,0,1,ENERGY_DRINKS,33,"ARTIFICIAL_SWEETENER,LOW_FIBER"
6.6,3.7,16.9,1.0,391.1,994.4,0,1,0,3,INSTANT_NOODLES_RTE,48,"PRESERVATIVES,LOW_FIBER,HIGH_SODIUM,MANY_RISKY_INGREDIENTS"
10.2,5.3,2.0,1.3,54.6,101.4,0,0,0,0,DAIRY_PRODUCTS,84,LOW_FIBER
2.4,23.3,16.3,0.4,142.9,390.9,0,1,0,4,DAIRY_PRODUCTS,22,"HIGH_SUGAR,PRESERVATIVES,LOW_FIBER,MANY_RISKY_INGREDIENTS"
3.9,5.0,21.1,1.2,466.1,1735.5,0,1,1,4,INSTANT_NOODLES_RTE,7,"HIGH_FAT,TRANS_FAT,PRESERVATIVES,LOW_FIBER,HIGH_CALORIE,HIGH_SODIUM,MANY_RISKY_INGREDIENTS"
3.5,12.5,21.8,1.8,386.8,1122.4,1,1,0,3,FROZEN_FOODS,13,"HIGH_FAT,ARTIFICIAL_SWEETENER,PRESERVATIVES,LOW_FIBER,HIGH_SODIUM,MANY_RISKY_INGREDIENTS"
8.5,7.4,14.8,6.2,421.1,226.5,0,0,0,1,BISCUITS_COOKIES,72,NONE
9.9,31.3,22.6,1.7,450.3,459.5,0,1,0,3,PROTEIN_BAR,0,"HIGH_SUGAR,HIGH_FAT,PRESERVATIVES,LOW_FIBER,HIGH_CALORIE,MANY_RISKY_INGREDIENTS"
11.7,4.2,13.8,5.2,398.7,326.5,0,0,0,1,SNACKS,78,NONE
0.0,1.8,0.2,0.4,16.3,23.2,0,0,0,0,BEVERAGES,75,LOW_FIBER
14.0,1.2,8.5,6.9,319.1,428.4,0,0,0,1,INSTANT_NOODLES_RTE,95,NONE
8.5,9.3,12.4,4.1,391.6,244.2,0,0,0,0,BISCUITS_COOKIES,70,NONE
4.5,12.2,32.3,0.8,552.3,877.1,1,1,0,3,SNACKS,13,"HIGH_FAT,ARTIFICIAL_SWEETENER,PRESERVATIVES,LOW_FIBER,HIGH_CALORIE,HIGH_SODIUM,MANY_RISKY_INGREDIENTS"
0.1,10.8,0.2,0.0,54.6,186.2,0,1,0,2,BEVERAGES,29,"PRESERVATIVES,LOW_FIBER"
3.9,49.0,30.6,0.1,542.3,89.9,1,1,0,2,CHOCOLATES_CONFECTIONERY,23,"HIGH_SUGAR,HIGH_FAT,ARTIFICIAL_SWEETENER,PRESERVATIVES,LOW_FIBER,HIGH_CALORIE"
4.5,3.5,5.9,1.6,142.1,457.9,0,0,0,1,SAUCES_SPREADS,70,LOW_FIBER
12.9,24.9,21.9,2.8,425.5,636.3,0,1,0,4,PROTEIN_BAR,7,"HIGH_SUGAR,HIGH_FAT,PRESERVATIVES,MANY_RISKY_INGREDIENTS"
0.4,13.2,0.0,0.0,60.3,213.3,1,0,0,2,ENERGY_DRINKS,21,"ARTIFICIAL_SWEETENER,LOW_FIBER"
0.0,10.4,0.0,0.0,62.9,214.4,0,0,0,2,ENERGY_DRINKS,29,LOW_FIBER
3.1,8.0,26.5,1.5,552.9,792.6,0,0,1,6,SNACKS,11,"HIGH_FAT,TRANS_FAT,LOW_FIBER,HIGH_CALORIE,MANY_RISKY_INGREDIENTS"
5.1,3.2,4.9,0.6,88.5,174.9,0,0,0,0,DAIRY_PRODUCTS,87,LOW_FIBER
5.1,14.6,6.8,4.4,408.4,343.5,1,0,0,2,BREAKFAST_CEREAL,52,ARTIFICIAL_SWEETENER
8.4,5.8,3.1,1.2,57.8,58.7,0,0,0,0,DAIRY_PRODUCTS,84,LOW_FIBER
7.2,26.2,19.3,2.8,461.3,677.2,0,0,0,3,PROTEIN_BAR,9,"HIGH_SUGAR,HIGH_FAT,HIGH_CALORIE,MANY_RISKY_INGREDIENTS"
14.9,16.2,16.9,7.2,414.3,275.7,1,0,0,3,PROTEIN_BAR,34,"ARTIFICIAL_SWEETENER,MANY_RISKY_INGREDIENTS"
0.1,1.0,0.0,0.0,16.3,90.4,0,0,0,1,ENERGY_DRINKS,73,LOW_FIBER
12.8,5.6,7.8,11.4,354.5,185.6,0,0,0,0,BREAKFAST_CEREAL,91,NONE
3.5,51.0,35.7,1.4,572.4,145.4,1,0,0,2,CHOCOLATES_CONFECTIONERY,13,"HIGH_SUGAR,HIGH_FAT,ARTIFICIAL_SWEETENER,LOW_FIBER,HIGH_CALORIE"
7.0,6.8,22.0,1.6,320.4,1022.0,1,1,0,3,FROZEN_FOODS,28,"HIGH_FAT,ARTIFICIAL_SWEETENER,PRESERVATIVES,LOW_FIBER,HIGH_SODIUM,MANY_RISKY_INGREDIENTS"
3.0,6.8,18.2,1.5,444.2,1766.5,0,1,0,5,INSTANT_NOODLES_RTE,23,"HIGH_FAT,PRESERVATIVES,LOW_FIBER,HIGH_SODIUM,MANY_RISKY_INGREDIENTS"
0.5,12.2,0.2,0.0,62.2,168.6,0,1,0,4,BEVERAGES,25,"PRESERVATIVES,LOW_FIBER,MANY_RISKY_INGREDIENTS"
7.0,16.8,18.9,3.6,472.5,65.7,0,0,0,0,CHOCOLATES_CONFECTIONERY,72,"HIGH_FAT,HIGH_CALORIE"
6.6,5.1,1.2,1.0,80.0,170.4,0,0,0,0,DAIRY_PRODUCTS,80,LOW_FIBER
5.0,6.6,18.6,0.7,378.5,1083.1,1,1,0,4,FROZEN_FOODS,26,"HIGH_FAT,ARTIFICIAL_SWEETENER,PRESERVATIVES,LOW_FIBER,HIGH_SODIUM,MANY_RISKY_INGREDIENTS"
0.1,11.9,0.0,0.0,46.6,360.3,1,1,0,3,ENERGY_DRINKS,19,"ARTIFICIAL_SWEETENER,PRESERVATIVES,LOW_FIBER,MANY_RISKY_INGREDIENTS"
18.4,15.9,10.9,5.0,408.8,315.1,1,1,0,0,PROTEIN_BAR,41,"ARTIFICIAL_SWEETENER,PRESERVATIVES"
1.1,10.2,16.3,0.3,242.2,619.5,1,0,0,2,SAUCES_SPREADS,35,"ARTIFICIAL_SWEETENER,LOW_FIBER"
1.7,22.8,27.6,0.2,338.0,893.4,0,1,0,2,SAUCES_SPREADS,16,"HIGH_SUGAR,HIGH_FAT,PRESERVATIVES,LOW_FIBER,HIGH_SODIUM"
6.1,9.0,8.1,0.1,135.1,314.2,1,0,0,1,DAIRY_PRODUCTS,61,"ARTIFICIAL_SWEETENER,LOW_FIBER"
0.5,2.7,0.1,0.3,20.2,47.7,0,0,0,0,BEVERAGES,63,LOW_FIBER
1.0,0.1,0.0,0.9,7.8,55.6,0,0,0,0,BEVERAGES,75,LOW_FIBER
5.9,23.2,22.3,3.2,412.8,652.9,0,1,1,3,PROTEIN_BAR,0,"HIGH_SUGAR,HIGH_FAT,TRANS_FAT,PRESERVATIVES,MANY_RISKY_INGREDIENTS"
8.9,2.6,16.4,1.6,393.7,792.6,1,1,0,1,INSTANT_NOODLES_RTE,48,"ARTIFICIAL_SWEETENER,PRESERVATIVES,LOW_FIBER"
3.7,26.3,12.8,3.2,449.0,468.2,0,1,0,2,BREAKFAST_CEREAL,30,"HIGH_SUGAR,PRESERVATIVES"
14.3,16.5,13.4,3.7,396.5,264.8,0,1,0,2,PROTEIN_BAR,40,PRESERVATIVES
1.6,0.3,0.2,1.0,20.9,52.2,0,0,0,0,BEVERAGES,70,LOW_FIBER
0.3,13.8,0.0,0.0,63.9,203.6,0,1,0,3,ENERGY_DRINKS,22,"PRESERVATIVES,LOW_FIBER,MANY_RISKY_INGREDIENTS"
23.4,21.8,14.5,1.7,407.5,403.1,0,1,0,4,HEALTH_SUPPLEMENTS,37,"HIGH_SUGAR,PRESERVATIVES,LOW_FIBER,MANY_RISKY_INGREDIENTS"
5.0,3.7,17.5,1.6,451.2,473.5,0,1,0,3,SNACKS,46,"PRESERVATIVES,LOW_FIBER,HIGH_CALORIE,MANY_RISKY_INGREDIENTS"
8.7,4.1,12.9,3.1,425.5,795.0,1,1,0,2,INSTANT_NOODLES_RTE,60,"ARTIFICIAL_SWEETENER,PRESERVATIVES"
12.3,11.6,15.9,7.1,371.9,439.6,1,1,0,2,PROTEIN_BAR,38,"ARTIFICIAL_SWEETENER,PRESERVATIVES"
0.2,14.9,0.0,0.0,61.7,326.9,0,1,0,4,ENERGY_DRINKS,20,"PRESERVATIVES,LOW_FIBER,MANY_RISKY_INGREDIENTS"
60.3,3.2,5.2,6.3,371.2,115.9,0,0,0,0,HEALTH_SUPPLEMENTS,97,NONE
3.0,50.9,39.2,0.2,565.6,198.2,1,1,0,3,CHOCOLATES_CONFECTIONERY,6,"HIGH_SUGAR,HIGH_FAT,ARTIFICIAL_SWEETENER,PRESERVATIVES,LOW_FIBER,HIGH_CALORIE,MANY_RISKY_INGREDIENTS"
0.2,11.0,0.4,0.0,42.5,98.0,0,1,0,4,BEVERAGES,30,"PRESERVATIVES,LOW_FIBER,MANY_RISKY_INGREDIENTS"
4.6,34.3,10.5,4.4,423.6,693.7,1,0,0,3,BREAKFAST_CEREAL,20,"HIGH_SUGAR,ARTIFICIAL_SWEETENER,MANY_RISKY_INGREDIENTS"
2.2,27.6,28.8,0.5,538.6,383.8,1,1,0,3,BISCUITS_COOKIES,0,"HIGH_SUGAR,HIGH_FAT,ARTIFICIAL_SWEETENER,PRESERVATIVES,LOW_FIBER,HIGH_CALORIE,MANY_RISKY_INGREDIENTS"
7.8,21.5,24.4,5.5,466.0,85.2,0,0,0,0,CHOCOLATES_CONFECTIONERY,61,"HIGH_SUGAR,HIGH_FAT,HIGH_CALORIE"
9.4,12.0,6.2,6.3,385.2,268.0,0,0,0,2,BREAKFAST_CEREAL,68,NONE
61.1,4.0,7.5,3.7,368.7,158.4,0,0,0,0,HEALTH_SUPPLEMENTS,93,NONE
4.1,37.6,29.9,1.2,519.1,488.5,1,1,0,5,BISCUITS_COOKIES,0,"HIGH_SUGAR,HIGH_FAT,ARTIFICIAL_SWEETENER,PRESERVATIVES,LOW_FIBER,HIGH_CALORIE,MANY_RISKY_INGREDIENTS"
0.1,0.8,0.0,0.6,10.7,83.3,0,0,0,0,BEVERAGES,75,LOW_FIBER
4.5,41.1,25.5,2.8,522.6,116.8,0,1,0,1,CHOCOLATES_CONFECTIONERY,38,"HIGH_SUGAR,HIGH_FAT,PRESERVATIVES,HIGH_CALORIE"
0.8,6.4,0.0,0.0,35.7,153.6,1,1,0,1,ENERGY_DRINKS,42,"ARTIFICIAL_SWEETENER,PRESERVATIVES,LOW_FIBER"
4.1,37.3,32.4,2.1,481.6,136.9,0,1,0,2,CHOCOLATES_CONFECTIONERY,36,"HIGH_SUGAR,HIGH_FAT,PRESERVATIVES,HIGH_CALORIE"
0.3,7.2,0.0,0.0,44.3,220.4,1,0,0,2,ENERGY_DRINKS,40,"ARTIFICIAL_SWEETENER,LOW_FIBER"
3.8,59.1,32.4,1.0,526.3,107.7,1,1,1,3,CHOCOLATES_CONFECTIONERY,0,"HIGH_SUGAR,HIGH_FAT,TRANS_FAT,ARTIFICIAL_SWEETENER,PRESERVATIVES,LOW_FIBER,HIGH_CALORIE,MANY_RISKY_INGREDIENTS"
45.2,9.4,5.5,2.0,375.3,341.7,0,0,0,1,HEALTH_SUPPLEMENTS,75,NONE
16.7,14.2,13.8,5.2,383.2,377.3,1,1,0,3,PROTEIN_BAR,42,"ARTIFICIAL_SWEETENER,PRESERVATIVES,MANY_RISKY_INGREDIENTS"
19.3,18.0,13.5,0.7,431.7,313.3,0,1,0,2,HEALTH_SUPPLEMENTS,36,"PRESERVATIVES,LOW_FIBER"
6.5,11.4,5.1,0.7,92.7,262.6,1,0,0,2,DAIRY_PRODUCTS,53,"ARTIFICIAL_SWEETENER,LOW_FIBER"
5.7,8.1,24.7,0.6,371.8,1181.6,1,1,0,4,FROZEN_FOODS,21,"HIGH_FAT,ARTIFICIAL_SWEETENER,PRESERVATIVES,LOW_FIBER,HIGH_SODIUM,MANY_RISKY_INGREDIENTS"
0.9,0.8,0.0,0.0,15.0,170.1,0,0,0,1,ENERGY_DRINKS,73,LOW_FIBER
12.2,8.8,7.4,10.8,359.6,287.5,0,0,0,0,BREAKFAST_CEREAL,86,NONE
5.7,6.0,21.5,0.3,438.1,1123.5,0,1,1,3,INSTANT_NOODLES_RTE,11,"HIGH_FAT,TRANS_FAT,PRESERVATIVES,LOW_FIBER,HIGH_SODIUM,MANY_RISKY_INGREDIENTS"
0.5,14.9,0.3,0.0,51.2,66.9,0,1,0,3,BEVERAGES,27,"PRESERVATIVES,LOW_FIBER,MANY_RISKY_INGREDIENTS"
27.0,6.9,5.5,8.9,368.1,221.2,0,0,0,0,PROTEIN_BAR,85,NONE
3.8,49.5,33.8,0.9,554.8,163.9,0,1,0,4,CHOCOLATES_CONFECTIONERY,27,"HIGH_SUGAR,HIGH_FAT,PRESERVATIVES,LOW_FIBER,HIGH_CALORIE,MANY_RISKY_INGREDIENTS"
10.4,2.6,7.6,3.7,351.7,409.0,0,1,0,0,INSTANT_NOODLES_RTE,79,PRESERVATIVES
5.6,5.7,14.1,2.2,487.5,599.0,0,1,0,2,SNACKS,51,"PRESERVATIVES,HIGH_CALORIE"
22.5,7.8,6.6,14.8,342.6,140.7,0,0,0,1,PROTEIN_BAR,92,NONE
0.2,12.4,0.2,0.0,52.2,76.0,1,1,0,2,BEVERAGES,21,"ARTIFICIAL_SWEETENER,PRESERVATIVES,LOW_FIBER"
3.8,37.4,29.9,0.6,547.3,416.8,0,1,0,2,BISCUITS_COOKIES,6,"HIGH_SUGAR,HIGH_FAT,PRESERVATIVES,LOW_FIBER,HIGH_CALORIE"
4.6,6.8,23.8,0.9,451.2,1207.5,0,0,0,3,INSTANT_NOODLES_RTE,22,"HIGH_FAT,LOW_FIBER,HIGH_CALORIE,HIGH_SODIUM,MANY_RISKY_INGREDIENTS"
5.2,7.3,23.8,2.0,315.1,1126.7,0,1,1,4,FROZEN_FOODS,24,"HIGH_FAT,TRANS_FAT,PRESERVATIVES,HIGH_SODIUM,MANY_RISKY_INGREDIENTS"
10.5,4.4,3.9,0.3,92.6,192.2,0,0,0,0,DAIRY_PRODUCTS,91,LOW_FIBER
1.9,2.7,0.4,0.5,22.4,17.4,0,0,0,0,BEVERAGES,63,LOW_FIBER
31.7,9.8,8.3,1.1,417.9,484.7,1,0,0,1,HEALTH_SUPPLEMENTS,62,"ARTIFICIAL_SWEETENER,LOW_FIBER"
0.3,6.0,0.0,0.0,44.0,177.3,1,0,0,2,ENERGY_DRINKS,45,"ARTIFICIAL_SWEETENER,LOW_FIBER"
14.8,27.0,23.3,4.1,457.4,682.4,0,0,1,2,PROTEIN_BAR,0,"HIGH_SUGAR,HIGH_FAT,TRANS_FAT,HIGH_CALORIE"
13.9,19.4,23.8,2.8,451.0,550.6,1,0,0,2,PROTEIN_BAR,18,"HIGH_FAT,ARTIFICIAL_SWEETENER,HIGH_CALORIE"
0.3,10.8,0.1,0.0,60.1,105.8,0,1,0,4,BEVERAGES,25,"PRESERVATIVES,LOW_FIBER,MANY_RISKY_INGREDIENTS"
4.0,37.4,24.4,0.0,531.7,550.2,1,0,1,2,BISCUITS_COOKIES,0,"HIGH_SUGAR,HIGH_FAT,TRANS_FAT,ARTIFICIAL_SWEETENER,LOW_FIBER,HIGH_CALORIE"
6.1,12.8,24.1,0.2,348.8,831.1,0,1,0,5,FROZEN_FOODS,26,"HIGH_FAT,PRESERVATIVES,LOW_FIBER,HIGH_SODIUM,MANY_RISKY_INGREDIENTS"
10.7,5.8,1.3,1.9,76.1,109.9,0,0,0,0,DAIRY_PRODUCTS,84,LOW_FIBER
10.9,3.7,2.9,0.3,85.5,183.4,0,0,0,0,DAIRY_PRODUCTS,91,LOW_FIBER
4.6,8.3,19.5,0.5,302.2,1033.3,1,1,0,3,FROZEN_FOODS,29,"HIGH_FAT,ARTIFICIAL_SWEETENER,PRESERVATIVES,LOW_FIBER,HIGH_SODIUM,MANY_RISKY_INGREDIENTS"
5.1,41.4,26.9,2.4,523.3,95.4,1,1,0,2,CHOCOLATES_CONFECTIONERY,32,"HIGH_SUGAR,HIGH_FAT,ARTIFICIAL_SWEETENER,PRESERVATIVES,HIGH_CALORIE"
13.0,10.8,6.8,11.9,365.6,135.7,0,0,0,0,BREAKFAST_CEREAL,85,NONE
5.8,20.8,10.8,8.3,380.9,320.7,0,0,0,1,BREAKFAST_CEREAL,55,HIGH_SUGAR
0.0,15.0,0.0,0.0,58.5,113.3,0,1,0,4,BEVERAGES,25,"PRESERVATIVES,LOW_FIBER,MANY_RISKY_INGREDIENTS"
3.9,6.9,24.2,0.9,493.7,1301.9,1,0,1,4,INSTANT_NOODLES_RTE,0,"HIGH_FAT,TRANS_FAT,ARTIFICIAL_SWEETENER,LOW_FIBER,HIGH_CALORIE,HIGH_SODIUM,MANY_RISKY_INGREDIENTS"
13.4,32.9,16.4,2.0,487.6,373.1,0,0,0,2,PROTEIN_BAR,21,"HIGH_SUGAR,HIGH_CALORIE"
12.7,2.9,5.2,4.4,376.5,500.1,0,0,0,0,INSTANT_NOODLES_RTE,88,NONE
8.9,12.0,11.0,5.1,392.1,324.7,1,0,0,1,BREAKFAST_CEREAL,54,ARTIFICIAL_SWEETENER
6.2,12.5,5.2,0.4,145.8,181.4,1,1,0,0,DAIRY_PRODUCTS,57,"ARTIFICIAL_SWEETENER,PRESERVATIVES,LOW_FIBER"
3.8,13.1,20.9,0.7,305.8,844.6,1,1,1,4,FROZEN_FOODS,1,"HIGH_FAT,TRANS_FAT,ARTIFICIAL_SWEETENER,PRESERVATIVES,LOW_FIBER,HIGH_SODIUM,MANY_RISKY_INGREDIENTS"
4.5,59.2,39.5,0.1,564.2,99.5,1,0,1,2,CHOCOLATES_CONFECTIONERY,0,"HIGH_SUGAR,HIGH_FAT,TRANS_FAT,ARTIFICIAL_SWEETENER,LOW_FIBER,HIGH_CALORIE"
7.8,5.0,10.7,4.3,393.2,232.9,0,1,0,1,SNACKS,74,PRESERVATIVES
8.3,18.7,16.8,3.7,439.9,53.9,0,0,0,0,CHOCOLATES_CONFECTIONERY,81,NONE
3.6,5.4,5.4,1.3,132.3,463.8,0,0,0,1,SAUCES_SPREADS,63,LOW_FIBER
24.1,15.8,11.7,0.5,472.0,513.0,1,1,0,4,HEALTH_SUPPLEMENTS,24,"ARTIFICIAL_SWEETENER,PRESERVATIVES,LOW_FIBER,HIGH_CALORIE,MANY_RISKY_INGREDIENTS"
14.7,4.8,8.9,7.0,204.4,490.7,0,0,0,0,FROZEN_FOODS,94,NONE
22.9,2.8,9.4,12.8,346.3,144.1,0,1,0,1,PROTEIN_BAR,94,PRESERVATIVES
6.4,4.8,16.8,3.8,457.4,567.5,1,1,0,1,SNACKS,51,"ARTIFICIAL_SWEETENER,PRESERVATIVES,HIGH_CALORIE"
12.4,8.1,2.8,14.7,365.9,160.5,0,0,0,0,BREAKFAST_CEREAL,95,NONE
3.9,63.6,37.6,1.1,530.8,118.8,1,1,0,2,CHOCOLATES_CONFECTIONERY,8,"HIGH_SUGAR,HIGH_FAT,ARTIFICIAL_SWEETENER,PRESERVATIVES,LOW_FIBER,HIGH_CALORIE"
34.1,12.0,8.7,2.6,396.1,232.7,1,0,0,2,HEALTH_SUPPLEMENTS,59,ARTIFICIAL_SWEETENER
1.4,14.6,17.2,0.2,205.7,505.2,0,1,0,1,SAUCES_SPREADS,43,"PRESERVATIVES,LOW_FIBER"
77.5,2.6,7.7,7.8,331.4,270.8,0,0,0,0,HEALTH_SUPPLEMENTS,97,NONE
6.2,7.7,15.3,2.7,486.3,574.7,0,0,0,2,SNACKS,51,HIGH_CALORIE
80.2,1.7,5.1,6.8,320.3,149.2,0,0,0,0,HEALTH_SUPPLEMENTS,100,NONE
2.0,38.5,23.2,2.0,546.8,448.4,1,1,1,5,BISCUITS_COOKIES,0,"HIGH_SUGAR,HIGH_FAT,TRANS_FAT,ARTIFICIAL_SWEETENER,PRESERVATIVES,HIGH_CALORIE,MANY_RISKY_INGREDIENTS"
6.3,19.4,17.8,4.5,479.5,57.0,0,0,0,0,CHOCOLATES_CONFECTIONERY,72,HIGH_CALORIE
81.2,4.6,7.3,7.8,302.2,268.0,0,0,0,0,HEALTH_SUPPLEMENTS,97,NONE
8.2,1.5,9.3,4.1,376.0,516.3,0,0,0,0,INSTANT_NOODLES_RTE,84,NONE
4.3,50.6,33.5,1.8,576.8,183.9,1,1,0,4,CHOCOLATES_CONFECTIONERY,12,"HIGH_SUGAR,HIGH_FAT,ARTIFICIAL_SWEETENER,PRESERVATIVES,LOW_FIBER,HIGH_CALORIE,MANY_RISKY_INGREDIENTS"
12.1,6.3,4.0,14.0,356.2,117.8,0,0,0,0,BREAKFAST_CEREAL,95,NONE
4.6,23.1,20.9,2.0,464.7,442.8,1,0,1,3,BISCUITS_COOKIES,0,"HIGH_SUGAR,HIGH_FAT,TRANS_FAT,ARTIFICIAL_SWEETENER,HIGH_CALORIE,MANY_RISKY_INGREDIENTS"
5.1,30.6,26.3,2.5,480.0,91.7,0,0,0,2,CHOCOLATES_CONFECTIONERY,53,"HIGH_SUGAR,HIGH_FAT,HIGH_CALORIE"
7.1,3.9,1.9,0.0,86.5,243.4,0,0,0,0,DAIRY_PRODUCTS,82,LOW_FIBER
0.3,12.5,0.4,0.0,62.4,213.6,0,0,0,2,BEVERAGES,29,LOW_FIBER
21.1,14.9,16.1,1.6,412.0,414.2,1,1,0,3,HEALTH_SUPPLEMENTS,33,"ARTIFICIAL_SWEETENER,PRESERVATIVES,LOW_FIBER,MANY_RISKY_INGREDIENTS"
7.5,3.9,14.2,3.8,414.3,739.0,0,1,0,3,INSTANT_NOODLES_RTE,62,"PRESERVATIVES,MANY_RISKY_INGREDIENTS"
3.3,6.6,24.3,0.2,564.3,761.0,0,1,0,4,SNACKS,25,"HIGH_FAT,PRESERVATIVES,LOW_FIBER,HIGH_CALORIE,MANY_RISKY_INGREDIENTS"
63.6,1.9,6.0,2.9,309.5,252.9,0,0,0,0,HEALTH_SUPPLEMENTS,89,NONE
0.3,7.4,0.0,0.0,37.7,177.4,1,0,0,1,ENERGY_DRINKS,47,"ARTIFICIAL_SWEETENER,LOW_FIBER"
10.6,4.5,13.1,3.5,413.5,325.3,0,1,0,0,SNACKS,75,PRESERVATIVES
16.3,11.1,13.9,3.6,417.3,414.3,1,0,0,0,PROTEIN_BAR,53,ARTIFICIAL_SWEETENER
3.9,8.2,32.6,1.0,505.7,856.4,1,1,1,5,SNACKS,0,"HIGH_FAT,TRANS_FAT,ARTIFICIAL_SWEETENER,PRESERVATIVES,LOW_FIBER,HIGH_CALORIE,HIGH_SODIUM,MANY_RISKY_INGREDIENTS"
9.1,6.3,2.1,10.7,355.7,202.9,0,1,0,0,BREAKFAST_CEREAL,81,PRESERVATIVES
3.2,46.4,37.8,0.6,546.0,152.8,0,0,0,2,CHOCOLATES_CONFECTIONERY,28,"HIGH_SUGAR,HIGH_FAT,LOW_FIBER,HIGH_CALORIE"
3.9,7.0,27.4,1.5,508.1,838.9,0,1,1,4,SNACKS,10,"HIGH_FAT,TRANS_FAT,PRESERVATIVES,LOW_FIBER,HIGH_CALORIE,HIGH_SODIUM,MANY_RISKY_INGREDIENTS"
4.9,2.7,4.4,1.5,155.7,326.8,0,0,0,1,SAUCES_SPREADS,74,LOW_FIBER
0.2,7.4,0.0,0.0,31.7,157.5,1,1,0,1,ENERGY_DRINKS,42,"ARTIFICIAL_SWEETENER,PRESERVATIVES,LOW_FIBER"
0.1,2.9,0.0,0.0,9.5,63.8,0,0,0,1,ENERGY_DRINKS,66,LOW_FIBER
3.9,29.0,22.1,1.9,497.6,502.8,1,1,0,5,BISCUITS_COOKIES,0,"HIGH_SUGAR,HIGH_FAT,ARTIFICIAL_SWEETENER,PRESERVATIVES,LOW_FIBER,HIGH_CALORIE,MANY_RISKY_INGREDIENTS"
56.0,11.6,5.7,1.6,416.1,421.0,1,0,0,1,HEALTH_SUPPLEMENTS,56,"ARTIFICIAL_SWEETENER,LOW_FIBER"
4.0,9.1,22.2,1.2,520.2,925.1,1,1,1,4,SNACKS,2,"HIGH_FAT,TRANS_FAT,ARTIFICIAL_SWEETENER,PRESERVATIVES,LOW_FIBER,HIGH_CALORIE,HIGH_SODIUM,MANY_RISKY_INGREDIENTS"
0.1,10.0,0.2,0.0,58.7,232.9,1,0,0,2,BEVERAGES,21,"ARTIFICIAL_SWEETENER,LOW_FIBER"
30.3,9.1,9.3,3.6,366.9,414.2,0,0,0,2,HEALTH_SUPPLEMENTS,77,NONE
6.7,2.9,9.6,4.2,383.8,314.7,0,1,0,1,SNACKS,73,PRESERVATIVES
12.8,17.5,16.7,7.0,407.6,479.8,1,0,0,0,PROTEIN_BAR,40,ARTIFICIAL_SWEETENER
0.3,10.3,0.0,0.0,54.3,384.2,1,1,0,2,ENERGY_DRINKS,16,"ARTIFICIAL_SWEETENER,PRESERVATIVES,LOW_FIBER"
9.5,6.7,16.3,2.4,286.7,574.5,1,1,0,3,FROZEN_FOODS,47,"ARTIFICIAL_SWEETENER,PRESERVATIVES,MANY_RISKY_INGREDIENTS"
3.3,55.0,37.9,1.2,532.1,138.5,1,1,0,4,CHOCOLATES_CONFECTIONERY,4,"HIGH_SUGAR,HIGH_FAT,ARTIFICIAL_SWEETENER,PRESERVATIVES,LOW_FIBER,HIGH_CALORIE,MANY_RISKY_INGREDIENTS"
9.1,32.4,17.6,1.6,416.0,328.2,0,1,1,2,PROTEIN_BAR,0,"HIGH_SUGAR,TRANS_FAT,PRESERVATIVES,LOW_FIBER"
7.0,3.1,21.4,2.3,473.2,513.7,1,0,1,1,SNACKS,32,"HIGH_FAT,TRANS_FAT,ARTIFICIAL_SWEETENER,HIGH_CALORIE"
0.8,2.4,0.0,0.0,14.5,106.0,0,0,0,1,ENERGY_DRINKS,66,LOW_FIBER
0.3,2.7,0.0,0.0,6.2,174.3,0,0,0,0,ENERGY_DRINKS,68,LOW_FIBER
0.8,9.4,0.3,0.2,33.3,52.0,0,0,0,2,BEVERAGES,39,LOW_FIBER
3.6,4.2,14.0,3.2,483.9,578.7,0,0,0,3,SNACKS,61,"HIGH_CALORIE,MANY_RISKY_INGREDIENTS"
0.2,29.5,25.0,0.1,305.4,1017.7,0,1,0,3,SAUCES_SPREADS,4,"HIGH_SUGAR,HIGH_FAT,PRESERVATIVES,LOW_FIBER,HIGH_SODIUM,MANY_RISKY_INGREDIENTS"
9.9,5.7,16.0,3.6,291.1,623.6,1,0,0,1,FROZEN_FOODS,55,ARTIFICIAL_SWEETENER
0.0,9.7,0.7,0.2,43.7,115.9,1,0,0,0,BEVERAGES,35,"ARTIFICIAL_SWEETENER,LOW_FIBER"
4.0,60.5,39.5,1.6,556.7,178.6,1,1,1,4,CHOCOLATES_CONFECTIONERY,0,"HIGH_SUGAR,HIGH_FAT,TRANS_FAT,ARTIFICIAL_SWEETENER,PRESERVATIVES,LOW_FIBER,HIGH_CALORIE,MANY_RISKY_INGREDIENTS"
1.0,17.2,13.4,0.8,278.6,837.3,0,0,0,1,SAUCES_SPREADS,43,"LOW_FIBER,HIGH_SODIUM"
0.2,9.3,0.0,0.0,47.1,193.3,0,0,0,2,ENERGY_DRINKS,39,LOW_FIBER
2.8,26.0,14.1,2.6,427.1,690.4,0,1,0,3,BREAKFAST_CEREAL,19,"HIGH_SUGAR,PRESERVATIVES,MANY_RISKY_INGREDIENTS"
1.0,7.8,0.3,0.1,32.0,105.9,0,0,0,2,BEVERAGES,53,LOW_FIBER
5.6,11.7,18.1,0.4,366.2,993.6,0,1,1,5,FROZEN_FOODS,11,"HIGH_FAT,TRANS_FAT,PRESERVATIVES,LOW_FIBER,HIGH_SODIUM,MANY_RISKY_INGREDIENTS"
4.3,5.7,21.6,0.7,477.4,1606.8,0,1,1,5,INSTANT_NOODLES_RTE,0,"HIGH_FAT,TRANS_FAT,PRESERVATIVES,LOW_FIBER,HIGH_CALORIE,HIGH_SODIUM,MANY_RISKY_INGREDIENTS"
0.2,12.0,0.0,0.0,49.0,251.6,1,1,0,3,ENERGY_DRINKS,19,"ARTIFICIAL_SWEETENER,PRESERVATIVES,LOW_FIBER,MANY_RISKY_INGREDIENTS"
3.6,12.6,26.0,0.8,557.0,893.1,1,0,0,4,SNACKS,16,"HIGH_FAT,ARTIFICIAL_SWEETENER,LOW_FIBER,HIGH_CALORIE,HIGH_SODIUM,MANY_RISKY_INGREDIENTS"
6.0,10.5,23.8,0.3,344.4,980.3,1,1,0,3,FROZEN_FOODS,22,"HIGH_FAT,ARTIFICIAL_SWEETENER,PRESERVATIVES,LOW_FIBER,HIGH_SODIUM,MANY_RISKY_INGREDIENTS"
3.9,29.9,24.2,0.4,528.6,365.6,1,1,1,4,BISCUITS_COOKIES,0,"HIGH_SUGAR,HIGH_FAT,TRANS_FAT,ARTIFICIAL_SWEETENER,PRESERVATIVES,LOW_FIBER,HIGH_CALORIE,MANY_RISKY_INGREDIENTS"
7.9,8.5,20.2,3.2,449.0,504.3,0,0,0,3,SNACKS,53,"HIGH_FAT,MANY_RISKY_INGREDIENTS"
4.6,60.7,34.3,0.4,550.9,160.4,1,1,0,4,CHOCOLATES_CONFECTIONERY,12,"HIGH_SUGAR,HIGH_FAT,ARTIFICIAL_SWEETENER,PRESERVATIVES,LOW_FIBER,HIGH_CALORIE,MANY_RISKY_INGREDIENTS"
12.7,8.9,18.0,4.6,402.4,442.0,1,1,0,2,PROTEIN_BAR,40,"ARTIFICIAL_SWEETENER,PRESERVATIVES"
13.9,36.7,19.1,1.1,408.0,424.9,0,0,1,2,PROTEIN_BAR,6,"HIGH_SUGAR,HIGH_FAT,TRANS_FAT,LOW_FIBER"
10.9,4.5,11.4,6.1,431.9,346.7,0,0,0,0,SNACKS,84,NONE
5.8,18.9,16.6,2.8,476.4,482.3,0,1,0,3,BISCUITS_COOKIES,28,"PRESERVATIVES,HIGH_CALORIE,MANY_RISKY_INGREDIENTS"
3.9,61.1,37.2,1.2,523.2,118.2,1,1,0,4,CHOCOLATES_CONFECTIONERY,4,"HIGH_SUGAR,HIGH_FAT,ARTIFICIAL_SWEETENER,PRESERVATIVES,LOW_FIBER,HIGH_CALORIE,MANY_RISKY_INGREDIENTS"
72.5,3.8,6.2,5.9,322.0,131.2,0,0,0,0,HEALTH_SUPPLEMENTS,98,NONE
0.2,8.5,0.0,0.0,36.4,233.6,1,0,0,2,ENERGY_DRINKS,26,"ARTIFICIAL_SWEETENER,LOW_FIBER"
4.4,35.5,13.9,4.2,448.0,560.8,0,1,0,2,BREAKFAST_CEREAL,30,"HIGH_SUGAR,PRESERVATIVES"
33.8,5.5,9.1,8.5,304.2,109.5,0,0,0,1,PROTEIN_BAR,93,NONE
20.8,16.8,15.3,4.1,410.4,465.8,0,1,0,2,PROTEIN_BAR,45,PRESERVATIVES
3.1,7.5,22.4,1.9,462.6,1677.9,0,1,0,5,INSTANT_NOODLES_RTE,13,"HIGH_FAT,PRESERVATIVES,LOW_FIBER,HIGH_CALORIE,HIGH_SODIUM,MANY_RISKY_INGREDIENTS"
6.4,13.5,18.9,0.8,307.1,884.3,0,1,0,4,FROZEN_FOODS,33,"HIGH_FAT,PRESERVATIVES,LOW_FIBER,HIGH_SODIUM,MANY_RISKY_INGREDIENTS"
5.6,9.9,15.3,1.3,440.5,488.9,0,1,0,2,SNACKS,46,"PRESERVATIVES,LOW_FIBER"
0.4,6.5,0.0,0.0,49.4,134.0,1,1,0,2,ENERGY_DRINKS,40,"ARTIFICIAL_SWEETENER,PRESERVATIVES,LOW_FIBER"
5.6,4.5,2.2,1.1,90.2,77.4,0,0,0,0,DAIRY_PRODUCTS,87,LOW_FIBER
0.2,11.9,0.0,0.0,61.9,138.3,1,1,0,4,BEVERAGES,17,"ARTIFICIAL_SWEETENER,PRESERVATIVES,LOW_FIBER,MANY_RISKY_INGREDIENTS"
1.7,11.9,11.5,0.5,299.0,765.7,0,0,0,1,SAUCES_SPREADS,50,LOW_FIBER
0.8,9.7,0.0,0.0,25.4,204.6,0,1,0,2,ENERGY_DRINKS,29,"PRESERVATIVES,LOW_FIBER"
5.6,6.9,26.0,0.2,369.9,966.5,1,1,1,3,FROZEN_FOODS,8,"HIGH_FAT,TRANS_FAT,ARTIFICIAL_SWEETENER,PRESERVATIVES,LOW_FIBER,HIGH_SODIUM,MANY_RISKY_INGREDIENTS"
4.2,55.3,38.7,0.8,578.2,189.8,1,0,0,2,CHOCOLATES_CONFECTIONERY,13,"HIGH_SUGAR,HIGH_FAT,ARTIFICIAL_SWEETENER,LOW_FIBER,HIGH_CALORIE"
3.7,23.3,17.0,3.8,478.5,392.8,0,0,0,3,BISCUITS_COOKIES,23,"HIGH_SUGAR,HIGH_CALORIE,MANY_RISKY_INGREDIENTS"
78.2,3.3,4.0,7.9,302.0,150.5,0,0,0,0,HEALTH_SUPPLEMENTS,100,NONE
2.7,50.3,30.0,1.7,567.6,144.1,1,0,0,4,CHOCOLATES_CONFECTIONERY,17,"HIGH_SUGAR,HIGH_FAT,ARTIFICIAL_SWEETENER,LOW_FIBER,HIGH_CALORIE,MANY_RISKY_INGREDIENTS"
23.6,7.7,11.6,11.1,374.0,335.7,0,0,0,0,PROTEIN_BAR,80,NONE
12.0,31.5,22.6,3.1,470.4,674.1,0,1,0,4,PROTEIN_BAR,6,"HIGH_SUGAR,HIGH_FAT,PRESERVATIVES,HIGH_CALORIE,MANY_RISKY_INGREDIENTS"
2.1,57.9,32.3,1.3,548.1,166.0,0,1,0,2,CHOCOLATES_CONFECTIONERY,24,"HIGH_SUGAR,HIGH_FAT,PRESERVATIVES,LOW_FIBER,HIGH_CALORIE"
5.0,13.0,31.8,0.4,526.9,932.8,1,1,0,5,SNACKS,13,"HIGH_FAT,ARTIFICIAL_SWEETENER,PRESERVATIVES,LOW_FIBER,HIGH_CALORIE,HIGH_SODIUM,MANY_RISKY_INGREDIENTS"
9.0,5.6,16.0,1.4,299.5,571.1,0,1,1,2,FROZEN_FOODS,37,"TRANS_FAT,PRESERVATIVES,LOW_FIBER"
0.0,2.5,0.3,0.8,9.7,37.8,0,0,0,0,BEVERAGES,68,LOW_FIBER
14.9,8.4,15.1,6.0,395.7,257.7,0,1,0,3,PROTEIN_BAR,50,"PRESERVATIVES,MANY_RISKY_INGREDIENTS"
7.6,5.4,17.6,3.0,472.6,536.7,0,1,0,2,SNACKS,50,"PRESERVATIVES,HIGH_CALORIE"
10.9,3.3,5.0,1.1,99.2,237.8,0,0,0,0,DAIRY_PRODUCTS,86,LOW_FIBER
2.2,26.4,9.1,3.4,407.5,690.4,0,1,0,3,BREAKFAST_CEREAL,27,"HIGH_SUGAR,PRESERVATIVES,MANY_RISKY_INGREDIENTS"
0.8,8.8,0.6,0.5,41.3,163.6,0,0,0,0,BEVERAGES,43,LOW_FIBER
6.6,42.8,28.6,2.5,494.8,79.9,0,0,0,2,CHOCOLATES_CONFECTIONERY,45,"HIGH_SUGAR,HIGH_FAT,HIGH_CALORIE"
4.7,23.3,15.8,3.2,456.6,322.0,0,0,0,2,BISCUITS_COOKIES,25,"HIGH_SUGAR,HIGH_CALORIE"
5.5,4.2,17.4,2.0,421.3,897.6,1,1,0,3,INSTANT_NOODLES_RTE,45,"ARTIFICIAL_SWEETENER,PRESERVATIVES,HIGH_SODIUM,MANY_RISKY_INGREDIENTS"
5.2,24.4,15.6,1.8,469.0,274.7,0,0,0,2,BISCUITS_COOKIES,20,"HIGH_SUGAR,LOW_FIBER,HIGH_CALORIE"
9.6,22.4,15.3,4.6,451.9,37.2,0,0,0,1,CHOCOLATES_CONFECTIONERY,67,"HIGH_SUGAR,HIGH_CALORIE"
46.8,6.7,8.0,4.2,352.2,434.6,0,0,0,2,HEALTH_SUPPLEMENTS,77,NONE
8.7,2.9,13.9,5.9,388.3,372.2,0,1,0,0,SNACKS,75,PRESERVATIVES
33.4,6.8,6.1,5.5,344.6,146.8,0,1,0,1,PROTEIN_BAR,84,PRESERVATIVES
0.2,5.7,0.6,0.4,40.6,91.4,0,0,0,0,BEVERAGES,57,LOW_FIBER
0.8,1.8,0.5,0.3,10.0,67.1,0,0,0,0,BEVERAGES,75,LOW_FIBER
4.2,35.7,8.5,2.7,405.8,583.8,1,1,0,4,BREAKFAST_CEREAL,18,"HIGH_SUGAR,ARTIFICIAL_SWEETENER,PRESERVATIVES,MANY_RISKY_INGREDIENTS"
5.0,8.8,20.5,2.8,462.4,513.8,0,0,0,2,SNACKS,46,"HIGH_FAT,HIGH_CALORIE"
8.4,16.8,16.6,5.3,422.5,59.3,0,0,0,1,CHOCOLATES_CONFECTIONERY,79,NONE
6.2,17.0,10.1,9.7,378.8,465.9,1,1,0,0,BREAKFAST_CEREAL,44,"ARTIFICIAL_SWEETENER,PRESERVATIVES"
6.6,5.3,13.5,5.0,402.2,378.7,0,0,0,0,BISCUITS_COOKIES,66,NONE
11.7,17.4,16.1,5.1,450.0,60.4,0,0,0,0,CHOCOLATES_CONFECTIONERY,76,NONE
4.1,13.4,6.1,0.9,123.6,357.1,1,1,0,2,DAIRY_PRODUCTS,44,"ARTIFICIAL_SWEETENER,PRESERVATIVES,LOW_FIBER"
4.1,9.0,20.6,2.3,447.9,545.6,0,1,0,1,SNACKS,44,"HIGH_FAT,PRESERVATIVES"
11.2,3.3,6.5,3.8,156.6,471.8,0,0,0,1,FROZEN_FOODS,84,NONE
0.2,5.9,0.0,0.0,35.5,251.5,1,0,0,2,ENERGY_DRINKS,40,"ARTIFICIAL_SWEETENER,LOW_FIBER"
0.0,10.8,0.0,0.0,53.4,215.4,0,1,0,3,ENERGY_DRINKS,22,"PRESERVATIVES,LOW_FIBER,MANY_RISKY_INGREDIENTS"
0.2,2.6,0.0,0.0,18.9,112.9,0,0,0,1,ENERGY_DRINKS,66,LOW_FIBER
74.3,2.6,2.2,5.5,300.9,257.5,0,0,0,0,HEALTH_SUPPLEMENTS,97,NONE
1.8,19.7,13.4,0.3,265.1,608.6,1,0,0,2,SAUCES_SPREADS,33,"ARTIFICIAL_SWEETENER,LOW_FIBER"
7.9,3.5,1.9,0.6,63.0,67.5,0,0,0,0,DAIRY_PRODUCTS,87,LOW_FIBER
2.8,4.0,7.2,0.2,81.7,425.7,0,0,0,1,SAUCES_SPREADS,70,LOW_FIBER
3.5,58.9,35.5,0.4,532.5,94.5,1,1,1,4,CHOCOLATES_CONFECTIONERY,0,"HIGH_SUGAR,HIGH_FAT,TRANS_FAT,ARTIFICIAL_SWEETENER,PRESERVATIVES,LOW_FIBER,HIGH_CALORIE,MANY_RISKY_INGREDIENTS"
3.6,4.2,20.6,2.8,460.3,650.7,0,1,0,3,SNACKS,39,"HIGH_FAT,PRESERVATIVES,HIGH_CALORIE,MANY_RISKY_INGREDIENTS"
5.8,4.6,13.3,7.0,388.5,336.4,0,0,0,0,SNACKS,80,NONE
3.6,5.8,22.5,2.0,502.4,922.3,1,0,0,5,SNACKS,25,"HIGH_FAT,ARTIFICIAL_SWEETENER,HIGH_CALORIE,HIGH_SODIUM,MANY_RISKY_INGREDIENTS"
6.5,17.9,18.3,2.9,450.6,356.9,0,1,1,2,BISCUITS_COOKIES,15,"HIGH_FAT,TRANS_FAT,PRESERVATIVES,HIGH_CALORIE"
0.3,14.1,0.0,0.0,58.9,355.9,0,1,0,4,ENERGY_DRINKS,20,"PRESERVATIVES,LOW_FIBER,MANY_RISKY_INGREDIENTS"
14.9,24.5,17.1,4.1,425.3,646.2,0,0,1,4,PROTEIN_BAR,6,"HIGH_SUGAR,TRANS_FAT,MANY_RISKY_INGREDIENTS"
19.9,20.8,14.8,1.8,454.6,472.6,1,0,0,2,HEALTH_SUPPLEMENTS,28,"HIGH_SUGAR,ARTIFICIAL_SWEETENER,LOW_FIBER,HIGH_CALORIE"
0.5,29.4,27.0,0.1,287.2,891.7,1,1,0,2,SAUCES_SPREADS,8,"HIGH_SUGAR,HIGH_FAT,ARTIFICIAL_SWEETENER,PRESERVATIVES,LOW_FIBER,HIGH_SODIUM"
12.2,7.9,2.8,8.2,368.7,301.7,0,0,0,0,BREAKFAST_CEREAL,86,NONE
0.2,12.7,0.0,0.0,49.4,259.2,1,1,0,2,ENERGY_DRINKS,21,"ARTIFICIAL_SWEETENER,PRESERVATIVES,LOW_FIBER"
5.8,4.1,12.9,2.6,305.6,538.2,1,1,0,2,FROZEN_FOODS,57,"ARTIFICIAL_SWEETENER,PRESERVATIVES"
4.2,12.8,34.9,1.2,524.6,1118.8,1,1,0,3,SNACKS,3,"HIGH_FAT,ARTIFICIAL_SWEETENER,PRESERVATIVES,LOW_FIBER,HIGH_CALORIE,HIGH_SODIUM,MANY_RISKY_INGREDIENTS"
83.1,2.3,2.8,4.7,303.4,236.9,0,0,0,0,HEALTH_SUPPLEMENTS,97,NONE
17.6,11.4,11.1,3.5,408.2,475.5,1,0,0,3,PROTEIN_BAR,47,"ARTIFICIAL_SWEETENER,MANY_RISKY_INGREDIENTS"
82.3,1.1,3.9,5.3,311.9,118.4,0,0,0,0,HEALTH_SUPPLEMENTS,100,NONE
4.5,24.0,14.4,0.4,170.7,499.9,1,0,0,2,DAIRY_PRODUCTS,28,"HIGH_SUGAR,ARTIFICIAL_SWEETENER,LOW_FIBER"
5.6,5.3,13.9,5.0,385.3,216.5,0,1,0,0,SNACKS,69,PRESERVATIVES
16.8,11.2,13.9,7.3,391.5,408.4,0,1,0,3,PROTEIN_BAR,54,"PRESERVATIVES,MANY_RISKY_INGREDIENTS"
6.3,7.2,13.4,4.0,238.3,734.1,0,1,0,3,FROZEN_FOODS,55,"PRESERVATIVES,MANY_RISKY_INGREDIENTS"
2.7,49.5,35.5,1.0,536.9,94.7,0,1,0,4,CHOCOLATES_CONFECTIONERY,19,"HIGH_SUGAR,HIGH_FAT,PRESERVATIVES,LOW_FIBER,HIGH_CALORIE,MANY_RISKY_INGREDIENTS"
5.2,17.3,19.5,3.5,432.1,374.5,1,0,0,2,BISCUITS_COOKIES,36,"HIGH_FAT,ARTIFICIAL_SWEETENER"
6.2,10.7,25.3,0.7,364.1,986.5,0,1,0,5,FROZEN_FOODS,21,"HIGH_FAT,PRESERVATIVES,LOW_FIBER,HIGH_SODIUM,MANY_RISKY_INGREDIENTS"
2.1,29.7,22.5,1.5,529.1,399.4,1,1,1,3,BISCUITS_COOKIES,0,"HIGH_SUGAR,HIGH_FAT,TRANS_FAT,ARTIFICIAL_SWEETENER,PRESERVATIVES,LOW_FIBER,HIGH_CALORIE,MANY_RISKY_INGREDIENTS"
2.9,12.5,9.2,0.6,296.3,651.1,0,0,0,2,SAUCES_SPREADS,52,LOW_FIBER
5.0,31.8,24.8,0.8,488.1,565.0,1,1,1,5,BISCUITS_COOKIES,0,"HIGH_SUGAR,HIGH_FAT,TRANS_FAT,ARTIFICIAL_SWEETENER,PRESERVATIVES,LOW_FIBER,HIGH_CALORIE,MANY_RISKY_INGREDIENTS"
0.1,9.1,0.9,0.3,44.1,72.7,0,1,0,0,BEVERAGES,38,"PRESERVATIVES,LOW_FIBER"
6.7,13.3,7.7,5.0,399.4,262.6,0,0,0,0,BREAKFAST_CEREAL,64,NONE
6.3,7.1,11.7,6.4,409.6,229.7,0,0,0,1,BISCUITS_COOKIES,68,NONE
5.2,13.0,21.7,1.2,352.4,927.6,0,1,0,4,FROZEN_FOODS,23,"HIGH_FAT,PRESERVATIVES,LOW_FIBER,HIGH_SODIUM,MANY_RISKY_INGREDIENTS"
57.5,7.5,7.1,1.8,397.5,296.9,1,0,0,1,HEALTH_SUPPLEMENTS,62,"ARTIFICIAL_SWEETENER,LOW_FIBER"
0.8,7.3,0.4,0.5,25.2,184.3,0,1,0,1,BEVERAGES,50,"PRESERVATIVES,LOW_FIBER"
81.8,1.1,3.4,5.4,328.1,222.1,0,0,0,0,HEALTH_SUPPLEMENTS,97,NONE
0.1,8.0,0.0,0.0,47.6,176.6,0,0,0,1,ENERGY_DRINKS,55,LOW_FIBER
1.4,12.6,13.0,0.1,206.2,874.2,0,1,0,1,SAUCES_SPREADS,45,"PRESERVATIVES,LOW_FIBER,HIGH_SODIUM"
0.9,0.5,0.0,0.0,11.2,52.1,0,0,0,0,ENERGY_DRINKS,75,LOW_FIBER
12.9,3.5,8.9,4.1,367.0,508.6,0,0,0,0,INSTANT_NOODLES_RTE,88,NONE
64.6,1.8,4.3,2.3,331.8,202.3,0,0,0,0,HEALTH_SUPPLEMENTS,93,NONE
2.8,27.9,25.8,0.0,481.8,466.0,1,1,0,3,BISCUITS_COOKIES,0,"HIGH_SUGAR,HIGH_FAT,ARTIFICIAL_SWEETENER,PRESERVATIVES,LOW_FIBER,HIGH_CALORIE,MANY_RISKY_INGREDIENTS"
6.6,15.4,16.9,4.2,458.7,33.2,0,0,0,0,CHOCOLATES_CONFECTIONERY,72,HIGH_CALORIE
5.5,3.5,1.5,0.2,75.9,99.2,0,0,0,0,DAIRY_PRODUCTS,87,LOW_FIBER
12.1,3.2,5.2,6.7,307.3,457.2,0,0,0,0,INSTANT_NOODLES_RTE,97,NONE
10.0,3.3,7.1,5.6,346.4,404.4,0,1,0,1,INSTANT_NOODLES_RTE,82,PRESERVATIVES
3.6,39.4,22.9,1.0,491.9,315.3,1,1,0,2,BISCUITS_COOKIES,0,"HIGH_SUGAR,HIGH_FAT,ARTIFICIAL_SWEETENER,PRESERVATIVES,LOW_FIBER,HIGH_CALORIE"
8.9,16.4,9.4,7.9,403.8,297.5,0,1,0,0,BREAKFAST_CEREAL,60,PRESERVATIVES
21.8,9.8,16.4,4.7,401.2,326.0,1,1,0,0,PROTEIN_BAR,54,"ARTIFICIAL_SWEETENER,PRESERVATIVES"
13.9,32.4,19.6,3.7,461.9,527.4,0,1,1,2,PROTEIN_BAR,5,"HIGH_SUGAR,HIGH_FAT,TRANS_FAT,PRESERVATIVES,HIGH_CALORIE"
11.6,5.6,4.6,2.0,60.4,121.1,0,0,0,0,DAIRY_PRODUCTS,84,NONE
0.4,6.8,0.0,0.0,39.8,215.1,0,0,0,1,ENERGY_DRINKS,50,LOW_FIBER
36.3,10.2,5.2,2.4,404.6,369.2,0,1,0,0,HEALTH_SUPPLEMENTS,66,PRESERVATIVES
5.2,6.1,21.4,0.3,448.3,1335.3,1,1,0,4,INSTANT_NOODLES_RTE,16,"HIGH_FAT,ARTIFICIAL_SWEETENER,PRESERVATIVES,LOW_FIBER,HIGH_SODIUM,MANY_RISKY_INGREDIENTS"
6.1,4.9,12.1,2.8,435.9,752.3,0,0,0,1,INSTANT_NOODLES_RTE,67,NONE
5.6,9.3,15.6,1.1,491.7,594.3,1,1,1,3,SNACKS,16,"TRANS_FAT,ARTIFICIAL_SWEETENER,PRESERVATIVES,LOW_FIBER,HIGH_CALORIE,MANY_RISKY_INGREDIENTS"
5.7,5.9,19.3,0.5,443.9,1197.5,0,1,0,4,INSTANT_NOODLES_RTE,29,"HIGH_FAT,PRESERVATIVES,LOW_FIBER,HIGH_SODIUM,MANY_RISKY_INGREDIENTS"
0.1,5.4,0.2,0.3,29.3,92.5,0,1,0,2,BEVERAGES,48,"PRESERVATIVES,LOW_FIBER"
4.0,13.0,34.1,0.0,512.3,1143.1,0,1,1,4,SNACKS,0,"HIGH_FAT,TRANS_FAT,PRESERVATIVES,LOW_FIBER,HIGH_CALORIE,HIGH_SODIUM,MANY_RISKY_INGREDIENTS"
4.2,7.9,33.4,0.1,518.5,1148.7,0,1,0,3,SNACKS,17,"HIGH_FAT,PRESERVATIVES,LOW_FIBER,HIGH_CALORIE,HIGH_SODIUM,MANY_RISKY_INGREDIENTS"
6.4,4.7,20.1,3.3,458.8,552.7,0,1,0,3,SNACKS,50,"HIGH_FAT,PRESERVATIVES,HIGH_CALORIE,MANY_RISKY_INGREDIENTS"
1.5,30.4,29.6,0.2,295.7,1270.2,1,1,0,3,SAUCES_SPREADS,0,"HIGH_SUGAR,HIGH_FAT,ARTIFICIAL_SWEETENER,PRESERVATIVES,LOW_FIBER,HIGH_SODIUM,MANY_RISKY_INGREDIENTS"
4.7,21.5,20.2,1.7,450.3,317.3,0,1,1,3,BISCUITS_COOKIES,0,"HIGH_SUGAR,HIGH_FAT,TRANS_FAT,PRESERVATIVES,LOW_FIBER,HIGH_CALORIE,MANY_RISKY_INGREDIENTS"
8.1,2.6,15.9,2.9,371.8,936.4,1,0,1,2,INSTANT_NOODLES_RTE,41,"TRANS_FAT,ARTIFICIAL_SWEETENER,HIGH_SODIUM"
7.4,6.2,17.4,3.6,300.7,582.1,1,0,1,2,FROZEN_FOODS,39,"TRANS_FAT,ARTIFICIAL_SWEETENER"
12.0,1.7,6.2,4.2,305.1,435.4,0,0,0,0,INSTANT_NOODLES_RTE,93,NONE
3.7,3.4,7.7,1.7,93.4,435.0,0,1,0,0,SAUCES_SPREADS,67,"PRESERVATIVES,LOW_FIBER"
12.8,14.5,15.0,6.2,371.5,457.9,1,0,0,2,PROTEIN_BAR,48,ARTIFICIAL_SWEETENER
5.0,6.2,20.8,1.2,451.6,1381.8,1,1,1,5,INSTANT_NOODLES_RTE,0,"HIGH_FAT,TRANS_FAT,ARTIFICIAL_SWEETENER,PRESERVATIVES,LOW_FIBER,HIGH_CALORIE,HIGH_SODIUM,MANY_RISKY_INGREDIENTS"
4.0,35.5,24.9,1.8,530.8,333.8,1,1,0,3,BISCUITS_COOKIES,0,"HIGH_SUGAR,HIGH_FAT,ARTIFICIAL_SWEETENER,PRESERVATIVES,LOW_FIBER,HIGH_CALORIE,MANY_RISKY_INGREDIENTS"
48.9,6.9,6.7,4.8,370.9,432.7,0,0,0,1,HEALTH_SUPPLEMENTS,79,NONE
7.9,5.6,16.9,2.0,471.2,560.2,1,1,0,2,SNACKS,38,"ARTIFICIAL_SWEETENER,PRESERVATIVES,HIGH_CALORIE"
4.9,10.7,9.3,0.5,118.1,252.7,1,1,0,1,DAIRY_PRODUCTS,46,"ARTIFICIAL_SWEETENER,PRESERVATIVES,LOW_FIBER"
0.3,24.2,18.6,0.5,359.3,1322.5,0,1,0,4,SAUCES_SPREADS,2,"HIGH_SUGAR,HIGH_FAT,PRESERVATIVES,LOW_FIBER,HIGH_SODIUM,MANY_RISKY_INGREDIENTS"
4.4,7.3,18.7,1.1,465.9,1225.1,1,1,1,3,INSTANT_NOODLES_RTE,0,"HIGH_FAT,TRANS_FAT,ARTIFICIAL_SWEETENER,PRESERVATIVES,LOW_FIBER,HIGH_CALORIE,HIGH_SODIUM,MANY_RISKY_INGREDIENTS"
2.9,35.6,10.2,2.0,403.7,623.2,1,0,0,3,BREAKFAST_CEREAL,16,"HIGH_SUGAR,ARTIFICIAL_SWEETENER,MANY_RISKY_INGREDIENTS"
9.3,5.3,4.4,13.6,360.2,211.0,0,0,0,0,BREAKFAST_CEREAL,86,NONE
1.5,30.1,18.4,0.3,284.5,1365.6,0,1,0,3,SAUCES_SPREADS,9,"HIGH_SUGAR,HIGH_FAT,PRESERVATIVES,LOW_FIBER,HIGH_SODIUM,MANY_RISKY_INGREDIENTS"
9.0,37.0,17.7,3.1,485.9,430.4,1,0,0,5,PROTEIN_BAR,6,"HIGH_SUGAR,ARTIFICIAL_SWEETENER,HIGH_CALORIE,MANY_RISKY_INGREDIENTS"
11.9,5.9,1.5,1.1,59.2,135.6,0,0,0,0,DAIRY_PRODUCTS,84,LOW_FIBER
6.7,3.5,17.3,3.7,404.5,799.0,0,1,0,3,INSTANT_NOODLES_RTE,57,"PRESERVATIVES,MANY_RISKY_INGREDIENTS"
1.6,11.6,15.8,0.1,256.2,549.5,0,1,0,1,SAUCES_SPREADS,43,"PRESERVATIVES,LOW_FIBER"
10.4,19.7,24.6,2.0,486.0,367.5,1,0,0,2,PROTEIN_BAR,18,"HIGH_FAT,ARTIFICIAL_SWEETENER,HIGH_CALORIE"
4.7,13.2,33.5,0.4,522.7,844.5,0,1,0,5,SNACKS,17,"HIGH_FAT,PRESERVATIVES,LOW_FIBER,HIGH_CALORIE,HIGH_SODIUM,MANY_RISKY_INGREDIENTS"
2.6,31.7,28.6,1.3,508.8,499.0,0,1,1,3,BISCUITS_COOKIES,0,"HIGH_SUGAR,HIGH_FAT,TRANS_FAT,PRESERVATIVES,LOW_FIBER,HIGH_CALORIE,MANY_RISKY_INGREDIENTS"
24.1,7.7,11.7,8.5,303.4,153.7,0,0,0,0,PROTEIN_BAR,86,NONE
10.6,16.1,24.8,3.5,466.5,54.0,0,0,0,0,CHOCOLATES_CONFECTIONERY,72,"HIGH_FAT,HIGH_CALORIE"
5.7,11.6,14.4,7.4,411.3,361.7,0,0,0,0,BISCUITS_COOKIES,64,NONE
6.3,4.5,14.1,1.4,411.8,944.3,0,0,0,3,INSTANT_NOODLES_RTE,58,"LOW_FIBER,HIGH_SODIUM,MANY_RISKY_INGREDIENTS"
2.9,15.9,13.3,0.8,265.5,577.3,0,1,0,1,SAUCES_SPREADS,41,"PRESERVATIVES,LOW_FIBER"
5.1,4.4,17.3,1.2,474.5,663.4,1,0,0,1,SNACKS,44,"ARTIFICIAL_SWEETENER,LOW_FIBER,HIGH_CALORIE"
7.1,3.3,4.6,0.0,74.2,74.6,0,0,0,0,DAIRY_PRODUCTS,87,LOW_FIBER
5.4,4.3,15.5,3.1,386.8,833.1,0,0,1,2,INSTANT_NOODLES_RTE,49,"TRANS_FAT,HIGH_SODIUM"
3.0,8.7,31.9,0.7,576.2,1069.0,1,1,0,5,SNACKS,5,"HIGH_FAT,ARTIFICIAL_SWEETENER,PRESERVATIVES,LOW_FIBER,HIGH_CALORIE,HIGH_SODIUM,MANY_RISKY_INGREDIENTS"
36.8,10.2,11.4,2.7,373.9,488.5,0,0,0,1,HEALTH_SUPPLEMENTS,65,NONE
10.7,34.8,23.1,2.4,443.4,639.4,0,1,1,4,PROTEIN_BAR,0,"HIGH_SUGAR,HIGH_FAT,TRANS_FAT,PRESERVATIVES,MANY_RISKY_INGREDIENTS"
4.5,9.0,22.7,0.8,553.9,925.2,1,1,1,6,SNACKS,0,"HIGH_FAT,TRANS_FAT,ARTIFICIAL_SWEETENER,PRESERVATIVES,LOW_FIBER,HIGH_CALORIE,HIGH_SODIUM,MANY_RISKY_INGREDIENTS"
0.3,11.0,0.0,0.0,52.3,349.7,1,1,0,2,ENERGY_DRINKS,16,"ARTIFICIAL_SWEETENER,PRESERVATIVES,LOW_FIBER"
0.9,27.1,28.8,0.3,364.9,976.5,1,0,0,3,SAUCES_SPREADS,6,"HIGH_SUGAR,HIGH_FAT,ARTIFICIAL_SWEETENER,LOW_FIBER,HIGH_SODIUM,MANY_RISKY_INGREDIENTS"
0.5,29.9,28.1,0.3,298.4,1309.7,1,1,1,3,SAUCES_SPREADS,0,"HIGH_SUGAR,HIGH_FAT,TRANS_FAT,ARTIFICIAL_SWEETENER,PRESERVATIVES,LOW_FIBER,HIGH_SODIUM,MANY_RISKY_INGREDIENTS"
5.6,15.7,21.3,1.4,446.4,453.9,0,0,0,3,BISCUITS_COOKIES,28,"HIGH_FAT,LOW_FIBER,MANY_RISKY_INGREDIENTS"
1.7,0.3,0.2,0.7,10.5,83.6,0,0,0,0,BEVERAGES,75,LOW_FIBER
3.6,57.7,32.0,0.4,522.5,98.3,1,1,0,4,CHOCOLATES_CONFECTIONERY,12,"HIGH_SUGAR,HIGH_FAT,ARTIFICIAL_SWEETENER,PRESERVATIVES,LOW_FIBER,HIGH_CALORIE,MANY_RISKY_INGREDIENTS"
0.4,14.7,0.0,0.0,58.2,251.8,0,1,0,2,ENERGY_DRINKS,24,"PRESERVATIVES,LOW_FIBER"
5.1,20.6,19.2,1.5,449.0,404.3,1,1,1,1,BISCUITS_COOKIES,9,"HIGH_SUGAR,HIGH_FAT,TRANS_FAT,ARTIFICIAL_SWEETENER,PRESERVATIVES,LOW_FIBER"
1.4,16.7,14.2,0.6,238.8,711.5,0,1,0,2,SAUCES_SPREADS,36,"PRESERVATIVES,LOW_FIBER"
2.6,46.7,34.4,1.3,546.3,91.5,1,1,1,4,CHOCOLATES_CONFECTIONERY,4,"HIGH_SUGAR,HIGH_FAT,TRANS_FAT,ARTIFICIAL_SWEETENER,PRESERVATIVES,LOW_FIBER,HIGH_CALORIE,MANY_RISKY_INGREDIENTS"
0.7,9.2,0.0,0.0,46.6,163.2,1,0,0,2,ENERGY_DRINKS,31,"ARTIFICIAL_SWEETENER,LOW_FIBER"
12.6,11.2,15.4,4.7,362.6,284.4,0,0,0,3,PROTEIN_BAR,45,MANY_RISKY_INGREDIENTS
8.4,2.5,13.5,3.5,396.5,994.4,0,1,0,2,INSTANT_NOODLES_RTE,68,"PRESERVATIVES,HIGH_SODIUM"
0.0,1.3,0.0,0.0,17.7,89.4,0,0,0,0,ENERGY_DRINKS,75,LOW_FIBER
8.7,20.8,20.7,3.3,438.9,37.5,0,0,0,1,CHOCOLATES_CONFECTIONERY,68,"HIGH_SUGAR,HIGH_FAT"
10.6,24.7,24.7,5.5,456.0,79.1,0,0,0,1,CHOCOLATES_CONFECTIONERY,63,"HIGH_SUGAR,HIGH_FAT,HIGH_CALORIE"
1.9,14.8,15.6,0.3,218.2,869.9,0,1,0,1,SAUCES_SPREADS,40,"PRESERVATIVES,LOW_FIBER,HIGH_SODIUM"
3.3,34.8,27.2,2.0,485.1,125.2,1,1,0,2,CHOCOLATES_CONFECTIONERY,36,"HIGH_SUGAR,HIGH_FAT,ARTIFICIAL_SWEETENER,PRESERVATIVES,HIGH_CALORIE"
2.2,58.7,39.3,1.2,527.6,137.3,1,1,1,2,CHOCOLATES_CONFECTIONERY,0,"HIGH_SUGAR,HIGH_FAT,TRANS_FAT,ARTIFICIAL_SWEETENER,PRESERVATIVES,LOW_FIBER,HIGH_CALORIE"
24.4,13.7,12.5,0.6,472.7,528.1,1,1,0,2,HEALTH_SUPPLEMENTS,35,"ARTIFICIAL_SWEETENER,PRESERVATIVES,LOW_FIBER,HIGH_CALORIE"
0.2,8.1,0.0,0.2,34.4,72.2,1,0,0,2,BEVERAGES,31,"ARTIFICIAL_SWEETENER,LOW_FIBER"
79.2,2.7,5.4,2.1,302.8,189.2,0,0,0,0,HEALTH_SUPPLEMENTS,94,NONE
3.2,37.6,29.0,2.3,511.1,62.1,1,0,0,1,CHOCOLATES_CONFECTIONERY,35,"HIGH_SUGAR,HIGH_FAT,ARTIFICIAL_SWEETENER,HIGH_CALORIE"
2.6,11.0,12.3,0.6,205.8,751.0,1,1,0,1,SAUCES_SPREADS,37,"ARTIFICIAL_SWEETENER,PRESERVATIVES,LOW_FIBER"
6.2,3.6,13.5,1.6,436.8,975.6,0,1,0,2,INSTANT_NOODLES_RTE,55,"PRESERVATIVES,LOW_FIBER,HIGH_SODIUM"
3.9,13.5,31.6,1.1,552.3,837.0,1,1,0,4,SNACKS,11,"HIGH_FAT,ARTIFICIAL_SWEETENER,PRESERVATIVES,LOW_FIBER,HIGH_CALORIE,HIGH_SODIUM,MANY_RISKY_INGREDIENTS"
5.3,5.2,13.8,1.5,261.9,620.0,0,1,1,3,FROZEN_FOODS,31,"TRANS_FAT,PRESERVATIVES,LOW_FIBER,MANY_RISKY_INGREDIENTS"
2.3,14.2,15.0,0.4,240.6,502.9,1,1,0,1,SAUCES_SPREADS,40,"ARTIFICIAL_SWEETENER,PRESERVATIVES,LOW_FIBER"
8.6,5.6,2.9,0.7,76.8,193.5,0,0,0,0,DAIRY_PRODUCTS,84,LOW_FIBER
44.3,7.7,11.8,3.8,355.8,458.9,0,0,0,2,HEALTH_SUPPLEMENTS,73,NONE
7.4,33.1,33.3,2.1,482.7,147.2,0,0,0,2,CHOCOLATES_CONFECTIONERY,53,"HIGH_SUGAR,HIGH_FAT,HIGH_CALORIE"
2.9,48.9,31.3,0.6,566.8,120.7,0,0,0,3,CHOCOLATES_CONFECTIONERY,34,"HIGH_SUGAR,HIGH_FAT,LOW_FIBER,HIGH_CALORIE,MANY_RISKY_INGREDIENTS"
9.9,16.9,6.3,9.3,388.4,412.9,1,0,0,0,BREAKFAST_CEREAL,57,ARTIFICIAL_SWEETENER
0.4,10.4,0.0,0.0,46.2,203.9,0,1,0,3,ENERGY_DRINKS,27,"PRESERVATIVES,LOW_FIBER,MANY_RISKY_INGREDIENTS"
79.6,1.0,6.6,7.4,334.6,207.1,0,0,0,0,HEALTH_SUPPLEMENTS,97,NONE
2.0,19.1,15.9,0.5,293.4,522.9,1,0,0,2,SAUCES_SPREADS,31,"ARTIFICIAL_SWEETENER,LOW_FIBER"
0.1,12.8,0.2,0.0,60.6,191.8,1,1,0,4,BEVERAGES,17,"ARTIFICIAL_SWEETENER,PRESERVATIVES,LOW_FIBER,MANY_RISKY_INGREDIENTS"
7.9,3.4,12.4,1.2,378.1,960.9,0,1,0,1,INSTANT_NOODLES_RTE,57,"PRESERVATIVES,LOW_FIBER,HIGH_SODIUM"
5.1,35.8,24.5,1.4,416.1,684.3,1,0,0,4,PROTEIN_BAR,0,"HIGH_SUGAR,HIGH_FAT,ARTIFICIAL_SWEETENER,LOW_FIBER,MANY_RISKY_INGREDIENTS"
2.6,13.7,34.4,0.5,570.6,748.5,0,0,0,6,SNACKS,20,"HIGH_FAT,LOW_FIBER,HIGH_CALORIE,MANY_RISKY_INGREDIENTS"
6.9,3.3,2.2,0.2,83.4,76.7,0,0,0,0,DAIRY_PRODUCTS,87,LOW_FIBER
2.0,24.0,10.2,0.1,142.6,400.8,1,1,0,2,DAIRY_PRODUCTS,23,"HIGH_SUGAR,ARTIFICIAL_SWEETENER,PRESERVATIVES,LOW_FIBER"
5.5,33.9,25.1,2.3,505.6,94.6,1,1,0,2,CHOCOLATES_CONFECTIONERY,40,"HIGH_SUGAR,HIGH_FAT,ARTIFICIAL_SWEETENER,PRESERVATIVES,HIGH_CALORIE"
74.2,4.5,5.5,6.3,329.8,118.5,0,0,0,0,HEALTH_SUPPLEMENTS,100,NONE
1.2,2.2,0.1,0.6,16.0,53.8,0,0,0,0,BEVERAGES,68,LOW_FIBER
3.0,13.9,24.1,0.3,521.3,759.8,0,0,1,3,SNACKS,11,"HIGH_FAT,TRANS_FAT,LOW_FIBER,HIGH_CALORIE,MANY_RISKY_INGREDIENTS"
5.5,38.9,22.1,1.0,476.4,505.6,1,1,0,2,PROTEIN_BAR,0,"HIGH_SUGAR,HIGH_FAT,ARTIFICIAL_SWEETENER,PRESERVATIVES,LOW_FIBER,HIGH_CALORIE"
3.0,8.9,17.0,2.5,440.5,573.0,1,0,0,3,SNACKS,42,"ARTIFICIAL_SWEETENER,MANY_RISKY_INGREDIENTS"
0.2,11.3,0.1,0.0,41.8,89.8,0,1,0,3,BEVERAGES,32,"PRESERVATIVES,LOW_FIBER,MANY_RISKY_INGREDIENTS"
10.0,3.1,12.6,6.6,380.4,327.3,0,0,0,1,SNACKS,82,NONE
3.3,9.4,25.9,1.4,528.7,833.9,0,0,1,3,SNACKS,17,"HIGH_FAT,TRANS_FAT,LOW_FIBER,HIGH_CALORIE,HIGH_SODIUM,MANY_RISKY_INGREDIENTS"
35.5,6.6,9.4,5.0,404.4,267.8,0,1,0,1,HEALTH_SUPPLEMENTS,74,PRESERVATIVES
19.4,17.8,15.8,2.1,479.0,367.5,1,1,1,2,HEALTH_SUPPLEMENTS,8,"TRANS_FAT,ARTIFICIAL_SWEETENER,PRESERVATIVES,HIGH_CALORIE"
4.7,4.4,21.3,0.7,470.6,1711.2,1,1,0,5,INSTANT_NOODLES_RTE,12,"HIGH_FAT,ARTIFICIAL_SWEETENER,PRESERVATIVES,LOW_FIBER,HIGH_CALORIE,HIGH_SODIUM,MANY_RISKY_INGREDIENTS"
67.4,4.7,2.7,5.9,304.2,189.2,0,0,0,0,HEALTH_SUPPLEMENTS,100,NONE
14.5,4.6,8.5,3.4,227.6,452.0,0,1,0,0,FROZEN_FOODS,85,PRESERVATIVES
11.5,4.3,6.3,6.2,175.2,455.9,0,0,0,0,FROZEN_FOODS,90,NONE
5.2,16.3,19.8,3.4,438.2,276.1,0,1,0,1,BISCUITS_COOKIES,41,"HIGH_FAT,PRESERVATIVES"
21.5,13.7,15.9,1.9,425.3,486.5,0,1,1,4,HEALTH_SUPPLEMENTS,24,"TRANS_FAT,PRESERVATIVES,LOW_FIBER,MANY_RISKY_INGREDIENTS"
0.8,9.8,0.5,0.3,36.4,189.9,1,0,0,2,BEVERAGES,31,"ARTIFICIAL_SWEETENER,LOW_FIBER"
6.9,7.2,19.2,4.0,444.5,505.8,0,0,0,3,SNACKS,58,"HIGH_FAT,MANY_RISKY_INGREDIENTS"
4.1,33.1,9.8,4.1,437.6,576.5,0,0,0,2,BREAKFAST_CEREAL,39,HIGH_SUGAR
2.7,4.8,7.6,1.3,96.7,357.6,0,0,0,1,SAUCES_SPREADS,70,LOW_FIBER
11.6,36.0,22.5,3.8,430.7,322.8,0,1,0,5,PROTEIN_BAR,14,"HIGH_SUGAR,HIGH_FAT,PRESERVATIVES,MANY_RISKY_INGREDIENTS"
10.3,24.7,24.8,4.0,472.2,81.6,0,0,0,1,CHOCOLATES_CONFECTIONERY,63,"HIGH_SUGAR,HIGH_FAT,HIGH_CALORIE"
1.3,19.4,11.5,0.4,260.6,633.6,0,1,0,1,SAUCES_SPREADS,38,"PRESERVATIVES,LOW_FIBER"
10.9,4.3,2.4,1.1,54.6,201.3,0,0,0,0,DAIRY_PRODUCTS,86,LOW_FIBER
0.4,0.6,0.0,0.6,21.8,6.7,0,0,0,0,BEVERAGES,70,LOW_FIBER
9.4,5.0,7.7,4.1,249.5,491.6,0,0,0,0,FROZEN_FOODS,86,NONE
25.7,20.9,17.1,2.1,422.7,508.2,1,1,0,4,HEALTH_SUPPLEMENTS,34,"HIGH_SUGAR,ARTIFICIAL_SWEETENER,PRESERVATIVES,MANY_RISKY_INGREDIENTS"
1.7,13.3,14.0,0.3,273.2,528.3,1,1,0,2,SAUCES_SPREADS,38,"ARTIFICIAL_SWEETENER,PRESERVATIVES,LOW_FIBER"
7.8,34.5,25.2,1.9,481.7,145.4,0,1,0,1,CHOCOLATES_CONFECTIONERY,45,"HIGH_SUGAR,HIGH_FAT,PRESERVATIVES,LOW_FIBER,HIGH_CALORIE"
75.5,1.2,4.9,2.1,373.7,295.2,0,0,0,0,HEALTH_SUPPLEMENTS,88,NONE
2.4,11.5,25.0,0.3,554.7,996.8,1,1,0,5,SNACKS,9,"HIGH_FAT,ARTIFICIAL_SWEETENER,PRESERVATIVES,LOW_FIBER,HIGH_CALORIE,HIGH_SODIUM,MANY_RISKY_INGREDIENTS"
4.9,7.4,2.3,1.7,118.7,277.7,0,1,0,0,SAUCES_SPREADS,69,"PRESERVATIVES,LOW_FIBER"
2.6,57.3,32.2,1.1,561.0,78.5,1,1,0,3,CHOCOLATES_CONFECTIONERY,14,"HIGH_SUGAR,HIGH_FAT,ARTIFICIAL_SWEETENER,PRESERVATIVES,LOW_FIBER,HIGH_CALORIE,MANY_RISKY_INGREDIENTS"
1.1,1.5,0.3,0.1,13.5,48.0,0,0,0,0,BEVERAGES,75,LOW_FIBER
3.6,5.9,25.1,0.3,510.0,882.9,0,1,0,5,SNACKS,23,"HIGH_FAT,PRESERVATIVES,LOW_FIBER,HIGH_CALORIE,HIGH_SODIUM,MANY_RISKY_INGREDIENTS"
0.2,1.3,0.0,0.0,12.7,71.1,0,0,0,0,ENERGY_DRINKS,75,LOW_FIBER
30.4,6.0,11.9,14.9,354.9,173.1,0,0,0,0,PROTEIN_BAR,90,NONE
5.7,4.9,22.4,0.9,460.6,1248.3,1,1,1,3,INSTANT_NOODLES_RTE,5,"HIGH_FAT,TRANS_FAT,ARTIFICIAL_SWEETENER,PRESERVATIVES,LOW_FIBER,HIGH_CALORIE,HIGH_SODIUM,MANY_RISKY_INGREDIENTS"
4.2,50.1,30.7,0.5,574.7,145.0,1,0,1,2,CHOCOLATES_CONFECTIONERY,6,"HIGH_SUGAR,HIGH_FAT,TRANS_FAT,ARTIFICIAL_SWEETENER,LOW_FIBER,HIGH_CALORIE"
2.4,13.2,25.1,1.3,532.4,998.0,0,0,1,5,SNACKS,7,"HIGH_FAT,TRANS_FAT,LOW_FIBER,HIGH_CALORIE,HIGH_SODIUM,MANY_RISKY_INGREDIENTS"
5.0,7.1,25.4,1.3,577.2,1157.9,1,1,0,5,SNACKS,9,"HIGH_FAT,ARTIFICIAL_SWEETENER,PRESERVATIVES,LOW_FIBER,HIGH_CALORIE,HIGH_SODIUM,MANY_RISKY_INGREDIENTS"
12.4,2.6,6.1,6.1,316.3,452.1,0,0,0,1,INSTANT_NOODLES_RTE,95,NONE
3.2,27.5,29.9,1.6,499.7,321.0,0,0,0,3,BISCUITS_COOKIES,9,"HIGH_SUGAR,HIGH_FAT,LOW_FIBER,HIGH_CALORIE,MANY_RISKY_INGREDIENTS"
7.4,12.6,9.3,9.9,384.4,425.9,0,0,0,2,BREAKFAST_CEREAL,64,NONE
6.3,19.3,20.6,2.8,474.3,352.7,1,1,0,1,BISCUITS_COOKIES,19,"HIGH_FAT,ARTIFICIAL_SWEETENER,PRESERVATIVES,HIGH_CALORIE"
5.1,5.5,9.4,4.1,424.2,280.0,0,0,0,0,SNACKS,78,NONE
7.9,4.7,14.1,1.1,418.3,983.6,0,1,0,2,INSTANT_NOODLES_RTE,55,"PRESERVATIVES,LOW_FIBER,HIGH_SODIUM"
1.5,22.2,28.5,0.1,397.9,1068.0,0,1,0,2,SAUCES_SPREADS,1,"HIGH_SUGAR,HIGH_FAT,PRESERVATIVES,LOW_FIBER,HIGH_SODIUM"
3.8,59.8,30.3,1.1,523.2,155.2,0,1,1,2,CHOCOLATES_CONFECTIONERY,9,"HIGH_SUGAR,HIGH_FAT,TRANS_FAT,PRESERVATIVES,LOW_FIBER,HIGH_CALORIE"
1.3,12.9,16.7,0.9,180.1,737.7,1,1,0,1,SAUCES_SPREADS,32,"ARTIFICIAL_SWEETENER,PRESERVATIVES,LOW_FIBER"
0.3,2.5,0.0,0.0,11.9,123.0,0,0,0,1,ENERGY_DRINKS,66,LOW_FIBER
4.7,31.8,23.2,1.9,512.1,354.5,0,0,0,2,BISCUITS_COOKIES,11,"HIGH_SUGAR,HIGH_FAT,LOW_FIBER,HIGH_CALORIE"
3.7,32.8,8.6,4.9,433.3,485.6,1,0,1,2,BREAKFAST_CEREAL,16,"HIGH_SUGAR,TRANS_FAT,ARTIFICIAL_SWEETENER"
5.9,22.8,19.7,2.8,474.6,269.7,0,0,1,3,BISCUITS_COOKIES,8,"HIGH_SUGAR,HIGH_FAT,TRANS_FAT,HIGH_CALORIE,MANY_RISKY_INGREDIENTS"
0.3,11.3,0.1,0.0,50.3,96.9,0,1,0,4,BEVERAGES,25,"PRESERVATIVES,LOW_FIBER,MANY_RISKY_INGREDIENTS"
15.0,11.0,4.4,14.9,369.5,285.5,0,0,0,0,BREAKFAST_CEREAL,84,NONE
2.9,52.4,37.7,1.6,544.0,192.1,1,1,0,2,CHOCOLATES_CONFECTIONERY,8,"HIGH_SUGAR,HIGH_FAT,ARTIFICIAL_SWEETENER,PRESERVATIVES,LOW_FIBER,HIGH_CALORIE"
5.9,38.6,23.3,4.2,420.1,622.0,1,0,1,4,PROTEIN_BAR,0,"HIGH_SUGAR,HIGH_FAT,TRANS_FAT,ARTIFICIAL_SWEETENER,MANY_RISKY_INGREDIENTS"
73.4,3.3,5.9,2.1,376.8,108.9,0,0,0,0,HEALTH_SUPPLEMENTS,89,NONE
0.7,5.1,0.0,0.0,26.2,219.9,0,1,0,1,ENERGY_DRINKS,45,"PRESERVATIVES,LOW_FIBER"
3.4,7.8,18.0,3.3,469.1,487.3,0,0,1,1,SNACKS,38,"TRANS_FAT,HIGH_CALORIE"
4.6,3.4,22.4,0.5,486.3,1654.3,1,1,0,4,INSTANT_NOODLES_RTE,14,"HIGH_FAT,ARTIFICIAL_SWEETENER,PRESERVATIVES,LOW_FIBER,HIGH_CALORIE,HIGH_SODIUM,MANY_RISKY_INGREDIENTS"
28.2,5.3,5.6,9.2,368.3,356.8,0,0,0,1,PROTEIN_BAR,83,NONE
8.1,3.3,1.1,1.2,98.0,230.6,0,0,0,0,DAIRY_PRODUCTS,86,LOW_FIBER
6.9,3.3,12.6,7.0,403.1,304.5,0,0,0,0,SNACKS,80,NONE
8.5,10.3,8.7,5.5,420.7,387.2,0,0,0,0,BISCUITS_COOKIES,68,NONE
23.0,17.1,16.8,1.5,437.8,447.1,1,1,0,2,HEALTH_SUPPLEMENTS,28,"ARTIFICIAL_SWEETENER,PRESERVATIVES,LOW_FIBER"
0.2,9.0,0.5,0.2,27.1,85.8,1,0,0,1,BEVERAGES,33,"ARTIFICIAL_SWEETENER,LOW_FIBER"
24.8,5.3,8.9,8.6,335.8,389.7,0,0,0,0,PROTEIN_BAR,85,NONE
6.1,4.9,12.5,3.0,386.6,846.8,0,1,1,1,INSTANT_NOODLES_RTE,51,"TRANS_FAT,PRESERVATIVES,HIGH_SODIUM"
7.3,20.2,9.8,5.1,402.8,328.7,0,0,0,1,BREAKFAST_CEREAL,55,HIGH_SUGAR
5.9,3.4,3.3,1.5,66.1,56.9,0,0,0,0,DAIRY_PRODUCTS,87,LOW_FIBER
4.0,31.8,8.3,3.9,426.4,460.6,0,0,1,2,BREAKFAST_CEREAL,24,"HIGH_SUGAR,TRANS_FAT"
0.3,5.8,0.0,0.0,32.1,175.2,1,1,0,2,ENERGY_DRINKS,40,"ARTIFICIAL_SWEETENER,PRESERVATIVES,LOW_FIBER"
8.7,3.2,9.7,5.5,230.2,366.6,0,0,0,0,FROZEN_FOODS,86,NONE
4.3,16.7,14.1,0.2,190.0,583.9,1,1,0,3,DAIRY_PRODUCTS,31,"ARTIFICIAL_SWEETENER,PRESERVATIVES,LOW_FIBER,MANY_RISKY_INGREDIENTS"
5.2,5.2,3.9,0.3,91.8,81.0,0,0,0,0,DAIRY_PRODUCTS,80,LOW_FIBER
13.1,4.7,5.3,4.8,170.5,391.6,0,1,0,1,FROZEN_FOODS,83,PRESERVATIVES
14.8,11.7,11.3,7.4,350.7,464.7,1,0,0,0,PROTEIN_BAR,52,ARTIFICIAL_SWEETENER
13.1,11.9,11.9,3.1,375.2,226.9,0,0,0,1,PROTEIN_BAR,54,NONE
2.0,34.6,9.0,4.7,404.7,686.5,1,0,1,4,BREAKFAST_CEREAL,7,"HIGH_SUGAR,TRANS_FAT,ARTIFICIAL_SWEETENER,MANY_RISKY_INGREDIENTS"
1.5,2.8,0.2,0.3,20.8,69.8,0,0,0,0,BEVERAGES,63,LOW_FIBER
0.8,1.1,0.4,0.8,8.1,39.8,0,0,0,0,BEVERAGES,75,LOW_FIBER
4.2,6.2,3.1,0.7,65.9,388.5,0,0,0,1,SAUCES_SPREADS,67,LOW_FIBER
0.8,28.7,28.9,0.3,300.9,1065.1,1,1,0,4,SAUCES_SPREADS,0,"HIGH_SUGAR,HIGH_FAT,ARTIFICIAL_SWEETENER,PRESERVATIVES,LOW_FIBER,HIGH_SODIUM,MANY_RISKY_INGREDIENTS"
0.5,10.5,0.0,0.0,58.6,348.1,1,1,0,2,ENERGY_DRINKS,16,"ARTIFICIAL_SWEETENER,PRESERVATIVES,LOW_FIBER"
1.4,5.3,7.4,0.6,99.2,234.7,0,0,0,0,SAUCES_SPREADS,70,LOW_FIBER
6.3,7.7,19.2,1.7,315.7,1189.9,1,1,1,5,FROZEN_FOODS,14,"HIGH_FAT,TRANS_FAT,ARTIFICIAL_SWEETENER,PRESERVATIVES,LOW_FIBER,HIGH_SODIUM,MANY_RISKY_INGREDIENTS"
76.0,2.4,7.6,2.4,344.0,218.2,0,0,0,0,HEALTH_SUPPLEMENTS,89,NONE
0.3,13.0,0.0,0.0,66.2,308.2,1,1,0,2,ENERGY_DRINKS,16,"ARTIFICIAL_SWEETENER,PRESERVATIVES,LOW_FIBER"
71.1,1.6,2.6,5.2,306.8,160.6,0,0,0,0,HEALTH_SUPPLEMENTS,100,NONE
1.0,6.6,0.0,0.0,46.7,276.3,0,0,0,2,ENERGY_DRINKS,48,LOW_FIBER
8.9,16.4,8.4,8.7,385.3,332.9,0,0,0,2,BREAKFAST_CEREAL,61,NONE
9.8,34.0,18.2,2.4,419.4,524.8,0,0,0,4,PROTEIN_BAR,17,"HIGH_SUGAR,HIGH_FAT,MANY_RISKY_INGREDIENTS"
5.3,3.7,14.7,3.0,392.1,904.8,1,0,1,2,INSTANT_NOODLES_RTE,46,"TRANS_FAT,ARTIFICIAL_SWEETENER,HIGH_SODIUM"
0.8,0.3,0.1,0.4,20.2,90.5,0,0,0,0,BEVERAGES,70,LOW_FIBER
8.2,6.6,16.6,2.3,236.6,582.1,1,1,0,3,FROZEN_FOODS,47,"ARTIFICIAL_SWEETENER,PRESERVATIVES,MANY_RISKY_INGREDIENTS"
0.0,7.8,0.0,0.0,48.0,293.7,1,0,0,1,ENERGY_DRINKS,42,"ARTIFICIAL_SWEETENER,LOW_FIBER"
0.8,2.7,0.0,0.0,13.1,144.4,0,0,0,1,ENERGY_DRINKS,66,LOW_FIBER
5.5,10.0,18.6,1.8,361.5,877.1,1,1,0,5,FROZEN_FOODS,24,"HIGH_FAT,ARTIFICIAL_SWEETENER,PRESERVATIVES,LOW_FIBER,HIGH_SODIUM,MANY_RISKY_INGREDIENTS"
4.8,46.1,31.1,0.3,561.4,146.8,1,1,0,3,CHOCOLATES_CONFECTIONERY,21,"HIGH_SUGAR,HIGH_FAT,ARTIFICIAL_SWEETENER,PRESERVATIVES,LOW_FIBER,HIGH_CALORIE,MANY_RISKY_INGREDIENTS"
0.6,5.4,0.0,0.0,35.3,250.0,1,1,0,2,ENERGY_DRINKS,35,"ARTIFICIAL_SWEETENER,PRESERVATIVES,LOW_FIBER"
71.0,4.4,6.1,7.3,316.3,274.7,0,0,0,0,HEALTH_SUPPLEMENTS,97,NONE
17.2,8.2,13.3,4.5,402.4,262.5,0,0,0,2,PROTEIN_BAR,63,NONE
1.5,31.0,27.6,0.1,386.5,896.1,0,1,0,2,SAUCES_SPREADS,11,"HIGH_SUGAR,HIGH_FAT,PRESERVATIVES,LOW_FIBER,HIGH_SODIUM"
8.9,16.9,6.3,8.4,380.1,347.2,0,1,0,2,BREAKFAST_CEREAL,56,PRESERVATIVES
5.6,6.5,23.0,0.5,476.0,1158.6,0,1,1,3,INSTANT_NOODLES_RTE,6,"HIGH_FAT,TRANS_FAT,PRESERVATIVES,LOW_FIBER,HIGH_CALORIE,HIGH_SODIUM,MANY_RISKY_INGREDIENTS"
55.2,12.0,8.0,2.3,413.5,257.4,1,0,0,1,HEALTH_SUPPLEMENTS,61,ARTIFICIAL_SWEETENER
4.3,7.8,21.6,1.8,488.7,463.8,0,0,1,3,SNACKS,20,"HIGH_FAT,TRANS_FAT,LOW_FIBER,HIGH_CALORIE,MANY_RISKY_INGREDIENTS"
0.4,2.4,0.0,0.0,13.2,147.5,0,0,0,1,ENERGY_DRINKS,66,LOW_FIBER
3.6,60.0,37.3,1.3,541.6,110.9,1,0,0,4,CHOCOLATES_CONFECTIONERY,9,"HIGH_SUGAR,HIGH_FAT,ARTIFICIAL_SWEETENER,LOW_FIBER,HIGH_CALORIE,MANY_RISKY_INGREDIENTS"
0.3,0.2,0.0,0.0,15.6,85.7,0,0,0,0,ENERGY_DRINKS,75,LOW_FIBER
7.5,5.9,15.2,2.6,497.8,601.9,1,1,0,3,SNACKS,33,"ARTIFICIAL_SWEETENER,PRESERVATIVES,HIGH_CALORIE,MANY_RISKY_INGREDIENTS"
4.7,13.5,30.9,0.1,562.6,1122.8,1,1,0,3,SNACKS,3,"HIGH_FAT,ARTIFICIAL_SWEETENER,PRESERVATIVES,LOW_FIBER,HIGH_CALORIE,HIGH_SODIUM,MANY_RISKY_INGREDIENTS"
11.8,10.2,5.8,11.3,378.8,269.0,0,1,0,0,BREAKFAST_CEREAL,71,PRESERVATIVES
11.0,18.7,23.4,4.2,474.1,94.8,0,0,0,0,CHOCOLATES_CONFECTIONERY,72,"HIGH_FAT,HIGH_CALORIE"
2.0,6.0,7.3,0.9,141.0,256.5,0,1,0,0,SAUCES_SPREADS,65,"PRESERVATIVES,LOW_FIBER"
9.9,6.8,15.4,1.7,296.9,725.1,0,1,0,3,FROZEN_FOODS,45,"PRESERVATIVES,LOW_FIBER,MANY_RISKY_INGREDIENTS"
10.0,8.9,2.0,10.0,376.4,248.4,0,0,0,0,BREAKFAST_CEREAL,86,NONE
5.8,15.6,9.9,7.4,385.5,326.1,0,0,0,0,BREAKFAST_CEREAL,61,NONE
4.5,46.2,33.8,1.9,550.2,149.3,1,1,0,3,CHOCOLATES_CONFECTIONERY,21,"HIGH_SUGAR,HIGH_FAT,ARTIFICIAL_SWEETENER,PRESERVATIVES,LOW_FIBER,HIGH_CALORIE,MANY_RISKY_INGREDIENTS"
12.5,9.9,16.3,5.3,371.1,315.2,1,1,0,1,PROTEIN_BAR,42,"ARTIFICIAL_SWEETENER,PRESERVATIVES"
9.6,6.3,14.3,2.8,262.9,742.1,0,0,0,2,FROZEN_FOODS,62,NONE
2.9,13.7,31.9,0.5,502.9,750.9,1,0,0,4,SNACKS,16,"HIGH_FAT,ARTIFICIAL_SWEETENER,LOW_FIBER,HIGH_CALORIE,MANY_RISKY_INGREDIENTS"
3.5,10.4,7.4,0.5,139.1,192.9,1,1,0,1,DAIRY_PRODUCTS,51,"ARTIFICIAL_SWEETENER,PRESERVATIVES,LOW_FIBER"
7.1,13.4,9.7,7.1,395.6,301.4,1,0,0,1,BREAKFAST_CEREAL,58,ARTIFICIAL_SWEETENER
1.2,2.1,0.0,0.5,10.3,73.8,0,0,0,0,BEVERAGES,68,LOW_FIBER
0.9,5.4,0.9,0.2,28.6,85.9,0,0,0,1,BEVERAGES,55,LOW_FIBER
1.1,25.4,27.7,0.2,375.5,1014.0,0,1,0,2,SAUCES_SPREADS,1,"HIGH_SUGAR,HIGH_FAT,PRESERVATIVES,LOW_FIBER,HIGH_SODIUM"
20.7,8.4,16.6,5.9,392.5,356.9,1,0,0,0,PROTEIN_BAR,59,ARTIFICIAL_SWEETENER
5.2,29.4,20.3,2.6,429.7,572.7,0,1,1,5,PROTEIN_BAR,0,"HIGH_SUGAR,HIGH_FAT,TRANS_FAT,PRESERVATIVES,MANY_RISKY_INGREDIENTS"
1.1,31.1,25.9,0.2,377.1,1006.3,1,1,0,2,SAUCES_SPREADS,0,"HIGH_SUGAR,HIGH_FAT,ARTIFICIAL_SWEETENER,PRESERVATIVES,LOW_FIBER,HIGH_SODIUM"
0.8,9.6,0.5,0.3,43.1,64.8,0,1,0,1,BEVERAGES,36,"PRESERVATIVES,LOW_FIBER"
63.8,3.8,3.5,4.8,347.3,277.4,0,0,0,0,HEALTH_SUPPLEMENTS,97,NONE
0.2,13.0,0.0,0.0,47.2,267.5,0,1,0,3,ENERGY_DRINKS,27,"PRESERVATIVES,LOW_FIBER,MANY_RISKY_INGREDIENTS"
5.1,3.7,8.9,6.3,422.5,244.5,0,1,0,1,SNACKS,82,PRESERVATIVES
13.3,10.5,5.8,14.0,372.1,320.6,0,0,0,0,BREAKFAST_CEREAL,80,NONE
4.1,20.6,17.1,1.3,430.1,362.4,1,1,1,1,BISCUITS_COOKIES,5,"HIGH_SUGAR,TRANS_FAT,ARTIFICIAL_SWEETENER,PRESERVATIVES,LOW_FIBER"
18.0,8.6,17.8,5.7,389.2,356.0,1,0,0,0,PROTEIN_BAR,54,ARTIFICIAL_SWEETENER
3.2,10.8,26.1,0.3,301.5,925.1,1,0,0,3,FROZEN_FOODS,23,"HIGH_FAT,ARTIFICIAL_SWEETENER,LOW_FIBER,HIGH_SODIUM,MANY_RISKY_INGREDIENTS"
14.7,12.0,16.2,7.7,410.3,369.3,0,0,0,0,PROTEIN_BAR,55,NONE
14.6,10.5,18.0,3.9,360.4,229.6,1,1,0,0,PROTEIN_BAR,38,"ARTIFICIAL_SWEETENER,PRESERVATIVES"
54.5,11.7,10.8,3.3,362.6,229.9,0,1,0,0,HEALTH_SUPPLEMENTS,66,PRESERVATIVES
9.6,11.5,7.2,13.0,364.5,230.1,0,1,0,0,BREAKFAST_CEREAL,71,PRESERVATIVES
1.6,0.6,0.1,0.7,13.1,93.5,0,0,0,0,BEVERAGES,75,LOW_FIBER
7.7,35.4,28.9,1.2,513.5,78.9,0,1,0,2,CHOCOLATES_CONFECTIONERY,35,"HIGH_SUGAR,HIGH_FAT,PRESERVATIVES,LOW_FIBER,HIGH_CALORIE"
1.0,25.0,28.0,0.2,340.9,1080.9,1,1,0,4,SAUCES_SPREADS,0,"HIGH_SUGAR,HIGH_FAT,ARTIFICIAL_SWEETENER,PRESERVATIVES,LOW_FIBER,HIGH_SODIUM,MANY_RISKY_INGREDIENTS"
6.6,9.4,9.9,7.5,411.7,214.4,0,0,0,1,BISCUITS_COOKIES,72,NONE
3.2,5.7,20.1,0.8,442.6,1462.5,1,1,0,3,INSTANT_NOODLES_RTE,14,"HIGH_FAT,ARTIFICIAL_SWEETENER,PRESERVATIVES,LOW_FIBER,HIGH_SODIUM,MANY_RISKY_INGREDIENTS"
0.6,1.4,0.1,0.5,19.1,7.8,0,0,0,0,BEVERAGES,75,LOW_FIBER
24.8,4.8,11.6,14.3,316.5,207.5,0,0,0,1,PROTEIN_BAR,90,NONE
57.0,11.5,7.7,3.0,412.7,442.0,0,0,0,1,HEALTH_SUPPLEMENTS,73,NONE
5.8,2.2,15.9,1.8,373.7,769.3,1,1,0,1,INSTANT_NOODLES_RTE,44,"ARTIFICIAL_SWEETENER,PRESERVATIVES,LOW_FIBER"
3.8,7.7,20.9,0.3,337.9,1164.3,1,1,1,5,FROZEN_FOODS,5,"HIGH_FAT,TRANS_FAT,ARTIFICIAL_SWEETENER,PRESERVATIVES,LOW_FIBER,HIGH_SODIUM,MANY_RISKY_INGREDIENTS"
4.6,56.0,36.6,0.8,536.9,158.3,1,1,0,3,CHOCOLATES_CONFECTIONERY,6,"HIGH_SUGAR,HIGH_FAT,ARTIFICIAL_SWEETENER,PRESERVATIVES,LOW_FIBER,HIGH_CALORIE,MANY_RISKY_INGREDIENTS"
7.2,5.3,12.0,4.9,417.9,261.1,0,0,0,0,BISCUITS_COOKIES,66,NONE
12.0,8.7,12.3,7.4,360.3,413.3,1,1,0,2,PROTEIN_BAR,49,"ARTIFICIAL_SWEETENER,PRESERVATIVES"
8.3,5.7,3.6,0.8,64.6,125.0,0,0,0,0,DAIRY_PRODUCTS,84,LOW_FIBER
16.0,17.5,15.1,4.5,358.9,452.8,0,1,0,3,PROTEIN_BAR,38,"PRESERVATIVES,MANY_RISKY_INGREDIENTS"
1.1,14.1,13.5,0.4,269.8,831.2,1,0,0,2,SAUCES_SPREADS,40,"ARTIFICIAL_SWEETENER,LOW_FIBER,HIGH_SODIUM"
0.9,9.2,0.8,0.2,33.6,120.6,0,0,0,0,BEVERAGES,43,LOW_FIBER
21.3,7.6,9.1,11.7,372.9,203.7,0,0,0,0,PROTEIN_BAR,84,NONE
8.3,5.1,14.1,2.1,407.3,700.1,0,0,0,2,INSTANT_NOODLES_RTE,62,NONE
5.8,4.0,17.2,1.7,375.5,806.9,1,1,1,3,INSTANT_NOODLES_RTE,25,"TRANS_FAT,ARTIFICIAL_SWEETENER,PRESERVATIVES,LOW_FIBER,HIGH_SODIUM,MANY_RISKY_INGREDIENTS"
3.8,32.4,22.3,2.0,506.8,345.7,1,1,0,2,BISCUITS_COOKIES,3,"HIGH_SUGAR,HIGH_FAT,ARTIFICIAL_SWEETENER,PRESERVATIVES,HIGH_CALORIE"
6.7,14.0,19.5,1.7,326.6,1036.3,1,0,1,5,FROZEN_FOODS,13,"HIGH_FAT,TRANS_FAT,ARTIFICIAL_SWEETENER,LOW_FIBER,HIGH_SODIUM,MANY_RISKY_INGREDIENTS"
5.4,7.0,18.9,0.9,488.1,1242.1,0,1,0,3,INSTANT_NOODLES_RTE,26,"HIGH_FAT,PRESERVATIVES,LOW_FIBER,HIGH_CALORIE,HIGH_SODIUM,MANY_RISKY_INGREDIENTS"
14.3,11.4,7.7,11.6,370.3,294.6,0,0,0,0,BREAKFAST_CEREAL,80,NONE
0.4,6.2,0.0,0.0,48.1,204.3,0,0,0,2,ENERGY_DRINKS,48,LOW_FIBER
2.5,56.5,36.4,1.1,564.3,100.3,1,1,0,4,CHOCOLATES_CONFECTIONERY,4,"HIGH_SUGAR,HIGH_FAT,ARTIFICIAL_SWEETENER,PRESERVATIVES,LOW_FIBER,HIGH_CALORIE,MANY_RISKY_INGREDIENTS"
5.1,9.7,5.2,1.0,118.9,339.0,0,0,0,1,DAIRY_PRODUCTS,69,LOW_FIBER
2.1,49.7,38.9,0.0,532.1,193.9,1,0,0,3,CHOCOLATES_CONFECTIONERY,18,"HIGH_SUGAR,HIGH_FAT,ARTIFICIAL_SWEETENER,LOW_FIBER,HIGH_CALORIE,MANY_RISKY_INGREDIENTS"
8.5,3.7,16.3,3.8,398.6,757.4,0,1,1,1,INSTANT_NOODLES_RTE,50,"TRANS_FAT,PRESERVATIVES"
0.3,14.5,0.0,0.0,48.1,306.8,1,1,0,3,ENERGY_DRINKS,19,"ARTIFICIAL_SWEETENER,PRESERVATIVES,LOW_FIBER,MANY_RISKY_INGREDIENTS"
24.2,3.9,11.6,7.8,336.9,301.4,0,0,0,1,PROTEIN_BAR,86,NONE
0.4,13.8,0.3,0.0,63.6,76.5,1,0,0,2,BEVERAGES,26,"ARTIFICIAL_SWEETENER,LOW_FIBER"
4.7,32.6,22.6,0.6,525.9,371.8,0,1,0,4,BISCUITS_COOKIES,2,"HIGH_SUGAR,HIGH_FAT,PRESERVATIVES,LOW_FIBER,HIGH_CALORIE,MANY_RISKY_INGREDIENTS"
78.3,2.2,6.4,2.4,369.2,199.9,0,0,0,0,HEALTH_SUPPLEMENTS,89,NONE
2.2,37.9,25.7,0.5,496.9,444.9,1,1,1,4,BISCUITS_COOKIES,0,"HIGH_SUGAR,HIGH_FAT,TRANS_FAT,ARTIFICIAL_SWEETENER,PRESERVATIVES,LOW_FIBER,HIGH_CALORIE,MANY_RISKY_INGREDIENTS"
7.0,12.6,6.1,0.5,104.0,252.4,1,1,0,1,DAIRY_PRODUCTS,50,"ARTIFICIAL_SWEETENER,PRESERVATIVES,LOW_FIBER"
4.8,4.9,21.5,1.2,469.2,1389.1,1,0,1,5,INSTANT_NOODLES_RTE,2,"HIGH_FAT,TRANS_FAT,ARTIFICIAL_SWEETENER,LOW_FIBER,HIGH_CALORIE,HIGH_SODIUM,MANY_RISKY_INGREDIENTS"
10.4,5.7,13.7,4.8,388.1,329.6,0,0,0,0,SNACKS,73,NONE
6.3,7.8,10.7,7.0,402.8,234.2,0,0,0,1,BISCUITS_COOKIES,68,NONE
4.3,16.0,10.9,0.1,140.9,464.6,1,1,0,3,DAIRY_PRODUCTS,31,"ARTIFICIAL_SWEETENER,PRESERVATIVES,LOW_FIBER,MANY_RISKY_INGREDIENTS"
1.7,1.6,0.3,0.3,16.2,11.9,0,0,0,0,BEVERAGES,75,LOW_FIBER
0.5,1.0,0.0,0.0,12.1,142.0,0,0,0,0,ENERGY_DRINKS,75,LOW_FIBER
1.9,31.7,18.3,0.3,363.4,1377.8,0,1,0,2,SAUCES_SPREADS,6,"HIGH_SUGAR,HIGH_FAT,PRESERVATIVES,LOW_FIBER,HIGH_SODIUM"
8.1,5.5,4.7,1.3,69.7,100.8,0,0,0,0,DAIRY_PRODUCTS,84,LOW_FIBER
10.0,4.3,2.0,0.4,83.5,50.1,0,0,0,0,DAIRY_PRODUCTS,91,LOW_FIBER
3.3,8.3,7.2,0.4,143.7,181.5,0,0,0,1,DAIRY_PRODUCTS,70,LOW_FIBER
0.6,21.4,27.1,0.3,348.4,837.5,0,1,0,3,SAUCES_SPREADS,24,"HIGH_SUGAR,HIGH_FAT,PRESERVATIVES,LOW_FIBER,HIGH_SODIUM,MANY_RISKY_INGREDIENTS"
3.9,7.7,23.9,1.4,435.5,1084.9,0,0,1,3,INSTANT_NOODLES_RTE,12,"HIGH_FAT,TRANS_FAT,LOW_FIBER,HIGH_SODIUM,MANY_RISKY_INGREDIENTS"
4.5,21.4,15.9,2.3,443.7,471.9,0,1,0,1,BISCUITS_COOKIES,33,"HIGH_SUGAR,PRESERVATIVES"
2.1,39.5,11.7,2.2,418.1,419.9,1,0,0,2,BREAKFAST_CEREAL,23,"HIGH_SUGAR,ARTIFICIAL_SWEETENER"
2.7,20.3,13.9,0.4,145.4,358.1,0,1,0,3,DAIRY_PRODUCTS,39,"HIGH_SUGAR,PRESERVATIVES,LOW_FIBER,MANY_RISKY_INGREDIENTS"
5.2,2.3,18.0,3.4,434.5,758.5,1,0,0,2,INSTANT_NOODLES_RTE,56,ARTIFICIAL_SWEETENER
0.8,0.4,0.1,0.6,18.5,78.8,0,0,0,0,BEVERAGES,75,LOW_FIBER
61.1,3.0,5.3,3.0,360.8,297.0,0,0,0,0,HEALTH_SUPPLEMENTS,88,NONE
4.5,6.2,4.7,1.1,177.4,344.0,0,0,0,0,SAUCES_SPREADS,69,LOW_FIBER
3.6,7.5,22.7,1.3,437.0,1483.3,0,0,0,3,INSTANT_NOODLES_RTE,27,"HIGH_FAT,LOW_FIBER,HIGH_SODIUM,MANY_RISKY_INGREDIENTS"
4.1,32.5,28.2,1.7,520.6,485.7,0,1,0,3,BISCUITS_COOKIES,4,"HIGH_SUGAR,HIGH_FAT,PRESERVATIVES,LOW_FIBER,HIGH_CALORIE,MANY_RISKY_INGREDIENTS"
0.0,14.1,0.0,0.0,58.4,255.6,0,0,0,4,ENERGY_DRINKS,25,"LOW_FIBER,MANY_RISKY_INGREDIENTS"
0.5,21.0,26.3,0.3,328.5,1054.5,0,1,1,4,SAUCES_SPREADS,0,"HIGH_SUGAR,HIGH_FAT,TRANS_FAT,PRESERVATIVES,LOW_FIBER,HIGH_SODIUM,MANY_RISKY_INGREDIENTS"
4.3,5.2,19.8,1.7,464.0,1434.7,0,0,0,4,INSTANT_NOODLES_RTE,25,"HIGH_FAT,LOW_FIBER,HIGH_CALORIE,HIGH_SODIUM,MANY_RISKY_INGREDIENTS"
3.8,11.9,5.7,0.6,121.6,333.6,0,1,0,2,DAIRY_PRODUCTS,52,"PRESERVATIVES,LOW_FIBER"
9.3,8.0,6.9,13.9,365.6,315.2,0,0,0,0,BREAKFAST_CEREAL,82,NONE
9.5,2.3,8.8,6.2,400.4,377.0,0,0,0,0,SNACKS,88,NONE
2.3,10.4,27.7,0.5,548.3,1135.7,1,1,0,3,SNACKS,3,"HIGH_FAT,ARTIFICIAL_SWEETENER,PRESERVATIVES,LOW_FIBER,HIGH_CALORIE,HIGH_SODIUM,MANY_RISKY_INGREDIENTS"
1.0,1.1,0.5,0.4,12.5,41.4,0,0,0,0,BEVERAGES,75,LOW_FIBER
13.3,33.4,17.9,2.3,430.8,308.0,1,1,1,5,PROTEIN_BAR,0,"HIGH_SUGAR,TRANS_FAT,ARTIFICIAL_SWEETENER,PRESERVATIVES,MANY_RISKY_INGREDIENTS"
1.0,11.0,8.5,0.7,189.7,786.6,0,1,0,2,SAUCES_SPREADS,47,"PRESERVATIVES,LOW_FIBER"
4.7,63.7,38.6,1.4,530.2,90.8,0,1,0,2,CHOCOLATES_CONFECTIONERY,16,"HIGH_SUGAR,HIGH_FAT,PRESERVATIVES,LOW_FIBER,HIGH_CALORIE"
4.6,10.1,27.7,0.6,379.2,890.1,1,1,1,3,FROZEN_FOODS,0,"HIGH_FAT,TRANS_FAT,ARTIFICIAL_SWEETENER,PRESERVATIVES,LOW_FIBER,HIGH_SODIUM,MANY_RISKY_INGREDIENTS"
23.4,5.0,11.7,12.7,339.1,201.3,0,0,0,0,PROTEIN_BAR,92,NONE
0.6,30.8,25.9,0.5,391.7,1352.6,1,1,1,3,SAUCES_SPREADS,0,"HIGH_SUGAR,HIGH_FAT,TRANS_FAT,ARTIFICIAL_SWEETENER,PRESERVATIVES,LOW_FIBER,HIGH_SODIUM,MANY_RISKY_INGREDIENTS"
0.4,9.2,0.0,0.0,28.7,191.2,0,0,0,2,ENERGY_DRINKS,39,LOW_FIBER
4.5,7.9,33.4,1.5,533.4,1074.2,1,1,0,6,SNACKS,3,"HIGH_FAT,ARTIFICIAL_SWEETENER,PRESERVATIVES,LOW_FIBER,HIGH_CALORIE,HIGH_SODIUM,MANY_RISKY_INGREDIENTS"
4.8,9.1,30.6,0.9,550.4,924.8,0,1,0,4,SNACKS,25,"HIGH_FAT,PRESERVATIVES,LOW_FIBER,HIGH_CALORIE,HIGH_SODIUM,MANY_RISKY_INGREDIENTS"
9.4,4.0,2.2,0.8,67.1,216.4,0,0,0,0,DAIRY_PRODUCTS,86,LOW_FIBER
3.1,4.8,21.8,0.3,482.2,1006.7,0,1,1,5,INSTANT_NOODLES_RTE,5,"HIGH_FAT,TRANS_FAT,PRESERVATIVES,LOW_FIBER,HIGH_CALORIE,HIGH_SODIUM,MANY_RISKY_INGREDIENTS"
3.1,12.2,30.8,1.4,539.1,891.5,0,1,1,6,SNACKS,0,"HIGH_FAT,TRANS_FAT,PRESERVATIVES,LOW_FIBER,HIGH_CALORIE,HIGH_SODIUM,MANY_RISKY_INGREDIENTS"
0.0,15.1,0.5,0.0,60.3,124.9,0,1,0,4,BEVERAGES,25,"PRESERVATIVES,LOW_FIBER,MANY_RISKY_INGREDIENTS"
10.5,3.9,4.7,1.7,92.4,204.3,0,0,0,0,DAIRY_PRODUCTS,86,LOW_FIBER
0.3,11.8,0.4,0.0,51.8,57.8,1,0,0,2,BEVERAGES,26,"ARTIFICIAL_SWEETENER,LOW_FIBER"
81.5,3.3,2.9,6.1,341.1,230.1,0,0,0,0,HEALTH_SUPPLEMENTS,100,NONE
10.8,2.3,7.9,3.2,202.7,471.6,0,1,0,0,FROZEN_FOODS,81,PRESERVATIVES
0.1,10.6,0.0,0.0,58.9,378.8,1,0,0,4,ENERGY_DRINKS,17,"ARTIFICIAL_SWEETENER,LOW_FIBER,MANY_RISKY_INGREDIENTS"
6.4,37.7,27.0,1.6,509.6,57.2,0,0,0,1,CHOCOLATES_CONFECTIONERY,42,"HIGH_SUGAR,HIGH_FAT,LOW_FIBER,HIGH_CALORIE"
4.3,22.2,15.4,0.2,191.4,311.5,1,1,0,2,DAIRY_PRODUCTS,18,"HIGH_SUGAR,ARTIFICIAL_SWEETENER,PRESERVATIVES,LOW_FIBER"
1.3,2.1,0.4,0.3,20.4,58.3,0,0,0,0,BEVERAGES,63,LOW_FIBER
5.1,11.5,8.7,1.0,94.4,163.4,1,0,0,2,DAIRY_PRODUCTS,58,"ARTIFICIAL_SWEETENER,LOW_FIBER"
5.0,9.6,5.8,0.6,133.1,292.4,1,0,0,2,DAIRY_PRODUCTS,59,"ARTIFICIAL_SWEETENER,LOW_FIBER"
3.6,6.2,20.8,3.7,455.9,627.8,0,0,0,3,SNACKS,41,"HIGH_FAT,HIGH_CALORIE,MANY_RISKY_INGREDIENTS"
3.0,6.4,14.1,1.3,459.6,559.3,0,1,0,3,SNACKS,40,"PRESERVATIVES,LOW_FIBER,HIGH_CALORIE,MANY_RISKY_INGREDIENTS"
34.3,9.5,5.4,2.6,362.4,232.9,1,1,0,1,HEALTH_SUPPLEMENTS,62,"ARTIFICIAL_SWEETENER,PRESERVATIVES"
0.9,7.7,0.0,0.0,38.2,128.2,0,1,0,2,ENERGY_DRINKS,48,"PRESERVATIVES,LOW_FIBER"
0.5,8.6,0.6,0.1,38.5,70.0,1,1,0,1,BEVERAGES,28,"ARTIFICIAL_SWEETENER,PRESERVATIVES,LOW_FIBER"
5.2,2.1,17.5,1.4,401.2,944.6,1,1,0,2,INSTANT_NOODLES_RTE,42,"ARTIFICIAL_SWEETENER,PRESERVATIVES,LOW_FIBER,HIGH_SODIUM"
0.3,13.4,0.0,0.0,54.4,237.2,1,1,0,3,BEVERAGES,14,"ARTIFICIAL_SWEETENER,PRESERVATIVES,LOW_FIBER,MANY_RISKY_INGREDIENTS"
0.1,8.6,0.5,0.4,30.0,98.7,0,0,0,2,BEVERAGES,39,LOW_FIBER
4.7,55.4,34.6,0.1,572.8,52.0,1,1,0,3,CHOCOLATES_CONFECTIONERY,14,"HIGH_SUGAR,HIGH_FAT,ARTIFICIAL_SWEETENER,PRESERVATIVES,LOW_FIBER,HIGH_CALORIE,MANY_RISKY_INGREDIENTS"
3.6,49.4,34.3,1.3,563.6,50.1,1,0,0,3,CHOCOLATES_CONFECTIONERY,26,"HIGH_SUGAR,HIGH_FAT,ARTIFICIAL_SWEETENER,LOW_FIBER,HIGH_CALORIE,MANY_RISKY_INGREDIENTS"
21.8,7.9,7.2,6.2,308.6,315.8,0,1,0,1,PROTEIN_BAR,78,PRESERVATIVES
65.6,1.2,2.6,4.6,318.4,203.2,0,0,0,0,HEALTH_SUPPLEMENTS,97,NONE
5.6,6.6,24.3,1.9,354.1,1086.1,1,1,1,5,FROZEN_FOODS,4,"HIGH_FAT,TRANS_FAT,ARTIFICIAL_SWEETENER,PRESERVATIVES,LOW_FIBER,HIGH_SODIUM,MANY_RISKY_INGREDIENTS"
5.5,4.8,13.3,1.6,308.9,547.5,0,1,0,1,FROZEN_FOODS,62,"PRESERVATIVES,LOW_FIBER"
4.3,3.3,21.3,1.6,473.0,1665.7,0,0,0,4,INSTANT_NOODLES_RTE,27,"HIGH_FAT,LOW_FIBER,HIGH_CALORIE,HIGH_SODIUM,MANY_RISKY_INGREDIENTS"
1.6,24.4,23.9,0.2,329.3,961.9,0,0,0,3,SAUCES_SPREADS,19,"HIGH_SUGAR,HIGH_FAT,LOW_FIBER,HIGH_SODIUM,MANY_RISKY_INGREDIENTS"
4.3,13.8,6.0,0.3,111.5,152.1,1,0,0,0,DAIRY_PRODUCTS,58,"ARTIFICIAL_SWEETENER,LOW_FIBER"
3.6,20.4,15.2,0.2,191.8,313.4,0,1,0,4,DAIRY_PRODUCTS,32,"HIGH_SUGAR,PRESERVATIVES,LOW_FIBER,MANY_RISKY_INGREDIENTS"
0.2,15.7,0.2,0.0,60.6,105.0,0,1,0,4,BEVERAGES,25,"PRESERVATIVES,LOW_FIBER,MANY_RISKY_INGREDIENTS"
6.9,9.2,22.2,0.8,332.5,1112.7,1,1,0,3,FROZEN_FOODS,28,"HIGH_FAT,ARTIFICIAL_SWEETENER,PRESERVATIVES,LOW_FIBER,HIGH_SODIUM,MANY_RISKY_INGREDIENTS"
10.7,3.3,4.2,1.3,86.6,136.4,0,0,0,0,DAIRY_PRODUCTS,91,LOW_FIBER
0.2,2.0,0.0,0.0,6.8,67.1,0,0,0,1,ENERGY_DRINKS,73,LOW_FIBER
0.7,5.9,0.1,0.5,30.2,178.0,1,1,0,0,BEVERAGES,44,"ARTIFICIAL_SWEETENER,PRESERVATIVES,LOW_FIBER"
4.3,11.0,26.4,0.5,509.8,954.9,1,1,0,5,SNACKS,9,"HIGH_FAT,ARTIFICIAL_SWEETENER,PRESERVATIVES,LOW_FIBER,HIGH_CALORIE,HIGH_SODIUM,MANY_RISKY_INGREDIENTS"
1.4,11.5,17.0,1.0,299.0,815.9,1,0,0,1,SAUCES_SPREADS,37,"ARTIFICIAL_SWEETENER,LOW_FIBER,HIGH_SODIUM"
0.7,2.4,0.0,0.0,17.4,187.1,0,0,0,0,ENERGY_DRINKS,68,LOW_FIBER
4.0,12.1,23.9,0.5,398.2,1159.2,0,0,1,3,FROZEN_FOODS,11,"HIGH_FAT,TRANS_FAT,LOW_FIBER,HIGH_SODIUM,MANY_RISKY_INGREDIENTS"
0.5,21.3,21.1,0.0,284.3,1440.4,0,1,0,2,SAUCES_SPREADS,16,"HIGH_SUGAR,HIGH_FAT,PRESERVATIVES,LOW_FIBER,HIGH_SODIUM"
0.4,2.1,0.1,0.4,20.6,79.5,0,0,0,0,BEVERAGES,63,LOW_FIBER
5.6,16.4,19.8,3.7,460.4,390.0,1,1,0,3,BISCUITS_COOKIES,24,"HIGH_FAT,ARTIFICIAL_SWEETENER,PRESERVATIVES,HIGH_CALORIE,MANY_RISKY_INGREDIENTS"
5.2,4.5,20.4,2.0,437.1,1323.7,0,1,0,5,INSTANT_NOODLES_RTE,34,"HIGH_FAT,PRESERVATIVES,HIGH_SODIUM,MANY_RISKY_INGREDIENTS"
76.8,4.4,4.4,5.1,332.1,160.1,0,0,0,0,HEALTH_SUPPLEMENTS,100,NONE
0.5,9.5,0.5,0.4,41.0,111.6,0,0,0,0,BEVERAGES,43,LOW_FIBER
5.6,8.6,16.8,2.9,454.7,477.3,1,0,0,3,SNACKS,41,"ARTIFICIAL_SWEETENER,HIGH_CALORIE,MANY_RISKY_INGREDIENTS"
1.9,2.9,0.1,0.0,19.1,47.8,0,0,0,0,BEVERAGES,68,LOW_FIBER
2.1,62.4,31.4,0.3,530.5,194.0,1,1,0,3,CHOCOLATES_CONFECTIONERY,14,"HIGH_SUGAR,HIGH_FAT,ARTIFICIAL_SWEETENER,PRESERVATIVES,LOW_FIBER,HIGH_CALORIE,MANY_RISKY_INGREDIENTS"
8.4,4.7,3.5,0.5,97.4,84.0,0,0,0,0,DAIRY_PRODUCTS,91,LOW_FIBER
3.0,33.6,33.2,1.4,492.0,63.0,1,0,0,1,CHOCOLATES_CONFECTIONERY,38,"HIGH_SUGAR,HIGH_FAT,ARTIFICIAL_SWEETENER,LOW_FIBER,HIGH_CALORIE"
0.6,8.7,0.0,0.0,38.3,286.2,1,0,0,2,ENERGY_DRINKS,26,"ARTIFICIAL_SWEETENER,LOW_FIBER"
5.7,5.2,21.7,0.8,489.5,1183.8,0,1,0,3,INSTANT_NOODLES_RTE,21,"HIGH_FAT,PRESERVATIVES,LOW_FIBER,HIGH_CALORIE,HIGH_SODIUM,MANY_RISKY_INGREDIENTS"
0.6,2.7,0.2,0.7,7.3,28.5,0,0,0,0,BEVERAGES,68,LOW_FIBER
0.8,20.7,27.6,0.3,303.8,1146.4,1,1,0,3,SAUCES_SPREADS,6,"HIGH_SUGAR,HIGH_FAT,ARTIFICIAL_SWEETENER,PRESERVATIVES,LOW_FIBER,HIGH_SODIUM,MANY_RISKY_INGREDIENTS"
72.1,2.3,6.4,3.9,366.1,219.0,0,0,0,0,HEALTH_SUPPLEMENTS,88,NONE
4.7,39.8,8.2,2.4,405.4,478.7,1,0,0,3,BREAKFAST_CEREAL,25,"HIGH_SUGAR,ARTIFICIAL_SWEETENER,MANY_RISKY_INGREDIENTS"
0.2,14.1,0.0,0.0,64.1,157.8,0,0,0,3,BEVERAGES,32,"LOW_FIBER,MANY_RISKY_INGREDIENTS"
7.8,10.0,8.8,4.5,419.1,273.2,0,0,0,0,BISCUITS_COOKIES,70,NONE
2.6,38.4,22.8,1.4,515.0,561.0,0,1,0,4,BISCUITS_COOKIES,2,"HIGH_SUGAR,HIGH_FAT,PRESERVATIVES,LOW_FIBER,HIGH_CALORIE,MANY_RISKY_INGREDIENTS"
8.6,21.4,5.6,4.1,402.2,232.5,1,1,0,1,BREAKFAST_CEREAL,46,"HIGH_SUGAR,ARTIFICIAL_SWEETENER,PRESERVATIVES"
9.6,5.7,4.9,0.4,56.7,61.3,0,0,0,0,DAIRY_PRODUCTS,84,LOW_FIBER
0.0,6.1,0.0,0.0,33.5,298.2,1,0,0,1,ENERGY_DRINKS,42,"ARTIFICIAL_SWEETENER,LOW_FIBER"
1.0,11.4,15.0,0.1,207.7,640.3,1,1,0,2,SAUCES_SPREADS,35,"ARTIFICIAL_SWEETENER,PRESERVATIVES,LOW_FIBER"
5.7,8.0,9.7,0.1,114.4,342.8,0,1,0,0,DAIRY_PRODUCTS,66,"PRESERVATIVES,LOW_FIBER"
5.2,39.7,14.5,4.6,436.6,510.1,0,1,1,2,BREAKFAST_CEREAL,19,"HIGH_SUGAR,TRANS_FAT,PRESERVATIVES"
1.6,22.4,21.0,0.2,300.2,1207.2,1,1,0,4,SAUCES_SPREADS,0,"HIGH_SUGAR,HIGH_FAT,ARTIFICIAL_SWEETENER,PRESERVATIVES,LOW_FIBER,HIGH_SODIUM,MANY_RISKY_INGREDIENTS"
6.2,11.5,5.5,0.5,132.2,348.2,1,0,0,0,DAIRY_PRODUCTS,57,"ARTIFICIAL_SWEETENER,LOW_FIBER"
5.1,16.1,7.3,8.0,378.6,377.3,1,1,0,1,BREAKFAST_CEREAL,46,"ARTIFICIAL_SWEETENER,PRESERVATIVES"
9.7,12.0,2.6,9.3,353.9,181.9,0,0,0,0,BREAKFAST_CEREAL,81,NONE
30.7,10.7,5.1,3.6,375.6,383.4,1,0,0,1,HEALTH_SUPPLEMENTS,65,ARTIFICIAL_SWEETENER
74.7,3.1,6.5,5.1,333.8,179.6,0,0,0,0,HEALTH_SUPPLEMENTS,98,NONE
23.4,2.2,10.1,13.1,363.7,138.3,0,1,0,1,PROTEIN_BAR,85,PRESERVATIVES
9.8,6.8,10.6,1.6,299.4,752.4,0,1,0,1,FROZEN_FOODS,54,"PRESERVATIVES,LOW_FIBER"
0.5,6.2,0.0,0.0,28.1,217.2,1,1,0,2,ENERGY_DRINKS,35,"ARTIFICIAL_SWEETENER,PRESERVATIVES,LOW_FIBER"
4.9,17.7,15.2,2.8,449.8,324.7,1,1,1,3,BISCUITS_COOKIES,6,"TRANS_FAT,ARTIFICIAL_SWEETENER,PRESERVATIVES,MANY_RISKY_INGREDIENTS"
9.9,2.8,10.6,3.3,429.5,231.5,0,1,0,1,SNACKS,78,PRESERVATIVES
6.0,11.7,9.0,0.4,137.1,265.6,1,0,0,1,DAIRY_PRODUCTS,55,"ARTIFICIAL_SWEETENER,LOW_FIBER"
4.5,56.1,31.8,0.9,578.1,162.9,1,0,0,2,CHOCOLATES_CONFECTIONERY,21,"HIGH_SUGAR,HIGH_FAT,ARTIFICIAL_SWEETENER,LOW_FIBER,HIGH_CALORIE"
22.3,21.9,16.7,1.0,471.4,441.1,1,1,1,3,HEALTH_SUPPLEMENTS,6,"HIGH_SUGAR,TRANS_FAT,ARTIFICIAL_SWEETENER,PRESERVATIVES,LOW_FIBER,HIGH_CALORIE,MANY_RISKY_INGREDIENTS"
4.3,53.9,37.9,1.2,526.8,73.4,1,1,1,4,CHOCOLATES_CONFECTIONERY,0,"HIGH_SUGAR,HIGH_FAT,TRANS_FAT,ARTIFICIAL_SWEETENER,PRESERVATIVES,LOW_FIBER,HIGH_CALORIE,MANY_RISKY_INGREDIENTS"
5.9,14.3,9.0,6.5,390.6,251.2,0,1,0,1,BREAKFAST_CEREAL,61,PRESERVATIVES
4.2,9.8,27.6,1.5,397.0,1098.5,0,0,0,5,FROZEN_FOODS,28,"HIGH_FAT,LOW_FIBER,HIGH_SODIUM,MANY_RISKY_INGREDIENTS"
3.1,18.2,16.8,0.4,168.5,549.7,1,1,0,3,DAIRY_PRODUCTS,26,"ARTIFICIAL_SWEETENER,PRESERVATIVES,LOW_FIBER,MANY_RISKY_INGREDIENTS"
84.5,2.4,4.7,2.8,303.8,255.1,0,0,0,0,HEALTH_SUPPLEMENTS,93,NONE
34.5,9.0,6.8,1.9,350.8,239.1,0,0,0,0,HEALTH_SUPPLEMENTS,72,LOW_FIBER
30.7,2.3,6.9,10.0,333.6,157.6,0,0,0,0,PROTEIN_BAR,100,NONE
32.2,10.2,5.4,3.2,368.2,376.3,0,1,0,1,HEALTH_SUPPLEMENTS,68,PRESERVATIVES
11.7,20.5,21.9,2.8,494.5,356.6,1,1,1,5,PROTEIN_BAR,0,"HIGH_SUGAR,HIGH_FAT,TRANS_FAT,ARTIFICIAL_SWEETENER,PRESERVATIVES,HIGH_CALORIE,MANY_RISKY_INGREDIENTS"
0.4,12.7,0.0,0.0,61.0,390.7,0,1,0,4,ENERGY_DRINKS,20,"PRESERVATIVES,LOW_FIBER,MANY_RISKY_INGREDIENTS"
6.1,7.0,11.1,3.9,423.7,341.0,0,0,0,1,BISCUITS_COOKIES,64,NONE
0.7,9.8,0.0,0.1,43.6,189.8,1,1,0,2,BEVERAGES,26,"ARTIFICIAL_SWEETENER,PRESERVATIVES,LOW_FIBER"
3.9,9.1,9.1,0.1,118.1,384.6,0,1,0,0,DAIRY_PRODUCTS,62,"PRESERVATIVES,LOW_FIBER"
24.7,4.5,7.2,7.8,377.8,146.0,0,0,0,0,PROTEIN_BAR,92,NONE
21.2,10.9,11.5,6.3,399.9,406.4,0,0,1,1,PROTEIN_BAR,53,TRANS_FAT
6.4,19.5,18.0,1.5,451.3,384.4,0,1,0,3,BISCUITS_COOKIES,23,"PRESERVATIVES,LOW_FIBER,HIGH_CALORIE,MANY_RISKY_INGREDIENTS"
4.7,45.4,35.6,1.6,552.5,98.6,0,1,0,2,CHOCOLATES_CONFECTIONERY,23,"HIGH_SUGAR,HIGH_FAT,PRESERVATIVES,LOW_FIBER,HIGH_CALORIE"
2.4,23.6,14.8,0.2,205.3,540.8,1,0,1,2,DAIRY_PRODUCTS,13,"HIGH_SUGAR,TRANS_FAT,ARTIFICIAL_SWEETENER,LOW_FIBER"
42.4,7.8,9.8,1.3,391.6,431.6,1,0,0,2,HEALTH_SUPPLEMENTS,60,"ARTIFICIAL_SWEETENER,LOW_FIBER"
5.6,5.4,21.8,1.8,493.0,1358.5,0,1,0,5,INSTANT_NOODLES_RTE,17,"HIGH_FAT,PRESERVATIVES,LOW_FIBER,HIGH_CALORIE,HIGH_SODIUM,MANY_RISKY_INGREDIENTS"
15.0,6.9,4.0,12.6,358.8,154.0,0,0,0,0,BREAKFAST_CEREAL,95,NONE
2.7,32.0,25.8,1.7,533.4,453.9,1,1,0,5,BISCUITS_COOKIES,0,"HIGH_SUGAR,HIGH_FAT,ARTIFICIAL_SWEETENER,PRESERVATIVES,LOW_FIBER,HIGH_CALORIE,MANY_RISKY_INGREDIENTS"
4.2,20.4,14.2,0.2,181.6,496.6,1,1,1,3,DAIRY_PRODUCTS,16,"HIGH_SUGAR,TRANS_FAT,ARTIFICIAL_SWEETENER,PRESERVATIVES,LOW_FIBER,MANY_RISKY_INGREDIENTS"
4.6,12.1,6.2,0.6,142.6,254.5,1,1,0,1,DAIRY_PRODUCTS,46,"ARTIFICIAL_SWEETENER,PRESERVATIVES,LOW_FIBER"
6.8,24.6,15.7,1.0,438.1,499.0,0,1,0,2,BISCUITS_COOKIES,20,"HIGH_SUGAR,PRESERVATIVES,LOW_FIBER"
3.9,6.4,22.7,0.4,432.4,1327.4,0,1,1,4,INSTANT_NOODLES_RTE,5,"HIGH_FAT,TRANS_FAT,PRESERVATIVES,LOW_FIBER,HIGH_SODIUM,MANY_RISKY_INGREDIENTS"
48.1,10.8,8.0,2.1,368.6,360.9,0,0,0,2,HEALTH_SUPPLEMENTS,67,NONE
7.1,22.3,19.1,1.9,458.4,448.6,1,1,0,5,PROTEIN_BAR,0,"HIGH_SUGAR,HIGH_FAT,ARTIFICIAL_SWEETENER,PRESERVATIVES,LOW_FIBER,HIGH_CALORIE,MANY_RISKY_INGREDIENTS"
0.9,26.2,18.4,0.2,346.5,1191.2,1,0,0,3,SAUCES_SPREADS,6,"HIGH_SUGAR,HIGH_FAT,ARTIFICIAL_SWEETENER,LOW_FIBER,HIGH_SODIUM,MANY_RISKY_INGREDIENTS"
2.4,32.5,23.7,0.1,502.8,343.1,1,1,0,5,BISCUITS_COOKIES,0,"HIGH_SUGAR,HIGH_FAT,ARTIFICIAL_SWEETENER,PRESERVATIVES,LOW_FIBER,HIGH_CALORIE,MANY_RISKY_INGREDIENTS"
75.2,2.3,5.5,3.9,307.0,144.6,0,0,0,0,HEALTH_SUPPLEMENTS,98,NONE
5.1,19.9,5.1,5.8,370.2,312.9,0,1,0,0,BREAKFAST_CEREAL,52,PRESERVATIVES
8.1,7.1,15.2,3.2,311.5,759.1,0,0,0,2,FROZEN_FOODS,61,NONE
1.5,32.7,18.8,0.0,311.0,1430.5,1,1,1,2,SAUCES_SPREADS,0,"HIGH_SUGAR,HIGH_FAT,TRANS_FAT,ARTIFICIAL_SWEETENER,PRESERVATIVES,LOW_FIBER,HIGH_SODIUM"
5.5,11.3,20.1,1.3,342.5,861.2,1,1,1,3,FROZEN_FOODS,7,"HIGH_FAT,TRANS_FAT,ARTIFICIAL_SWEETENER,PRESERVATIVES,LOW_FIBER,HIGH_SODIUM,MANY_RISKY_INGREDIENTS"
0.4,5.6,0.0,0.0,35.7,157.5,0,0,0,1,ENERGY_DRINKS,55,LOW_FIBER
2.1,34.3,13.3,2.9,446.6,612.4,1,0,0,4,BREAKFAST_CEREAL,14,"HIGH_SUGAR,ARTIFICIAL_SWEETENER,MANY_RISKY_INGREDIENTS"
0.1,12.0,0.1,0.0,40.5,184.3,1,1,0,3,BEVERAGES,24,"ARTIFICIAL_SWEETENER,PRESERVATIVES,LOW_FIBER,MANY_RISKY_INGREDIENTS"
26.9,13.7,13.2,0.5,420.4,379.0,1,1,1,2,HEALTH_SUPPLEMENTS,30,"TRANS_FAT,ARTIFICIAL_SWEETENER,PRESERVATIVES,LOW_FIBER"
2.1,6.6,4.1,1.6,97.9,249.1,0,0,0,0,SAUCES_SPREADS,74,LOW_FIBER
5.8,3.6,1.5,0.7,98.2,151.8,0,0,0,0,DAIRY_PRODUCTS,87,LOW_FIBER
0.9,26.1,19.6,0.3,295.2,1133.6,1,1,0,3,SAUCES_SPREADS,1,"HIGH_SUGAR,HIGH_FAT,ARTIFICIAL_SWEETENER,PRESERVATIVES,LOW_FIBER,HIGH_SODIUM,MANY_RISKY_INGREDIENTS"
0.8,7.1,0.8,0.0,27.5,80.5,0,1,0,1,BEVERAGES,50,"PRESERVATIVES,LOW_FIBER"
5.8,10.7,21.6,1.2,334.2,833.5,1,0,0,4,FROZEN_FOODS,25,"HIGH_FAT,ARTIFICIAL_SWEETENER,LOW_FIBER,HIGH_SODIUM,MANY_RISKY_INGREDIENTS"
1.3,1.0,0.2,0.3,11.9,44.0,0,0,0,0,BEVERAGES,75,LOW_FIBER
79.5,3.7,3.9,3.8,363.9,256.7,0,0,0,0,HEALTH_SUPPLEMENTS,92,NONE
5.6,4.2,24.1,0.0,481.3,1746.5,1,1,0,3,INSTANT_NOODLES_RTE,20,"HIGH_FAT,ARTIFICIAL_SWEETENER,PRESERVATIVES,LOW_FIBER,HIGH_CALORIE,HIGH_SODIUM,MANY_RISKY_INGREDIENTS"
12.3,14.9,13.9,3.6,365.0,219.3,1,1,0,1,PROTEIN_BAR,41,"ARTIFICIAL_SWEETENER,PRESERVATIVES"
1.2,20.2,26.3,0.2,347.9,1254.4,0,1,0,4,SAUCES_SPREADS,12,"HIGH_SUGAR,HIGH_FAT,PRESERVATIVES,LOW_FIBER,HIGH_SODIUM,MANY_RISKY_INGREDIENTS"
14.5,5.8,2.6,10.3,361.2,153.6,0,0,0,0,BREAKFAST_CEREAL,95,NONE
1.8,28.2,22.3,0.0,287.3,1100.2,0,0,0,4,SAUCES_SPREADS,7,"HIGH_SUGAR,HIGH_FAT,LOW_FIBER,HIGH_SODIUM,MANY_RISKY_INGREDIENTS"
3.0,8.8,6.6,0.6,94.5,385.8,0,1,0,2,DAIRY_PRODUCTS,58,"PRESERVATIVES,LOW_FIBER"
3.8,11.3,30.3,1.3,544.3,1193.2,1,1,1,4,SNACKS,0,"HIGH_FAT,TRANS_FAT,ARTIFICIAL_SWEETENER,PRESERVATIVES,LOW_FIBER,HIGH_CALORIE,HIGH_SODIUM,MANY_RISKY_INGREDIENTS"
2.4,24.7,14.8,0.4,148.8,558.6,1,1,0,4,DAIRY_PRODUCTS,19,"HIGH_SUGAR,ARTIFICIAL_SWEETENER,PRESERVATIVES,LOW_FIBER,MANY_RISKY_INGREDIENTS"
28.9,7.1,7.5,6.1,333.7,318.1,0,0,0,1,PROTEIN_BAR,88,NONE
5.4,20.9,7.7,5.9,388.5,317.0,1,1,0,2,BREAKFAST_CEREAL,40,"HIGH_SUGAR,ARTIFICIAL_SWEETENER,PRESERVATIVES"
4.8,28.7,26.6,0.5,537.7,301.6,1,1,0,3,BISCUITS_COOKIES,0,"HIGH_SUGAR,HIGH_FAT,ARTIFICIAL_SWEETENER,PRESERVATIVES,LOW_FIBER,HIGH_CALORIE,MANY_RISKY_INGREDIENTS"
0.3,15.1,0.1,0.0,51.3,52.3,1,1,0,2,BEVERAGES,21,"ARTIFICIAL_SWEETENER,PRESERVATIVES,LOW_FIBER"
4.7,3.3,18.8,1.2,449.2,1063.7,0,1,0,4,INSTANT_NOODLES_RTE,32,"HIGH_FAT,PRESERVATIVES,LOW_FIBER,HIGH_SODIUM,MANY_RISKY_INGREDIENTS"
0.3,8.8,0.0,0.0,44.3,191.1,1,0,0,1,ENERGY_DRINKS,33,"ARTIFICIAL_SWEETENER,LOW_FIBER"
4.5,33.8,24.0,0.4,503.8,443.0,0,1,0,2,BISCUITS_COOKIES,6,"HIGH_SUGAR,HIGH_FAT,PRESERVATIVES,LOW_FIBER,HIGH_CALORIE"
11.5,5.7,3.1,1.4,71.8,176.0,0,0,0,0,DAIRY_PRODUCTS,84,LOW_FIBER
16.0,9.6,10.9,6.8,414.9,337.5,1,1,0,1,PROTEIN_BAR,56,"ARTIFICIAL_SWEETENER,PRESERVATIVES"
48.0,7.0,9.8,4.2,357.9,360.1,0,1,0,1,HEALTH_SUPPLEMENTS,74,PRESERVATIVES
3.1,6.3,22.5,0.6,519.5,980.2,0,1,0,4,SNACKS,25,"HIGH_FAT,PRESERVATIVES,LOW_FIBER,HIGH_CALORIE,HIGH_SODIUM,MANY_RISKY_INGREDIENTS"
11.3,39.7,16.4,2.7,442.5,466.8,1,1,0,5,PROTEIN_BAR,7,"HIGH_SUGAR,ARTIFICIAL_SWEETENER,PRESERVATIVES,MANY_RISKY_INGREDIENTS"
4.8,8.1,23.5,1.7,579.8,846.3,0,1,1,4,SNACKS,10,"HIGH_FAT,TRANS_FAT,PRESERVATIVES,LOW_FIBER,HIGH_CALORIE,HIGH_SODIUM,MANY_RISKY_INGREDIENTS"
0.9,9.1,0.0,0.0,43.5,247.4,0,1,0,2,ENERGY_DRINKS,29,"PRESERVATIVES,LOW_FIBER"
8.9,4.7,8.8,4.7,201.7,342.5,0,1,0,1,FROZEN_FOODS,79,PRESERVATIVES
5.9,7.6,21.4,0.9,333.1,1102.0,0,0,0,3,FROZEN_FOODS,41,"HIGH_FAT,LOW_FIBER,HIGH_SODIUM,MANY_RISKY_INGREDIENTS"
8.1,5.7,10.6,2.5,293.2,654.0,1,0,0,3,FROZEN_FOODS,52,"ARTIFICIAL_SWEETENER,MANY_RISKY_INGREDIENTS"
0.6,9.0,0.3,0.4,27.7,93.7,0,1,0,0,BEVERAGES,38,"PRESERVATIVES,LOW_FIBER"
5.8,5.6,21.8,0.9,452.8,1380.5,1,1,1,5,INSTANT_NOODLES_RTE,0,"HIGH_FAT,TRANS_FAT,ARTIFICIAL_SWEETENER,PRESERVATIVES,LOW_FIBER,HIGH_CALORIE,HIGH_SODIUM,MANY_RISKY_INGREDIENTS"
7.1,20.8,11.7,9.4,398.8,375.5,0,1,0,0,BREAKFAST_CEREAL,52,"HIGH_SUGAR,PRESERVATIVES"
6.3,7.1,14.4,3.0,259.1,644.4,0,1,0,1,FROZEN_FOODS,59,PRESERVATIVES
2.5,14.1,11.6,0.4,229.1,717.7,0,1,0,2,SAUCES_SPREADS,43,"PRESERVATIVES,LOW_FIBER"
3.8,3.9,21.5,2.8,479.6,550.4,1,1,0,1,SNACKS,38,"HIGH_FAT,ARTIFICIAL_SWEETENER,PRESERVATIVES,HIGH_CALORIE"
6.4,6.1,12.8,1.4,253.9,631.5,0,1,0,3,FROZEN_FOODS,46,"PRESERVATIVES,LOW_FIBER,MANY_RISKY_INGREDIENTS"
7.0,38.4,25.1,1.9,500.4,61.4,1,1,0,2,CHOCOLATES_CONFECTIONERY,27,"HIGH_SUGAR,HIGH_FAT,ARTIFICIAL_SWEETENER,PRESERVATIVES,LOW_FIBER,HIGH_CALORIE"
3.0,13.7,9.1,0.9,90.9,383.5,1,1,0,2,DAIRY_PRODUCTS,44,"ARTIFICIAL_SWEETENER,PRESERVATIVES,LOW_FIBER"
6.8,12.1,7.9,0.9,116.6,299.8,0,1,0,0,DAIRY_PRODUCTS,60,"PRESERVATIVES,LOW_FIBER"
5.7,30.6,9.7,3.2,439.8,401.1,1,1,0,4,BREAKFAST_CEREAL,26,"HIGH_SUGAR,ARTIFICIAL_SWEETENER,PRESERVATIVES,MANY_RISKY_INGREDIENTS"
6.2,21.3,18.7,2.2,444.6,455.7,0,1,0,3,BISCUITS_COOKIES,33,"HIGH_SUGAR,HIGH_FAT,PRESERVATIVES,MANY_RISKY_INGREDIENTS"
8.6,3.3,6.1,3.2,363.8,430.8,0,0,0,1,INSTANT_NOODLES_RTE,82,NONE
10.9,2.0,9.2,5.1,163.9,309.2,0,0,0,0,FROZEN_FOODS,86,NONE
4.5,30.6,31.3,1.5,495.2,127.1,0,0,0,1,CHOCOLATES_CONFECTIONERY,46,"HIGH_SUGAR,HIGH_FAT,LOW_FIBER,HIGH_CALORIE"
33.9,8.2,8.5,3.7,394.3,443.2,0,0,0,0,HEALTH_SUPPLEMENTS,81,NONE
7.7,18.1,20.2,4.7,442.9,80.4,0,0,0,0,CHOCOLATES_CONFECTIONERY,73,HIGH_FAT
5.7,3.2,14.6,2.3,496.6,630.4,0,1,0,2,SNACKS,55,"PRESERVATIVES,HIGH_CALORIE"
3.2,7.2,28.7,1.1,543.1,982.5,1,1,1,4,SNACKS,2,"HIGH_FAT,TRANS_FAT,ARTIFICIAL_SWEETENER,PRESERVATIVES,LOW_FIBER,HIGH_CALORIE,HIGH_SODIUM,MANY_RISKY_INGREDIENTS"
2.3,29.0,26.0,1.7,515.4,524.4,0,1,1,2,BISCUITS_COOKIES,0,"HIGH_SUGAR,HIGH_FAT,TRANS_FAT,PRESERVATIVES,LOW_FIBER,HIGH_CALORIE"
0.3,6.7,0.0,0.0,42.7,173.6,1,0,0,2,ENERGY_DRINKS,45,"ARTIFICIAL_SWEETENER,LOW_FIBER"
8.6,23.5,21.2,3.0,498.9,484.9,0,1,1,3,PROTEIN_BAR,0,"HIGH_SUGAR,HIGH_FAT,TRANS_FAT,PRESERVATIVES,HIGH_CALORIE,MANY_RISKY_INGREDIENTS"
0.3,14.6,0.2,0.0,49.7,92.3,1,1,0,3,BEVERAGES,24,"ARTIFICIAL_SWEETENER,PRESERVATIVES,LOW_FIBER,MANY_RISKY_INGREDIENTS"
0.7,7.7,0.8,0.4,26.2,199.8,1,1,0,0,BEVERAGES,44,"ARTIFICIAL_SWEETENER,PRESERVATIVES,LOW_FIBER"
0.1,12.1,0.4,0.0,42.0,207.6,1,0,0,3,BEVERAGES,24,"ARTIFICIAL_SWEETENER,LOW_FIBER,MANY_RISKY_INGREDIENTS"
21.7,5.3,10.0,5.5,305.6,340.8,0,1,0,0,PROTEIN_BAR,76,PRESERVATIVES
2.6,11.9,8.5,0.9,189.1,598.7,1,1,0,2,SAUCES_SPREADS,42,"ARTIFICIAL_SWEETENER,PRESERVATIVES,LOW_FIBER"
6.2,5.9,12.3,6.1,382.8,419.8,0,1,0,0,SNACKS,68,PRESERVATIVES
1.1,15.8,15.2,0.1,256.1,614.5,1,1,0,2,SAUCES_SPREADS,23,"ARTIFICIAL_SWEETENER,PRESERVATIVES,LOW_FIBER"
4.6,9.1,9.2,0.0,108.7,153.1,0,0,0,0,DAIRY_PRODUCTS,72,LOW_FIBER
0.2,8.4,0.0,0.0,43.8,122.1,0,0,0,1,ENERGY_DRINKS,41,LOW_FIBER
11.7,8.6,7.5,11.8,367.5,200.4,0,1,0,0,BREAKFAST_CEREAL,77,PRESERVATIVES
3.9,56.2,30.6,0.5,575.5,103.1,1,1,0,3,CHOCOLATES_CONFECTIONERY,14,"HIGH_SUGAR,HIGH_FAT,ARTIFICIAL_SWEETENER,PRESERVATIVES,LOW_FIBER,HIGH_CALORIE,MANY_RISKY_INGREDIENTS"
2.5,48.0,34.6,0.8,562.9,60.4,1,0,0,3,CHOCOLATES_CONFECTIONERY,26,"HIGH_SUGAR,HIGH_FAT,ARTIFICIAL_SWEETENER,LOW_FIBER,HIGH_CALORIE,MANY_RISKY_INGREDIENTS"
6.6,16.5,9.4,4.9,377.6,457.8,0,0,0,0,BREAKFAST_CEREAL,57,NONE
18.8,8.2,15.9,5.4,406.9,486.4,1,1,0,2,PROTEIN_BAR,45,"ARTIFICIAL_SWEETENER,PRESERVATIVES"
0.1,11.0,0.2,0.0,56.1,129.3,0,1,0,3,BEVERAGES,27,"PRESERVATIVES,LOW_FIBER,MANY_RISKY_INGREDIENTS"
5.5,23.0,21.3,2.9,430.3,296.6,0,0,0,3,BISCUITS_COOKIES,23,"HIGH_SUGAR,HIGH_FAT,MANY_RISKY_INGREDIENTS"
7.2,38.6,30.8,1.4,483.7,96.5,1,0,0,2,CHOCOLATES_CONFECTIONERY,32,"HIGH_SUGAR,HIGH_FAT,ARTIFICIAL_SWEETENER,LOW_FIBER,HIGH_CALORIE"
9.8,4.7,10.2,1.1,282.9,518.5,1,0,0,1,FROZEN_FOODS,63,"ARTIFICIAL_SWEETENER,LOW_FIBER"
23.6,5.9,6.9,7.2,320.3,247.2,0,1,0,1,PROTEIN_BAR,78,PRESERVATIVES
69.1,2.9,7.9,3.0,328.6,245.9,0,0,0,0,HEALTH_SUPPLEMENTS,93,NONE
0.7,32.7,23.0,0.2,356.1,1342.1,0,1,0,4,SAUCES_SPREADS,0,"HIGH_SUGAR,HIGH_FAT,PRESERVATIVES,LOW_FIBER,HIGH_SODIUM,MANY_RISKY_INGREDIENTS"
0.1,10.2,0.0,0.0,54.8,283.3,1,1,0,4,ENERGY_DRINKS,12,"ARTIFICIAL_SWEETENER,PRESERVATIVES,LOW_FIBER,MANY_RISKY_INGREDIENTS"
12.3,32.0,21.5,4.3,410.7,501.9,1,1,1,5,PROTEIN_BAR,0,"HIGH_SUGAR,HIGH_FAT,TRANS_FAT,ARTIFICIAL_SWEETENER,PRESERVATIVES,MANY_RISKY_INGREDIENTS"
17.3,11.8,12.7,6.1,412.4,348.9,1,0,0,1,PROTEIN_BAR,55,ARTIFICIAL_SWEETENER
25.7,4.0,10.0,12.4,304.1,166.3,0,0,0,1,PROTEIN_BAR,100,NONE
5.7,11.6,13.6,3.9,400.3,271.1,0,0,0,1,BISCUITS_COOKIES,58,NONE
1.4,17.3,15.1,0.2,289.8,525.8,0,0,0,2,SAUCES_SPREADS,39,LOW_FIBER
5.4,4.1,21.4,0.7,487.9,1018.1,0,0,1,3,INSTANT_NOODLES_RTE,18,"HIGH_FAT,TRANS_FAT,LOW_FIBER,HIGH_CALORIE,HIGH_SODIUM,MANY_RISKY_INGREDIENTS"
4.8,13.8,9.3,0.7,107.4,191.3,1,0,0,1,DAIRY_PRODUCTS,56,"ARTIFICIAL_SWEETENER,LOW_FIBER"
6.0,18.9,17.3,2.8,473.6,261.9,0,0,0,3,BISCUITS_COOKIES,33,"HIGH_CALORIE,MANY_RISKY_INGREDIENTS"
6.4,14.0,11.6,4.1,387.5,206.5,0,0,0,2,BREAKFAST_CEREAL,56,NONE
0.8,2.5,0.5,0.3,15.6,53.6,0,0,0,0,BEVERAGES,68,LOW_FIBER
6.1,6.1,14.5,3.8,247.6,692.5,1,1,0,3,FROZEN_FOODS,47,"ARTIFICIAL_SWEETENER,PRESERVATIVES,MANY_RISKY_INGREDIENTS"
6.5,10.2,8.3,4.1,415.3,356.5,0,0,0,0,BISCUITS_COOKIES,64,NONE
0.4,5.8,0.4,0.3,44.0,60.3,0,0,0,2,BEVERAGES,53,LOW_FIBER
33.7,2.1,11.7,9.6,333.0,176.9,0,0,0,1,PROTEIN_BAR,96,NONE
29.9,3.9,10.4,7.1,372.0,256.9,0,0,0,0,PROTEIN_BAR,88,NONE
6.4,4.5,3.7,1.8,75.1,243.2,0,0,0,0,DAIRY_PRODUCTS,82,LOW_FIBER
6.8,6.2,11.5,3.6,253.2,567.9,0,1,0,3,FROZEN_FOODS,60,"PRESERVATIVES,MANY_RISKY_INGREDIENTS"
4.4,6.3,28.7,1.6,520.9,781.5,0,1,0,6,SNACKS,21,"HIGH_FAT,PRESERVATIVES,LOW_FIBER,HIGH_CALORIE,MANY_RISKY_INGREDIENTS"
6.3,7.4,12.5,3.5,268.6,718.0,0,1,0,3,FROZEN_FOODS,55,"PRESERVATIVES,MANY_RISKY_INGREDIENTS"
4.8,11.1,9.2,0.7,110.9,317.6,1,1,0,0,DAIRY_PRODUCTS,48,"ARTIFICIAL_SWEETENER,PRESERVATIVES,LOW_FIBER"
11.4,10.4,3.3,9.9,357.3,347.9,0,0,0,0,BREAKFAST_CEREAL,76,NONE
3.0,6.6,22.6,1.5,454.9,1656.4,0,1,0,4,INSTANT_NOODLES_RTE,15,"HIGH_FAT,PRESERVATIVES,LOW_FIBER,HIGH_CALORIE,HIGH_SODIUM,MANY_RISKY_INGREDIENTS"
13.8,12.2,16.4,5.3,387.6,498.5,0,1,0,3,PROTEIN_BAR,40,"PRESERVATIVES,MANY_RISKY_INGREDIENTS"
5.8,5.7,23.4,0.2,444.8,1401.7,0,1,0,4,INSTANT_NOODLES_RTE,24,"HIGH_FAT,PRESERVATIVES,LOW_FIBER,HIGH_SODIUM,MANY_RISKY_INGREDIENTS"
4.7,7.6,22.5,0.8,495.1,1627.9,0,0,1,3,INSTANT_NOODLES_RTE,7,"HIGH_FAT,TRANS_FAT,LOW_FIBER,HIGH_CALORIE,HIGH_SODIUM,MANY_RISKY_INGREDIENTS"
1.5,15.9,8.2,0.3,259.4,512.8,0,0,0,1,SAUCES_SPREADS,50,LOW_FIBER
0.0,12.5,0.0,0.0,51.9,329.7,1,1,0,3,ENERGY_DRINKS,14,"ARTIFICIAL_SWEETENER,PRESERVATIVES,LOW_FIBER,MANY_RISKY_INGREDIENTS"
4.6,33.6,25.2,0.7,480.8,374.8,1,1,1,5,BISCUITS_COOKIES,0,"HIGH_SUGAR,HIGH_FAT,TRANS_FAT,ARTIFICIAL_SWEETENER,PRESERVATIVES,LOW_FIBER,HIGH_CALORIE,MANY_RISKY_INGREDIENTS"
8.6,20.6,25.0,4.1,440.9,629.3,1,1,1,2,PROTEIN_BAR,0,"HIGH_SUGAR,HIGH_FAT,TRANS_FAT,ARTIFICIAL_SWEETENER,PRESERVATIVES"
0.5,8.2,0.0,0.0,49.3,111.1,1,1,0,2,ENERGY_DRINKS,26,"ARTIFICIAL_SWEETENER,PRESERVATIVES,LOW_FIBER"
9.4,18.3,16.5,5.4,451.3,95.3,0,0,0,1,CHOCOLATES_CONFECTIONERY,74,HIGH_CALORIE
0.0,26.4,20.4,0.5,301.0,1000.2,1,1,0,3,SAUCES_SPREADS,0,"HIGH_SUGAR,HIGH_FAT,ARTIFICIAL_SWEETENER,PRESERVATIVES,LOW_FIBER,HIGH_SODIUM,MANY_RISKY_INGREDIENTS"
8.4,3.1,8.6,5.2,192.3,391.4,0,0,0,0,FROZEN_FOODS,86,NONE
4.5,9.7,5.9,0.6,102.9,200.1,1,1,0,1,DAIRY_PRODUCTS,52,"ARTIFICIAL_SWEETENER,PRESERVATIVES,LOW_FIBER"
10.0,4.7,13.0,3.2,381.4,293.3,0,0,0,0,SNACKS,85,NONE
0.8,32.7,18.0,0.1,283.7,1029.7,1,0,0,2,SAUCES_SPREADS,8,"HIGH_SUGAR,ARTIFICIAL_SWEETENER,LOW_FIBER,HIGH_SODIUM"
0.2,23.2,18.4,0.2,313.3,1408.9,1,1,0,4,SAUCES_SPREADS,0,"HIGH_SUGAR,HIGH_FAT,ARTIFICIAL_SWEETENER,PRESERVATIVES,LOW_FIBER,HIGH_SODIUM,MANY_RISKY_INGREDIENTS"
5.7,12.2,21.1,1.1,398.2,1159.3,1,1,1,3,FROZEN_FOODS,2,"HIGH_FAT,TRANS_FAT,ARTIFICIAL_SWEETENER,PRESERVATIVES,LOW_FIBER,HIGH_SODIUM,MANY_RISKY_INGREDIENTS"
0.3,11.0,0.0,0.0,47.0,367.4,0,0,0,2,ENERGY_DRINKS,34,LOW_FIBER
5.6,6.1,18.1,3.0,463.2,512.8,0,0,0,1,SNACKS,57,"HIGH_FAT,HIGH_CALORIE"
0.1,12.9,0.0,0.0,59.3,296.9,1,1,0,2,ENERGY_DRINKS,16,"ARTIFICIAL_SWEETENER,PRESERVATIVES,LOW_FIBER"
13.2,6.0,2.4,14.8,378.7,115.1,0,0,0,0,BREAKFAST_CEREAL,95,NONE
4.9,5.7,18.9,1.4,474.8,616.3,0,1,0,3,SNACKS,32,"HIGH_FAT,PRESERVATIVES,LOW_FIBER,HIGH_CALORIE,MANY_RISKY_INGREDIENTS"
0.3,7.4,0.0,0.0,45.5,124.9,1,1,0,2,ENERGY_DRINKS,40,"ARTIFICIAL_SWEETENER,PRESERVATIVES,LOW_FIBER"
5.9,3.5,14.0,1.5,412.5,843.0,1,0,0,1,INSTANT_NOODLES_RTE,54,"ARTIFICIAL_SWEETENER,LOW_FIBER,HIGH_SODIUM"
47.9,8.4,5.2,3.5,379.2,368.1,0,1,0,1,HEALTH_SUPPLEMENTS,74,PRESERVATIVES
1.9,28.9,18.1,0.0,364.3,995.4,1,1,0,2,SAUCES_SPREADS,8,"HIGH_SUGAR,HIGH_FAT,ARTIFICIAL_SWEETENER,PRESERVATIVES,LOW_FIBER,HIGH_SODIUM"
11.2,38.6,24.6,1.8,431.1,608.0,1,1,1,2,PROTEIN_BAR,0,"HIGH_SUGAR,HIGH_FAT,TRANS_FAT,ARTIFICIAL_SWEETENER,PRESERVATIVES,LOW_FIBER"
5.5,19.7,15.8,2.1,431.3,410.7,1,1,0,3,BISCUITS_COOKIES,25,"ARTIFICIAL_SWEETENER,PRESERVATIVES,MANY_RISKY_INGREDIENTS"
2.4,51.8,31.9,1.6,574.9,130.5,1,0,0,4,CHOCOLATES_CONFECTIONERY,17,"HIGH_SUGAR,HIGH_FAT,ARTIFICIAL_SWEETENER,LOW_FIBER,HIGH_CALORIE,MANY_RISKY_INGREDIENTS"
0.4,15.4,0.4,0.0,44.8,67.3,0,0,0,4,BEVERAGES,35,"LOW_FIBER,MANY_RISKY_INGREDIENTS"
3.7,7.6,33.8,0.0,527.8,1059.5,1,1,0,3,SNACKS,9,"HIGH_FAT,ARTIFICIAL_SWEETENER,PRESERVATIVES,LOW_FIBER,HIGH_CALORIE,HIGH_SODIUM,MANY_RISKY_INGREDIENTS"
8.8,9.6,3.9,10.4,364.6,344.6,0,1,0,0,BREAKFAST_CEREAL,81,PRESERVATIVES
1.6,12.7,13.3,0.6,238.7,663.2,0,1,0,1,SAUCES_SPREADS,45,"PRESERVATIVES,LOW_FIBER"
6.4,7.4,17.7,2.7,457.1,456.1,0,0,0,2,SNACKS,51,HIGH_CALORIE
78.9,1.1,3.5,7.3,357.5,114.6,0,0,0,0,HEALTH_SUPPLEMENTS,100,NONE
2.0,21.5,13.5,0.1,148.6,432.0,0,1,0,3,DAIRY_PRODUCTS,39,"HIGH_SUGAR,PRESERVATIVES,LOW_FIBER,MANY_RISKY_INGREDIENTS"
7.2,3.9,4.7,1.7,68.5,64.2,0,0,0,0,DAIRY_PRODUCTS,87,LOW_FIBER
6.4,12.8,22.8,0.4,347.7,997.8,0,1,0,4,FROZEN_FOODS,28,"HIGH_FAT,PRESERVATIVES,LOW_FIBER,HIGH_SODIUM,MANY_RISKY_INGREDIENTS"
4.5,33.3,26.9,0.9,507.4,574.6,0,1,0,5,BISCUITS_COOKIES,0,"HIGH_SUGAR,HIGH_FAT,PRESERVATIVES,LOW_FIBER,HIGH_CALORIE,MANY_RISKY_INGREDIENTS"
5.1,8.8,7.6,0.2,101.1,166.2,1,0,0,1,DAIRY_PRODUCTS,66,"ARTIFICIAL_SWEETENER,LOW_FIBER"
4.6,11.2,6.3,0.9,110.0,186.9,0,0,0,0,DAIRY_PRODUCTS,66,LOW_FIBER
5.1,4.1,16.1,1.3,402.3,923.1,1,1,0,2,INSTANT_NOODLES_RTE,42,"ARTIFICIAL_SWEETENER,PRESERVATIVES,LOW_FIBER,HIGH_SODIUM"
3.8,23.5,18.0,3.9,466.1,411.1,1,1,0,1,BISCUITS_COOKIES,14,"HIGH_SUGAR,ARTIFICIAL_SWEETENER,PRESERVATIVES,HIGH_CALORIE"
0.9,9.5,1.0,0.4,35.0,74.9,1,0,0,1,BEVERAGES,33,"ARTIFICIAL_SWEETENER,LOW_FIBER"
6.5,23.7,19.4,2.4,463.6,401.8,0,0,0,3,BISCUITS_COOKIES,23,"HIGH_SUGAR,HIGH_FAT,HIGH_CALORIE,MANY_RISKY_INGREDIENTS"
59.1,5.6,7.4,2.7,351.2,309.5,0,0,0,2,HEALTH_SUPPLEMENTS,73,NONE
3.5,6.3,31.8,0.2,567.1,1165.7,0,1,1,4,SNACKS,0,"HIGH_FAT,TRANS_FAT,PRESERVATIVES,LOW_FIBER,HIGH_CALORIE,HIGH_SODIUM,MANY_RISKY_INGREDIENTS"
3.9,13.2,19.8,0.4,327.1,921.7,1,1,1,5,FROZEN_FOODS,4,"HIGH_FAT,TRANS_FAT,ARTIFICIAL_SWEETENER,PRESERVATIVES,LOW_FIBER,HIGH_SODIUM,MANY_RISKY_INGREDIENTS"
7.0,5.2,13.6,2.2,268.9,793.8,0,1,0,1,FROZEN_FOODS,55,PRESERVATIVES
2.6,15.8,18.0,0.5,269.9,766.9,1,1,0,2,SAUCES_SPREADS,23,"ARTIFICIAL_SWEETENER,PRESERVATIVES,LOW_FIBER"
0.3,10.3,0.0,0.0,61.4,376.6,1,1,0,2,ENERGY_DRINKS,16,"ARTIFICIAL_SWEETENER,PRESERVATIVES,LOW_FIBER"
3.6,27.3,24.0,1.5,536.4,383.8,0,0,1,2,BISCUITS_COOKIES,0,"HIGH_SUGAR,HIGH_FAT,TRANS_FAT,LOW_FIBER,HIGH_CALORIE"
8.0,9.5,4.5,10.1,377.4,148.2,0,0,0,0,BREAKFAST_CEREAL,91,NONE
4.9,9.3,8.5,0.2,123.2,213.3,1,0,0,1,DAIRY_PRODUCTS,57,"ARTIFICIAL_SWEETENER,LOW_FIBER"
7.1,4.9,13.9,3.6,294.1,674.0,0,1,0,3,FROZEN_FOODS,62,"PRESERVATIVES,MANY_RISKY_INGREDIENTS"
6.7,3.4,17.2,1.4,409.6,742.6,1,1,0,2,INSTANT_NOODLES_RTE,42,"ARTIFICIAL_SWEETENER,PRESERVATIVES,LOW_FIBER"
3.0,5.2,3.2,0.6,164.8,341.1,0,0,0,0,SAUCES_SPREADS,69,LOW_FIBER
0.8,5.8,0.7,0.3,26.2,166.6,0,0,0,1,BEVERAGES,55,LOW_FIBER
6.4,5.2,12.7,3.9,408.8,754.9,0,1,0,2,INSTANT_NOODLES_RTE,57,PRESERVATIVES
4.3,12.9,31.2,0.5,569.0,1146.7,0,0,1,6,SNACKS,0,"HIGH_FAT,TRANS_FAT,LOW_FIBER,HIGH_CALORIE,HIGH_SODIUM,MANY_RISKY_INGREDIENTS"
6.5,10.3,24.5,1.1,305.1,1098.2,1,1,0,3,FROZEN_FOODS,22,"HIGH_FAT,ARTIFICIAL_SWEETENER,PRESERVATIVES,LOW_FIBER,HIGH_SODIUM,MANY_RISKY_INGREDIENTS"
0.3,0.6,0.5,0.2,10.4,61.1,0,0,0,0,BEVERAGES,75,LOW_FIBER
14.1,8.9,7.7,8.5,358.9,148.4,0,0,0,0,BREAKFAST_CEREAL,87,NONE
10.9,3.7,5.9,4.8,210.1,331.8,0,1,0,1,FROZEN_FOODS,79,PRESERVATIVES
4.5,8.8,25.9,1.8,579.9,1035.2,1,1,1,5,SNACKS,0,"HIGH_FAT,TRANS_FAT,ARTIFICIAL_SWEETENER,PRESERVATIVES,LOW_FIBER,HIGH_CALORIE,HIGH_SODIUM,MANY_RISKY_INGREDIENTS"
0.1,9.1,0.0,0.0,48.3,224.7,0,0,0,2,ENERGY_DRINKS,34,LOW_FIBER
75.3,4.8,2.3,2.0,348.0,156.8,0,0,0,0,HEALTH_SUPPLEMENTS,98,NONE
0.4,12.3,0.0,0.0,51.3,274.1,0,1,0,2,ENERGY_DRINKS,24,"PRESERVATIVES,LOW_FIBER"
4.9,63.2,31.6,0.7,545.4,104.1,1,1,0,4,CHOCOLATES_CONFECTIONERY,12,"HIGH_SUGAR,HIGH_FAT,ARTIFICIAL_SWEETENER,PRESERVATIVES,LOW_FIBER,HIGH_CALORIE,MANY_RISKY_INGREDIENTS"
3.8,10.8,9.6,0.3,119.9,389.6,1,1,0,2,DAIRY_PRODUCTS,44,"ARTIFICIAL_SWEETENER,PRESERVATIVES,LOW_FIBER"
0.0,2.5,0.0,0.0,5.1,190.6,0,0,0,1,ENERGY_DRINKS,66,LOW_FIBER
1.1,6.8,5.6,1.4,95.6,352.8,0,1,0,1,SAUCES_SPREADS,58,"PRESERVATIVES,LOW_FIBER"
6.2,9.3,5.3,0.5,93.7,341.6,1,1,0,0,DAIRY_PRODUCTS,58,"ARTIFICIAL_SWEETENER,PRESERVATIVES,LOW_FIBER"
10.7,3.5,3.8,1.6,66.5,114.5,0,0,0,0,DAIRY_PRODUCTS,91,LOW_FIBER
5.2,6.5,21.7,1.4,491.1,1345.8,0,1,0,5,INSTANT_NOODLES_RTE,17,"HIGH_FAT,PRESERVATIVES,LOW_FIBER,HIGH_CALORIE,HIGH_SODIUM,MANY_RISKY_INGREDIENTS"
2.1,56.5,38.5,0.8,538.1,169.4,0,0,1,4,CHOCOLATES_CONFECTIONERY,2,"HIGH_SUGAR,HIGH_FAT,TRANS_FAT,LOW_FIBER,HIGH_CALORIE,MANY_RISKY_INGREDIENTS"
4.5,46.3,31.7,0.6,539.2,148.8,1,1,0,4,CHOCOLATES_CONFECTIONERY,19,"HIGH_SUGAR,HIGH_FAT,ARTIFICIAL_SWEETENER,PRESERVATIVES,LOW_FIBER,HIGH_CALORIE,MANY_RISKY_INGREDIENTS"
3.6,7.5,14.6,2.1,482.6,455.0,0,0,0,3,SNACKS,50,"HIGH_CALORIE,MANY_RISKY_INGREDIENTS"
1.0,35.0,24.3,0.3,327.0,1017.0,0,1,0,3,SAUCES_SPREADS,4,"HIGH_SUGAR,HIGH_FAT,PRESERVATIVES,LOW_FIBER,HIGH_SODIUM,MANY_RISKY_INGREDIENTS"
6.9,4.3,3.6,1.7,64.4,86.7,0,0,0,0,DAIRY_PRODUCTS,87,LOW_FIBER
4.9,10.4,23.3,0.6,307.5,1158.3,1,0,1,5,FROZEN_FOODS,4,"HIGH_FAT,TRANS_FAT,ARTIFICIAL_SWEETENER,LOW_FIBER,HIGH_SODIUM,MANY_RISKY_INGREDIENTS"
4.3,42.9,32.0,2.1,510.5,59.1,0,0,0,2,CHOCOLATES_CONFECTIONERY,41,"HIGH_SUGAR,HIGH_FAT,HIGH_CALORIE"
5.7,5.0,19.5,1.3,491.0,1598.7,1,1,1,5,INSTANT_NOODLES_RTE,6,"HIGH_FAT,TRANS_FAT,ARTIFICIAL_SWEETENER,PRESERVATIVES,LOW_FIBER,HIGH_CALORIE,HIGH_SODIUM,MANY_RISKY_INGREDIENTS"
6.6,4.0,17.6,3.6,379.4,751.8,0,0,0,3,INSTANT_NOODLES_RTE,62,MANY_RISKY_INGREDIENTS
0.4,12.6,0.0,0.0,50.2,304.9,1,1,0,2,ENERGY_DRINKS,16,"ARTIFICIAL_SWEETENER,PRESERVATIVES,LOW_FIBER"
4.5,58.9,39.3,1.4,565.9,75.2,1,1,0,3,CHOCOLATES_CONFECTIONERY,6,"HIGH_SUGAR,HIGH_FAT,ARTIFICIAL_SWEETENER,PRESERVATIVES,LOW_FIBER,HIGH_CALORIE,MANY_RISKY_INGREDIENTS"
8.4,5.9,13.7,4.0,265.3,608.7,0,1,0,3,FROZEN_FOODS,59,"PRESERVATIVES,MANY_RISKY_INGREDIENTS"
8.8,3.1,12.4,7.2,422.9,382.6,0,0,0,1,SNACKS,82,NONE
60.1,2.0,6.2,2.6,372.7,143.0,0,0,0,0,HEALTH_SUPPLEMENTS,89,NONE
20.2,6.6,11.1,11.1,315.1,185.6,0,0,0,0,PROTEIN_BAR,90,NONE
0.9,0.3,0.0,0.0,10.8,83.9,0,0,0,0,ENERGY_DRINKS,75,LOW_FIBER
10.0,12.4,5.9,5.3,402.4,463.6,0,0,0,1,BREAKFAST_CEREAL,66,NONE
8.1,1.1,6.3,3.3,329.5,566.6,0,0,0,0,INSTANT_NOODLES_RTE,89,NONE
29.9,3.9,10.2,6.4,371.8,172.8,0,0,0,0,PROTEIN_BAR,93,NONE
4.8,9.6,16.6,1.3,499.8,517.0,1,0,0,1,SNACKS,36,"ARTIFICIAL_SWEETENER,LOW_FIBER,HIGH_CALORIE"
15.6,16.5,16.1,6.1,375.5,263.0,1,0,0,0,PROTEIN_BAR,45,ARTIFICIAL_SWEETENER
36.9,8.7,8.2,3.3,411.4,460.3,0,0,0,1,HEALTH_SUPPLEMENTS,79,NONE
2.1,16.5,9.5,0.6,201.9,800.2,0,1,0,2,SAUCES_SPREADS,40,"PRESERVATIVES,LOW_FIBER,HIGH_SODIUM"
6.5,33.4,33.0,2.3,509.4,85.4,0,1,0,1,CHOCOLATES_CONFECTIONERY,50,"HIGH_SUGAR,HIGH_FAT,PRESERVATIVES,HIGH_CALORIE"
0.0,15.3,0.1,0.0,60.2,82.8,1,1,0,3,BEVERAGES,19,"ARTIFICIAL_SWEETENER,PRESERVATIVES,LOW_FIBER,MANY_RISKY_INGREDIENTS"
4.4,21.7,19.4,1.7,474.9,465.7,0,1,0,3,BISCUITS_COOKIES,19,"HIGH_SUGAR,HIGH_FAT,PRESERVATIVES,LOW_FIBER,HIGH_CALORIE,MANY_RISKY_INGREDIENTS"
25.1,4.5,7.4,12.6,307.8,205.4,0,1,0,1,PROTEIN_BAR,94,PRESERVATIVES
29.8,13.2,12.3,1.1,462.1,478.8,1,1,0,3,HEALTH_SUPPLEMENTS,38,"ARTIFICIAL_SWEETENER,PRESERVATIVES,LOW_FIBER,HIGH_CALORIE,MANY_RISKY_INGREDIENTS"
3.7,62.8,37.0,0.4,545.8,124.1,0,1,0,3,CHOCOLATES_CONFECTIONERY,14,"HIGH_SUGAR,HIGH_FAT,PRESERVATIVES,LOW_FIBER,HIGH_CALORIE,MANY_RISKY_INGREDIENTS"
0.3,5.9,0.1,0.5,29.0,59.0,1,0,0,1,BEVERAGES,47,"ARTIFICIAL_SWEETENER,LOW_FIBER"
5.7,6.3,21.3,1.7,463.0,1694.9,0,0,1,5,INSTANT_NOODLES_RTE,7,"HIGH_FAT,TRANS_FAT,LOW_FIBER,HIGH_CALORIE,HIGH_SODIUM,MANY_RISKY_INGREDIENTS"
0.5,10.3,0.0,0.0,57.5,275.0,1,1,0,2,ENERGY_DRINKS,16,"ARTIFICIAL_SWEETENER,PRESERVATIVES,LOW_FIBER"
79.1,3.0,5.3,4.5,336.8,123.2,0,0,0,0,HEALTH_SUPPLEMENTS,98,NONE
3.3,13.8,5.2,0.8,121.5,242.2,0,1,0,0,DAIRY_PRODUCTS,56,"PRESERVATIVES,LOW_FIBER"
0.9,6.5,0.0,0.0,36.2,208.8,0,1,0,1,ENERGY_DRINKS,45,"PRESERVATIVES,LOW_FIBER"
10.7,9.2,5.1,12.9,351.7,171.1,0,0,0,0,BREAKFAST_CEREAL,87,NONE
0.2,32.5,22.3,0.3,298.3,846.3,0,0,0,4,SAUCES_SPREADS,17,"HIGH_SUGAR,HIGH_FAT,LOW_FIBER,HIGH_SODIUM,MANY_RISKY_INGREDIENTS"
5.4,5.5,20.1,0.3,475.3,1743.5,0,0,0,3,INSTANT_NOODLES_RTE,26,"HIGH_FAT,LOW_FIBER,HIGH_CALORIE,HIGH_SODIUM,MANY_RISKY_INGREDIENTS"
7.7,12.6,5.6,7.9,388.6,491.3,0,0,0,0,BREAKFAST_CEREAL,68,NONE
3.7,33.7,14.1,4.5,418.6,462.7,1,1,0,2,BREAKFAST_CEREAL,22,"HIGH_SUGAR,ARTIFICIAL_SWEETENER,PRESERVATIVES"
0.1,0.1,0.3,0.7,11.2,35.4,0,0,0,0,BEVERAGES,75,LOW_FIBER
13.3,25.7,24.1,4.9,435.0,404.2,1,0,0,4,PROTEIN_BAR,13,"HIGH_SUGAR,HIGH_FAT,ARTIFICIAL_SWEETENER,MANY_RISKY_INGREDIENTS"
3.7,9.3,26.3,1.3,339.5,1097.7,1,1,0,4,FROZEN_FOODS,22,"HIGH_FAT,ARTIFICIAL_SWEETENER,PRESERVATIVES,LOW_FIBER,HIGH_SODIUM,MANY_RISKY_INGREDIENTS"
8.3,13.9,7.7,9.7,379.9,400.5,1,0,0,1,BREAKFAST_CEREAL,62,ARTIFICIAL_SWEETENER
2.5,15.6,11.0,0.4,262.8,862.4,0,1,0,1,SAUCES_SPREADS,38,"PRESERVATIVES,LOW_FIBER,HIGH_SODIUM"
2.2,58.8,31.7,1.2,570.1,163.3,1,1,1,4,CHOCOLATES_CONFECTIONERY,0,"HIGH_SUGAR,HIGH_FAT,TRANS_FAT,ARTIFICIAL_SWEETENER,PRESERVATIVES,LOW_FIBER,HIGH_CALORIE,MANY_RISKY_INGREDIENTS"
3.6,32.6,23.8,1.1,489.8,560.9,1,1,0,3,BISCUITS_COOKIES,0,"HIGH_SUGAR,HIGH_FAT,ARTIFICIAL_SWEETENER,PRESERVATIVES,LOW_FIBER,HIGH_CALORIE,MANY_RISKY_INGREDIENTS"
0.1,15.2,0.5,0.0,63.3,129.6,1,1,0,4,BEVERAGES,17,"ARTIFICIAL_SWEETENER,PRESERVATIVES,LOW_FIBER,MANY_RISKY_INGREDIENTS"
3.5,9.6,29.4,0.3,537.5,1115.6,0,1,0,3,SNACKS,17,"HIGH_FAT,PRESERVATIVES,LOW_FIBER,HIGH_CALORIE,HIGH_SODIUM,MANY_RISKY_INGREDIENTS"
1.6,34.2,25.3,0.1,390.9,1342.7,1,1,1,2,SAUCES_SPREADS,0,"HIGH_SUGAR,HIGH_FAT,TRANS_FAT,ARTIFICIAL_SWEETENER,PRESERVATIVES,LOW_FIBER,HIGH_SODIUM"
6.6,16.9,10.4,5.0,400.7,424.8,0,1,0,1,BREAKFAST_CEREAL,46,PRESERVATIVES
1.8,12.5,11.7,0.1,210.2,608.8,1,0,0,1,SAUCES_SPREADS,42,"ARTIFICIAL_SWEETENER,LOW_FIBER"
8.6,7.1,3.3,11.9,360.7,341.5,0,1,0,0,BREAKFAST_CEREAL,81,PRESERVATIVES
7.7,16.1,6.9,4.8,402.8,498.8,0,0,0,2,BREAKFAST_CEREAL,53,NONE
0.9,7.8,0.5,0.3,44.1,169.2,0,0,0,2,BEVERAGES,53,LOW_FIBER
3.8,25.2,22.5,2.0,485.0,313.8,0,1,0,2,BISCUITS_COOKIES,11,"HIGH_SUGAR,HIGH_FAT,PRESERVATIVES,HIGH_CALORIE"
2.1,38.5,26.2,0.9,540.3,585.9,1,0,1,2,BISCUITS_COOKIES,0,"HIGH_SUGAR,HIGH_FAT,TRANS_FAT,ARTIFICIAL_SWEETENER,LOW_FIBER,HIGH_CALORIE"
11.7,18.7,21.5,2.1,473.3,74.9,0,0,0,0,CHOCOLATES_CONFECTIONERY,68,"HIGH_FAT,HIGH_CALORIE"
10.1,27.0,23.7,4.0,494.9,676.0,0,1,0,3,PROTEIN_BAR,8,"HIGH_SUGAR,HIGH_FAT,PRESERVATIVES,HIGH_CALORIE,MANY_RISKY_INGREDIENTS"
6.1,8.7,5.6,0.2,95.1,305.0,0,0,0,2,DAIRY_PRODUCTS,67,LOW_FIBER
0.4,11.0,0.4,0.0,46.0,174.3,0,1,0,3,BEVERAGES,32,"PRESERVATIVES,LOW_FIBER,MANY_RISKY_INGREDIENTS"
2.8,8.2,32.9,1.5,526.3,967.0,0,1,0,6,SNACKS,21,"HIGH_FAT,PRESERVATIVES,LOW_FIBER,HIGH_CALORIE,HIGH_SODIUM,MANY_RISKY_INGREDIENTS"
1.4,34.2,26.3,0.5,346.5,1220.2,1,1,0,4,SAUCES_SPREADS,0,"HIGH_SUGAR,HIGH_FAT,ARTIFICIAL_SWEETENER,PRESERVATIVES,LOW_FIBER,HIGH_SODIUM,MANY_RISKY_INGREDIENTS"
4.7,4.9,20.3,0.5,467.5,1735.1,1,1,1,5,INSTANT_NOODLES_RTE,0,"HIGH_FAT,TRANS_FAT,ARTIFICIAL_SWEETENER,PRESERVATIVES,LOW_FIBER,HIGH_CALORIE,HIGH_SODIUM,MANY_RISKY_INGREDIENTS"
2.4,7.7,32.9,0.7,539.0,1170.6,0,1,1,4,SNACKS,0,"HIGH_FAT,TRANS_FAT,PRESERVATIVES,LOW_FIBER,HIGH_CALORIE,HIGH_SODIUM,MANY_RISKY_INGREDIENTS"
5.7,36.6,9.6,1.1,419.2,442.5,1,1,0,4,BREAKFAST_CEREAL,17,"HIGH_SUGAR,ARTIFICIAL_SWEETENER,PRESERVATIVES,LOW_FIBER,MANY_RISKY_INGREDIENTS"
61.3,2.7,7.6,3.7,334.2,120.4,0,0,0,0,HEALTH_SUPPLEMENTS,98,NONE
0.2,12.1,0.0,0.0,62.6,388.6,0,1,0,3,ENERGY_DRINKS,22,"PRESERVATIVES,LOW_FIBER,MANY_RISKY_INGREDIENTS"
33.3,9.4,6.3,3.0,387.0,462.9,0,0,0,2,HEALTH_SUPPLEMENTS,77,NONE
3.0,58.4,32.3,0.6,577.8,102.2,0,1,1,2,CHOCOLATES_CONFECTIONERY,9,"HIGH_SUGAR,HIGH_FAT,TRANS_FAT,PRESERVATIVES,LOW_FIBER,HIGH_CALORIE"
2.0,63.0,35.7,0.7,569.8,110.0,0,1,0,4,CHOCOLATES_CONFECTIONERY,12,"HIGH_SUGAR,HIGH_FAT,PRESERVATIVES,LOW_FIBER,HIGH_CALORIE,MANY_RISKY_INGREDIENTS"
0.6,6.0,0.0,0.0,33.1,227.3,1,1,0,1,ENERGY_DRINKS,37,"ARTIFICIAL_SWEETENER,PRESERVATIVES,LOW_FIBER"
1.3,23.7,28.4,0.2,285.3,971.2,1,0,0,3,SAUCES_SPREADS,11,"HIGH_SUGAR,HIGH_FAT,ARTIFICIAL_SWEETENER,LOW_FIBER,HIGH_SODIUM,MANY_RISKY_INGREDIENTS"
3.9,7.2,22.7,1.2,503.8,1006.4,0,1,0,3,SNACKS,17,"HIGH_FAT,PRESERVATIVES,LOW_FIBER,HIGH_CALORIE,HIGH_SODIUM,MANY_RISKY_INGREDIENTS"
18.8,16.0,16.7,0.9,432.8,404.3,0,0,0,4,HEALTH_SUPPLEMENTS,32,"LOW_FIBER,MANY_RISKY_INGREDIENTS"
7.7,9.9,17.8,3.4,484.2,524.3,0,0,1,3,SNACKS,38,"TRANS_FAT,HIGH_CALORIE,MANY_RISKY_INGREDIENTS"
13.3,14.4,16.2,7.3,350.9,405.3,0,1,0,2,PROTEIN_BAR,46,PRESERVATIVES
2.2,37.4,24.1,1.4,544.7,401.9,1,1,0,3,BISCUITS_COOKIES,0,"HIGH_SUGAR,HIGH_FAT,ARTIFICIAL_SWEETENER,PRESERVATIVES,LOW_FIBER,HIGH_CALORIE,MANY_RISKY_INGREDIENTS"
70.0,1.7,4.3,7.2,329.1,290.3,0,0,0,0,HEALTH_SUPPLEMENTS,100,NONE
6.4,21.0,20.1,1.6,478.2,351.0,1,0,0,3,BISCUITS_COOKIES,15,"HIGH_SUGAR,HIGH_FAT,ARTIFICIAL_SWEETENER,LOW_FIBER,HIGH_CALORIE,MANY_RISKY_INGREDIENTS"
0.3,13.8,0.0,0.0,55.7,351.7,1,1,0,4,ENERGY_DRINKS,12,"ARTIFICIAL_SWEETENER,PRESERVATIVES,LOW_FIBER,MANY_RISKY_INGREDIENTS"
1.0,6.7,0.9,0.5,29.8,169.7,0,1,0,0,BEVERAGES,52,"PRESERVATIVES,LOW_FIBER"
3.9,17.0,18.0,3.3,460.3,422.2,0,1,0,2,BISCUITS_COOKIES,30,"PRESERVATIVES,HIGH_CALORIE"
9.2,9.6,5.7,13.5,357.6,290.9,0,0,0,0,BREAKFAST_CEREAL,82,NONE
7.4,9.8,17.4,3.5,443.2,661.9,0,1,1,1,SNACKS,39,"TRANS_FAT,PRESERVATIVES"
7.0,3.7,20.6,3.0,445.3,620.8,0,1,0,3,SNACKS,52,"HIGH_FAT,PRESERVATIVES,MANY_RISKY_INGREDIENTS"
7.7,38.0,33.3,1.7,485.0,117.4,0,0,0,2,CHOCOLATES_CONFECTIONERY,40,"HIGH_SUGAR,HIGH_FAT,LOW_FIBER,HIGH_CALORIE"
6.9,9.7,26.2,1.0,349.6,1172.2,1,1,0,5,FROZEN_FOODS,24,"HIGH_FAT,ARTIFICIAL_SWEETENER,PRESERVATIVES,LOW_FIBER,HIGH_SODIUM,MANY_RISKY_INGREDIENTS"
5.2,37.3,33.3,2.8,500.7,51.8,1,0,0,2,CHOCOLATES_CONFECTIONERY,37,"HIGH_SUGAR,HIGH_FAT,ARTIFICIAL_SWEETENER,HIGH_CALORIE"
0.4,3.0,0.0,0.0,6.5,113.6,0,0,0,1,ENERGY_DRINKS,66,LOW_FIBER
6.5,7.9,18.8,1.3,333.6,1068.8,0,0,1,4,FROZEN_FOODS,29,"HIGH_FAT,TRANS_FAT,LOW_FIBER,HIGH_SODIUM,MANY_RISKY_INGREDIENTS"
65.4,5.0,4.6,6.2,314.6,222.0,0,0,0,0,HEALTH_SUPPLEMENTS,100,NONE
0.3,10.6,0.0,0.0,55.4,252.6,0,1,0,4,ENERGY_DRINKS,20,"PRESERVATIVES,LOW_FIBER,MANY_RISKY_INGREDIENTS"
7.0,19.6,8.4,9.6,381.7,324.7,1,0,0,0,BREAKFAST_CEREAL,53,ARTIFICIAL_SWEETENER
4.1,25.0,17.2,3.7,463.8,335.2,0,1,1,1,BISCUITS_COOKIES,7,"HIGH_SUGAR,TRANS_FAT,PRESERVATIVES,HIGH_CALORIE"
1.7,10.4,14.0,0.9,225.8,796.0,1,0,0,2,SAUCES_SPREADS,40,"ARTIFICIAL_SWEETENER,LOW_FIBER"
0.2,13.5,0.0,0.0,57.7,360.8,1,1,0,3,ENERGY_DRINKS,14,"ARTIFICIAL_SWEETENER,PRESERVATIVES,LOW_FIBER,MANY_RISKY_INGREDIENTS"
9.0,5.9,1.8,0.2,56.0,206.6,0,0,0,0,DAIRY_PRODUCTS,79,LOW_FIBER
4.7,32.6,26.8,1.4,538.3,336.5,1,1,0,3,BISCUITS_COOKIES,0,"HIGH_SUGAR,HIGH_FAT,ARTIFICIAL_SWEETENER,PRESERVATIVES,LOW_FIBER,HIGH_CALORIE,MANY_RISKY_INGREDIENTS"
5.8,5.7,24.7,0.4,480.7,1649.8,1,1,0,4,INSTANT_NOODLES_RTE,11,"HIGH_FAT,ARTIFICIAL_SWEETENER,PRESERVATIVES,LOW_FIBER,HIGH_CALORIE,HIGH_SODIUM,MANY_RISKY_INGREDIENTS"
4.6,35.0,28.4,1.2,484.2,54.6,0,0,0,1,CHOCOLATES_CONFECTIONERY,46,"HIGH_SUGAR,HIGH_FAT,LOW_FIBER,HIGH_CALORIE"
14.2,4.4,7.6,5.9,186.6,259.2,0,1,0,1,FROZEN_FOODS,83,PRESERVATIVES
4.7,4.5,21.5,1.0,431.6,1284.4,1,1,0,4,INSTANT_NOODLES_RTE,19,"HIGH_FAT,ARTIFICIAL_SWEETENER,PRESERVATIVES,LOW_FIBER,HIGH_SODIUM,MANY_RISKY_INGREDIENTS"
5.6,9.7,16.6,2.4,488.7,639.7,0,0,0,2,SNACKS,48,HIGH_CALORIE
0.1,11.6,0.0,0.0,46.4,340.7,1,1,0,4,ENERGY_DRINKS,17,"ARTIFICIAL_SWEETENER,PRESERVATIVES,LOW_FIBER,MANY_RISKY_INGREDIENTS"
0.2,2.5,0.4,0.8,21.0,39.4,0,0,0,0,BEVERAGES,63,LOW_FIBER
0.2,10.2,0.5,0.0,53.8,104.8,0,0,0,4,BEVERAGES,30,"LOW_FIBER,MANY_RISKY_INGREDIENTS"
1.0,25.1,23.0,0.5,389.3,1301.0,1,1,0,2,SAUCES_SPREADS,0,"HIGH_SUGAR,HIGH_FAT,ARTIFICIAL_SWEETENER,PRESERVATIVES,LOW_FIBER,HIGH_SODIUM"
0.4,10.7,0.4,0.0,62.1,227.3,0,1,0,3,BEVERAGES,22,"PRESERVATIVES,LOW_FIBER,MANY_RISKY_INGREDIENTS"
2.9,7.5,27.0,1.0,576.1,1081.1,0,0,0,5,SNACKS,18,"HIGH_FAT,LOW_FIBER,HIGH_CALORIE,HIGH_SODIUM,MANY_RISKY_INGREDIENTS"
3.1,55.8,38.9,1.8,532.9,56.5,0,1,1,4,CHOCOLATES_CONFECTIONERY,0,"HIGH_SUGAR,HIGH_FAT,TRANS_FAT,PRESERVATIVES,LOW_FIBER,HIGH_CALORIE,MANY_RISKY_INGREDIENTS"
12.5,39.8,19.0,2.7,417.2,346.3,1,1,0,3,PROTEIN_BAR,11,"HIGH_SUGAR,HIGH_FAT,ARTIFICIAL_SWEETENER,PRESERVATIVES,MANY_RISKY_INGREDIENTS"
4.0,3.7,6.9,0.2,163.4,229.4,0,0,0,1,SAUCES_SPREADS,75,LOW_FIBER
6.1,5.5,17.3,1.1,381.8,735.2,0,1,0,3,INSTANT_NOODLES_RTE,41,"PRESERVATIVES,LOW_FIBER,MANY_RISKY_INGREDIENTS"
10.6,32.5,18.3,2.5,459.4,327.9,0,0,0,5,PROTEIN_BAR,15,"HIGH_SUGAR,HIGH_FAT,HIGH_CALORIE,MANY_RISKY_INGREDIENTS"
6.0,16.0,5.5,8.2,380.1,293.4,0,1,0,1,BREAKFAST_CEREAL,54,PRESERVATIVES
5.1,4.3,20.0,1.4,446.2,627.5,0,0,0,1,SNACKS,57,"HIGH_FAT,LOW_FIBER"
3.9,34.7,27.7,0.6,502.6,431.4,0,1,1,2,BISCUITS_COOKIES,0,"HIGH_SUGAR,HIGH_FAT,TRANS_FAT,PRESERVATIVES,LOW_FIBER,HIGH_CALORIE"
6.3,17.4,16.1,4.1,471.5,81.6,0,0,0,0,CHOCOLATES_CONFECTIONERY,72,HIGH_CALORIE
17.1,16.1,16.7,7.5,385.6,408.3,0,1,0,2,PROTEIN_BAR,44,PRESERVATIVES
3.8,3.3,18.1,0.0,430.6,1088.3,0,1,1,4,INSTANT_NOODLES_RTE,17,"HIGH_FAT,TRANS_FAT,PRESERVATIVES,LOW_FIBER,HIGH_SODIUM,MANY_RISKY_INGREDIENTS"
7.0,18.8,17.2,3.2,478.5,79.3,0,0,0,1,CHOCOLATES_CONFECTIONERY,70,HIGH_CALORIE
12.4,3.2,8.3,3.9,333.8,569.3,0,0,0,0,INSTANT_NOODLES_RTE,93,NONE
0.4,8.8,0.0,0.0,26.7,234.6,1,1,0,2,ENERGY_DRINKS,21,"ARTIFICIAL_SWEETENER,PRESERVATIVES,LOW_FIBER"
7.0,14.0,5.6,0.7,93.1,157.5,0,1,0,2,DAIRY_PRODUCTS,61,"PRESERVATIVES,LOW_FIBER"
9.7,3.5,7.8,3.9,225.7,327.4,0,1,0,1,FROZEN_FOODS,79,PRESERVATIVES
79.7,4.3,3.7,4.0,374.9,132.9,0,0,0,0,HEALTH_SUPPLEMENTS,97,NONE
0.8,1.4,0.0,0.0,20.0,175.9,0,0,0,1,ENERGY_DRINKS,73,LOW_FIBER
1.3,32.7,21.1,0.0,353.9,1104.3,1,1,0,4,SAUCES_SPREADS,0,"HIGH_SUGAR,HIGH_FAT,ARTIFICIAL_SWEETENER,PRESERVATIVES,LOW_FIBER,HIGH_SODIUM,MANY_RISKY_INGREDIENTS"
11.8,5.7,13.6,4.8,411.9,438.5,0,1,0,1,SNACKS,66,PRESERVATIVES
4.4,12.8,8.8,0.9,90.9,352.3,1,1,0,2,DAIRY_PRODUCTS,44,"ARTIFICIAL_SWEETENER,PRESERVATIVES,LOW_FIBER"
4.2,12.0,31.3,0.9,537.9,933.9,0,1,0,3,SNACKS,21,"HIGH_FAT,PRESERVATIVES,LOW_FIBER,HIGH_CALORIE,HIGH_SODIUM,MANY_RISKY_INGREDIENTS"
21.8,6.2,5.0,9.7,309.5,354.9,0,1,0,1,PROTEIN_BAR,82,PRESERVATIVES
6.2,7.2,16.8,2.3,443.9,648.9,0,1,0,3,SNACKS,46,"PRESERVATIVES,MANY_RISKY_INGREDIENTS"
5.8,11.3,23.3,0.2,340.2,1182.9,1,1,0,4,FROZEN_FOODS,20,"HIGH_FAT,ARTIFICIAL_SWEETENER,PRESERVATIVES,LOW_FIBER,HIGH_SODIUM,MANY_RISKY_INGREDIENTS"
5.9,13.1,24.2,0.3,311.5,819.2,1,1,1,4,FROZEN_FOODS,5,"HIGH_FAT,TRANS_FAT,ARTIFICIAL_SWEETENER,PRESERVATIVES,LOW_FIBER,HIGH_SODIUM,MANY_RISKY_INGREDIENTS"
0.2,5.5,0.0,0.0,43.4,190.1,0,1,0,1,ENERGY_DRINKS,50,"PRESERVATIVES,LOW_FIBER"
6.0,12.9,8.4,0.4,112.8,342.9,0,1,0,1,DAIRY_PRODUCTS,58,"PRESERVATIVES,LOW_FIBER"
1.5,3.4,7.2,1.8,173.9,300.2,0,0,0,1,SAUCES_SPREADS,70,LOW_FIBER
7.0,8.8,5.2,0.7,139.9,361.6,1,1,0,2,DAIRY_PRODUCTS,54,"ARTIFICIAL_SWEETENER,PRESERVATIVES,LOW_FIBER"
9.1,6.0,5.5,14.3,373.8,236.6,0,0,0,0,BREAKFAST_CEREAL,82,NONE
10.3,3.3,2.3,0.8,81.1,81.6,0,0,0,0,DAIRY_PRODUCTS,91,LOW_FIBER
5.1,6.8,16.5,3.0,243.6,531.0,0,1,0,3,FROZEN_FOODS,55,"PRESERVATIVES,MANY_RISKY_INGREDIENTS"
0.2,10.1,0.0,0.0,60.9,191.5,1,0,0,3,BEVERAGES,24,"ARTIFICIAL_SWEETENER,LOW_FIBER,MANY_RISKY_INGREDIENTS"
3.6,15.7,14.3,0.4,194.4,516.0,0,0,0,3,DAIRY_PRODUCTS,44,"LOW_FIBER,MANY_RISKY_INGREDIENTS"
9.0,13.2,11.5,8.9,379.0,462.3,0,0,0,0,BREAKFAST_CEREAL,68,NONE
0.7,30.6,26.1,0.4,315.6,1157.1,1,0,0,3,SAUCES_SPREADS,1,"HIGH_SUGAR,HIGH_FAT,ARTIFICIAL_SWEETENER,LOW_FIBER,HIGH_SODIUM,MANY_RISKY_INGREDIENTS"
6.8,15.3,21.7,1.7,432.4,323.1,1,1,0,3,BISCUITS_COOKIES,15,"HIGH_FAT,ARTIFICIAL_SWEETENER,PRESERVATIVES,LOW_FIBER,MANY_RISKY_INGREDIENTS"
7.3,19.9,5.2,7.7,399.2,498.0,0,0,0,1,BREAKFAST_CEREAL,59,NONE
4.3,36.2,26.1,1.6,510.6,337.2,1,1,1,3,BISCUITS_COOKIES,0,"HIGH_SUGAR,HIGH_FAT,TRANS_FAT,ARTIFICIAL_SWEETENER,PRESERVATIVES,LOW_FIBER,HIGH_CALORIE,MANY_RISKY_INGREDIENTS"
4.8,31.4,24.7,2.0,540.4,396.9,1,1,0,4,BISCUITS_COOKIES,0,"HIGH_SUGAR,HIGH_FAT,ARTIFICIAL_SWEETENER,PRESERVATIVES,HIGH_CALORIE,MANY_RISKY_INGREDIENTS"
8.5,2.8,15.3,1.1,423.5,874.3,0,0,0,2,INSTANT_NOODLES_RTE,59,"LOW_FIBER,HIGH_SODIUM"
5.5,20.7,19.3,2.6,443.7,311.1,0,1,0,3,BISCUITS_COOKIES,33,"HIGH_SUGAR,HIGH_FAT,PRESERVATIVES,MANY_RISKY_INGREDIENTS"
7.4,41.1,31.6,1.8,493.1,147.9,1,0,0,2,CHOCOLATES_CONFECTIONERY,32,"HIGH_SUGAR,HIGH_FAT,ARTIFICIAL_SWEETENER,LOW_FIBER,HIGH_CALORIE"
3.2,31.4,9.3,1.4,436.1,480.3,1,1,0,4,BREAKFAST_CEREAL,13,"HIGH_SUGAR,ARTIFICIAL_SWEETENER,PRESERVATIVES,LOW_FIBER,MANY_RISKY_INGREDIENTS"
1.5,25.2,23.4,0.3,396.9,1029.3,1,1,1,2,SAUCES_SPREADS,0,"HIGH_SUGAR,HIGH_FAT,TRANS_FAT,ARTIFICIAL_SWEETENER,PRESERVATIVES,LOW_FIBER,HIGH_SODIUM"
5.5,9.6,6.4,0.1,96.8,236.9,1,1,0,0,DAIRY_PRODUCTS,58,"ARTIFICIAL_SWEETENER,PRESERVATIVES,LOW_FIBER"
4.4,39.4,12.7,1.7,423.7,594.5,0,0,0,3,BREAKFAST_CEREAL,24,"HIGH_SUGAR,LOW_FIBER,MANY_RISKY_INGREDIENTS"
21.2,8.7,16.4,4.1,372.7,355.8,1,1,0,1,PROTEIN_BAR,52,"ARTIFICIAL_SWEETENER,PRESERVATIVES"
7.5,35.7,21.1,2.5,400.1,478.6,0,0,0,4,PROTEIN_BAR,12,"HIGH_SUGAR,HIGH_FAT,MANY_RISKY_INGREDIENTS"
4.0,21.8,10.3,0.3,178.8,331.7,0,1,0,3,DAIRY_PRODUCTS,39,"HIGH_SUGAR,PRESERVATIVES,LOW_FIBER,MANY_RISKY_INGREDIENTS"
10.3,22.0,21.1,4.0,446.0,71.5,0,0,0,1,CHOCOLATES_CONFECTIONERY,68,"HIGH_SUGAR,HIGH_FAT"
0.3,11.9,0.2,0.0,44.0,108.6,1,1,0,2,BEVERAGES,26,"ARTIFICIAL_SWEETENER,PRESERVATIVES,LOW_FIBER"
2.2,45.3,39.0,1.2,541.1,84.9,1,1,1,4,CHOCOLATES_CONFECTIONERY,0,"HIGH_SUGAR,HIGH_FAT,TRANS_FAT,ARTIFICIAL_SWEETENER,PRESERVATIVES,LOW_FIBER,HIGH_CALORIE,MANY_RISKY_INGREDIENTS"
4.8,10.9,8.4,0.1,109.7,168.8,0,0,0,1,DAIRY_PRODUCTS,64,LOW_FIBER
3.5,18.4,10.7,0.3,161.7,484.5,1,0,0,2,DAIRY_PRODUCTS,38,"ARTIFICIAL_SWEETENER,LOW_FIBER"
26.6,23.7,12.7,3.0,408.2,315.9,1,1,0,4,HEALTH_SUPPLEMENTS,33,"HIGH_SUGAR,ARTIFICIAL_SWEETENER,PRESERVATIVES,MANY_RISKY_INGREDIENTS"
5.7,3.6,4.9,1.3,88.9,205.2,0,0,0,0,DAIRY_PRODUCTS,82,LOW_FIBER
15.1,13.6,14.3,7.1,418.7,323.3,1,0,0,3,PROTEIN_BAR,51,"ARTIFICIAL_SWEETENER,MANY_RISKY_INGREDIENTS"
25.4,5.7,5.8,14.2,306.2,379.0,0,0,0,0,PROTEIN_BAR,94,NONE
0.7,8.0,0.7,0.2,34.8,198.5,0,0,0,2,BEVERAGES,53,LOW_FIBER
6.1,8.3,18.8,0.0,342.7,964.1,1,1,0,4,FROZEN_FOODS,31,"HIGH_FAT,ARTIFICIAL_SWEETENER,PRESERVATIVES,LOW_FIBER,HIGH_SODIUM,MANY_RISKY_INGREDIENTS"
16.3,17.5,11.6,4.6,371.5,286.7,0,1,0,3,PROTEIN_BAR,43,"PRESERVATIVES,MANY_RISKY_INGREDIENTS"
7.7,2.1,16.9,3.6,430.0,812.5,0,0,0,2,INSTANT_NOODLES_RTE,64,HIGH_SODIUM
4.7,64.3,38.9,0.0,558.5,60.2,0,1,1,3,CHOCOLATES_CONFECTIONERY,0,"HIGH_SUGAR,HIGH_FAT,TRANS_FAT,PRESERVATIVES,LOW_FIBER,HIGH_CALORIE,MANY_RISKY_INGREDIENTS"
6.6,16.3,15.9,2.7,461.3,88.2,0,0,0,1,CHOCOLATES_CONFECTIONERY,66,HIGH_CALORIE
0.1,14.9,0.0,0.0,53.7,369.2,1,1,0,3,ENERGY_DRINKS,14,"ARTIFICIAL_SWEETENER,PRESERVATIVES,LOW_FIBER,MANY_RISKY_INGREDIENTS"
3.5,8.0,5.3,0.9,144.5,206.5,0,1,0,2,DAIRY_PRODUCTS,58,"PRESERVATIVES,LOW_FIBER"
5.4,8.5,17.8,3.3,465.9,513.0,0,0,0,2,SNACKS,55,HIGH_CALORIE
3.3,22.7,17.6,0.4,216.1,470.4,0,1,1,4,DAIRY_PRODUCTS,7,"HIGH_SUGAR,TRANS_FAT,PRESERVATIVES,LOW_FIBER,MANY_RISKY_INGREDIENTS"
0.9,6.6,0.6,0.3,34.8,118.4,0,1,0,0,BEVERAGES,52,"PRESERVATIVES,LOW_FIBER"
0.2,31.1,19.5,0.2,350.3,1316.0,0,1,0,2,SAUCES_SPREADS,6,"HIGH_SUGAR,HIGH_FAT,PRESERVATIVES,LOW_FIBER,HIGH_SODIUM"
2.9,33.1,23.5,0.4,520.4,505.6,0,0,0,5,BISCUITS_COOKIES,5,"HIGH_SUGAR,HIGH_FAT,LOW_FIBER,HIGH_CALORIE,MANY_RISKY_INGREDIENTS"
5.0,4.2,14.0,3.6,482.9,622.6,0,1,1,1,SNACKS,46,"TRANS_FAT,PRESERVATIVES,HIGH_CALORIE"
43.3,8.9,8.6,4.4,395.6,256.6,0,0,0,0,HEALTH_SUPPLEMENTS,81,NONE
3.5,8.3,24.4,0.5,566.6,1007.2,1,1,0,4,SNACKS,7,"HIGH_FAT,ARTIFICIAL_SWEETENER,PRESERVATIVES,LOW_FIBER,HIGH_CALORIE,HIGH_SODIUM,MANY_RISKY_INGREDIENTS"
10.0,6.8,12.5,3.6,300.4,504.6,1,1,0,2,FROZEN_FOODS,58,"ARTIFICIAL_SWEETENER,PRESERVATIVES"
16.2,10.9,11.4,6.8,419.3,433.3,0,0,0,2,PROTEIN_BAR,61,NONE
0.6,8.5,0.0,0.0,42.0,158.5,0,1,0,2,ENERGY_DRINKS,34,"PRESERVATIVES,LOW_FIBER"
25.6,3.6,5.6,13.3,368.2,165.9,0,0,0,1,PROTEIN_BAR,99,NONE
4.6,15.6,16.6,3.4,470.2,301.8,0,0,0,2,BISCUITS_COOKIES,35,HIGH_CALORIE
4.6,6.8,23.9,1.6,431.2,1149.4,1,1,1,5,INSTANT_NOODLES_RTE,0,"HIGH_FAT,TRANS_FAT,ARTIFICIAL_SWEETENER,PRESERVATIVES,LOW_FIBER,HIGH_SODIUM,MANY_RISKY_INGREDIENTS"
18.0,23.2,12.6,3.0,412.6,454.9,1,1,0,3,HEALTH_SUPPLEMENTS,25,"HIGH_SUGAR,ARTIFICIAL_SWEETENER,PRESERVATIVES,MANY_RISKY_INGREDIENTS"
6.0,30.8,33.4,2.3,500.2,51.6,0,0,0,2,CHOCOLATES_CONFECTIONERY,53,"HIGH_SUGAR,HIGH_FAT,HIGH_CALORIE"
2.6,48.8,36.5,0.1,538.8,72.4,1,1,1,4,CHOCOLATES_CONFECTIONERY,0,"HIGH_SUGAR,HIGH_FAT,TRANS_FAT,ARTIFICIAL_SWEETENER,PRESERVATIVES,LOW_FIBER,HIGH_CALORIE,MANY_RISKY_INGREDIENTS"
5.6,3.7,13.7,4.1,395.4,225.2,0,0,0,0,SNACKS,81,NONE
10.1,4.3,3.1,0.2,99.6,110.5,0,0,0,0,DAIRY_PRODUCTS,91,LOW_FIBER
1.3,33.2,25.0,0.4,309.8,1274.7,1,1,1,3,SAUCES_SPREADS,0,"HIGH_SUGAR,HIGH_FAT,TRANS_FAT,ARTIFICIAL_SWEETENER,PRESERVATIVES,LOW_FIBER,HIGH_SODIUM,MANY_RISKY_INGREDIENTS"
1.2,0.4,0.5,0.8,7.2,16.6,0,0,0,0,BEVERAGES,75,LOW_FIBER
5.4,4.3,12.6,1.5,376.0,814.4,1,1,0,1,INSTANT_NOODLES_RTE,49,"ARTIFICIAL_SWEETENER,PRESERVATIVES,LOW_FIBER,HIGH_SODIUM"
5.1,12.0,6.2,0.5,113.5,172.4,1,0,0,2,DAIRY_PRODUCTS,58,"ARTIFICIAL_SWEETENER,LOW_FIBER"
0.6,7.8,0.3,0.2,34.4,108.3,1,0,0,0,BEVERAGES,49,"ARTIFICIAL_SWEETENER,LOW_FIBER"
13.7,37.6,17.7,1.1,426.1,411.5,1,1,0,5,PROTEIN_BAR,2,"HIGH_SUGAR,ARTIFICIAL_SWEETENER,PRESERVATIVES,LOW_FIBER,MANY_RISKY_INGREDIENTS"
6.2,41.0,33.6,2.9,490.1,81.0,0,0,0,1,CHOCOLATES_CONFECTIONERY,47,"HIGH_SUGAR,HIGH_FAT,HIGH_CALORIE"
4.2,54.8,30.3,0.1,552.3,157.8,0,1,1,4,CHOCOLATES_CONFECTIONERY,5,"HIGH_SUGAR,HIGH_FAT,TRANS_FAT,PRESERVATIVES,LOW_FIBER,HIGH_CALORIE,MANY_RISKY_INGREDIENTS"
3.2,58.6,37.6,2.0,540.7,111.7,0,0,0,3,CHOCOLATES_CONFECTIONERY,24,"HIGH_SUGAR,HIGH_FAT,HIGH_CALORIE,MANY_RISKY_INGREDIENTS"
10.0,3.4,6.5,3.9,223.6,252.0,0,0,0,1,FROZEN_FOODS,84,NONE
12.2,9.7,5.9,11.1,360.4,309.0,0,0,0,0,BREAKFAST_CEREAL,86,NONE
1.4,16.0,13.6,0.4,283.6,763.9,1,0,0,2,SAUCES_SPREADS,33,"ARTIFICIAL_SWEETENER,LOW_FIBER"
4.1,31.9,29.4,2.8,492.6,87.4,1,1,0,1,CHOCOLATES_CONFECTIONERY,38,"HIGH_SUGAR,HIGH_FAT,ARTIFICIAL_SWEETENER,PRESERVATIVES,HIGH_CALORIE"
3.9,13.9,23.6,1.4,311.8,900.3,0,1,0,5,FROZEN_FOODS,22,"HIGH_FAT,PRESERVATIVES,LOW_FIBER,HIGH_SODIUM,MANY_RISKY_INGREDIENTS"
12.5,1.1,6.0,6.2,359.4,495.3,0,0,0,1,INSTANT_NOODLES_RTE,90,NONE
1.3,1.3,0.0,0.9,20.6,10.4,0,0,0,0,BEVERAGES,70,LOW_FIBER
3.2,10.5,18.8,1.8,390.7,1079.3,1,1,1,4,FROZEN_FOODS,1,"HIGH_FAT,TRANS_FAT,ARTIFICIAL_SWEETENER,PRESERVATIVES,LOW_FIBER,HIGH_SODIUM,MANY_RISKY_INGREDIENTS"
10.7,8.9,6.1,14.7,377.9,242.5,0,0,0,0,BREAKFAST_CEREAL,82,NONE
4.2,58.3,35.8,1.0,531.2,184.2,0,0,1,3,CHOCOLATES_CONFECTIONERY,4,"HIGH_SUGAR,HIGH_FAT,TRANS_FAT,LOW_FIBER,HIGH_CALORIE,MANY_RISKY_INGREDIENTS"
3.1,4.0,15.4,1.2,479.4,659.3,0,1,0,1,SNACKS,43,"PRESERVATIVES,LOW_FIBER,HIGH_CALORIE"
3.3,11.1,31.9,1.1,550.2,1167.6,0,1,1,5,SNACKS,0,"HIGH_FAT,TRANS_FAT,PRESERVATIVES,LOW_FIBER,HIGH_CALORIE,HIGH_SODIUM,MANY_RISKY_INGREDIENTS"
6.9,8.3,10.9,3.9,426.2,352.5,0,0,0,0,BISCUITS_COOKIES,66,NONE
6.6,8.8,6.3,0.5,137.9,159.1,1,0,0,1,DAIRY_PRODUCTS,66,"ARTIFICIAL_SWEETENER,LOW_FIBER"
0.1,13.6,0.2,0.0,58.7,105.1,0,1,0,3,BEVERAGES,27,"PRESERVATIVES,LOW_FIBER,MANY_RISKY_INGREDIENTS"
6.9,5.0,16.6,1.5,411.5,968.9,0,1,0,1,INSTANT_NOODLES_RTE,52,"PRESERVATIVES,LOW_FIBER,HIGH_SODIUM"
10.8,8.6,8.0,9.3,379.5,194.0,0,0,0,0,BREAKFAST_CEREAL,83,NONE
3.2,2.9,5.7,1.9,79.4,429.4,0,0,0,1,SAUCES_SPREADS,70,LOW_FIBER
7.5,2.7,10.2,5.1,398.0,364.2,0,1,0,1,SNACKS,69,PRESERVATIVES
66.8,4.4,5.4,4.7,312.0,189.9,0,0,0,0,HEALTH_SUPPLEMENTS,98,NONE
6.5,28.5,20.4,3.0,480.2,568.2,0,1,0,3,PROTEIN_BAR,8,"HIGH_SUGAR,HIGH_FAT,PRESERVATIVES,HIGH_CALORIE,MANY_RISKY_INGREDIENTS"
0.2,11.1,0.0,0.0,53.4,392.0,1,1,0,2,ENERGY_DRINKS,16,"ARTIFICIAL_SWEETENER,PRESERVATIVES,LOW_FIBER"
54.9,8.0,5.4,3.2,362.0,489.7,1,0,0,0,HEALTH_SUPPLEMENTS,73,ARTIFICIAL_SWEETENER
13.3,10.6,5.3,11.4,353.4,121.0,0,0,0,0,BREAKFAST_CEREAL,85,NONE
5.1,34.9,11.6,1.7,448.9,512.5,0,1,1,4,BREAKFAST_CEREAL,6,"HIGH_SUGAR,TRANS_FAT,PRESERVATIVES,LOW_FIBER,MANY_RISKY_INGREDIENTS"
11.2,3.1,8.2,7.2,431.8,349.1,0,0,0,0,SNACKS,88,NONE
1.8,28.3,29.6,0.5,294.0,1394.7,1,1,0,3,SAUCES_SPREADS,0,"HIGH_SUGAR,HIGH_FAT,ARTIFICIAL_SWEETENER,PRESERVATIVES,LOW_FIBER,HIGH_SODIUM,MANY_RISKY_INGREDIENTS"
0.9,6.1,0.4,0.5,33.6,103.8,0,0,0,2,BEVERAGES,53,LOW_FIBER
3.4,13.2,28.9,0.7,552.6,1058.9,1,0,0,3,SNACKS,8,"HIGH_FAT,ARTIFICIAL_SWEETENER,LOW_FIBER,HIGH_CALORIE,HIGH_SODIUM,MANY_RISKY_INGREDIENTS"
1.3,0.1,0.4,0.3,11.2,55.2,0,0,0,0,BEVERAGES,75,LOW_FIBER
5.9,6.4,10.3,1.4,258.1,633.1,0,0,0,3,FROZEN_FOODS,51,"LOW_FIBER,MANY_RISKY_INGREDIENTS"
5.3,9.8,14.4,1.5,478.9,484.1,0,1,1,3,SNACKS,29,"TRANS_FAT,PRESERVATIVES,LOW_FIBER,HIGH_CALORIE,MANY_RISKY_INGREDIENTS"
21.3,16.2,12.6,7.9,399.6,218.7,0,0,0,1,PROTEIN_BAR,61,NONE
3.4,24.2,17.4,3.7,477.2,251.5,0,0,1,3,BISCUITS_COOKIES,8,"HIGH_SUGAR,TRANS_FAT,HIGH_CALORIE,MANY_RISKY_INGREDIENTS"
0.2,1.2,0.5,0.7,22.4,39.8,0,0,0,0,BEVERAGES,70,LOW_FIBER
3.1,7.7,20.6,0.0,478.2,1784.4,1,0,0,5,INSTANT_NOODLES_RTE,10,"HIGH_FAT,ARTIFICIAL_SWEETENER,LOW_FIBER,HIGH_CALORIE,HIGH_SODIUM,MANY_RISKY_INGREDIENTS"
3.2,45.7,33.2,1.5,577.6,91.4,0,1,1,3,CHOCOLATES_CONFECTIONERY,14,"HIGH_SUGAR,HIGH_FAT,TRANS_FAT,PRESERVATIVES,LOW_FIBER,HIGH_CALORIE,MANY_RISKY_INGREDIENTS"
48.9,6.7,8.0,2.0,411.9,233.8,1,0,0,1,HEALTH_SUPPLEMENTS,67,ARTIFICIAL_SWEETENER
0.0,2.0,0.0,0.0,13.1,116.6,0,0,0,1,ENERGY_DRINKS,73,LOW_FIBER
17.4,17.8,12.9,4.0,413.8,252.5,1,0,0,0,PROTEIN_BAR,46,ARTIFICIAL_SWEETENER
1.1,24.9,19.7,0.2,364.6,1069.5,0,1,0,3,SAUCES_SPREADS,4,"HIGH_SUGAR,HIGH_FAT,PRESERVATIVES,LOW_FIBER,HIGH_SODIUM,MANY_RISKY_INGREDIENTS"
4.9,7.3,32.1,0.2,530.5,953.3,0,1,1,4,SNACKS,10,"HIGH_FAT,TRANS_FAT,PRESERVATIVES,LOW_FIBER,HIGH_CALORIE,HIGH_SODIUM,MANY_RISKY_INGREDIENTS"
9.9,4.9,6.4,5.8,175.3,339.1,0,0,0,1,FROZEN_FOODS,84,NONE
4.2,12.6,21.6,0.2,375.8,1038.6,0,1,1,5,FROZEN_FOODS,2,"HIGH_FAT,TRANS_FAT,PRESERVATIVES,LOW_FIBER,HIGH_SODIUM,MANY_RISKY_INGREDIENTS"
3.5,12.0,20.1,2.0,305.2,940.9,0,1,1,3,FROZEN_FOODS,16,"HIGH_FAT,TRANS_FAT,PRESERVATIVES,HIGH_SODIUM,MANY_RISKY_INGREDIENTS"
0.0,32.0,29.4,0.0,285.5,1041.2,0,1,1,2,SAUCES_SPREADS,0,"HIGH_SUGAR,HIGH_FAT,TRANS_FAT,PRESERVATIVES,LOW_FIBER,HIGH_SODIUM"
4.1,14.3,23.9,1.4,572.9,950.8,0,0,1,6,SNACKS,5,"HIGH_FAT,TRANS_FAT,LOW_FIBER,HIGH_CALORIE,HIGH_SODIUM,MANY_RISKY_INGREDIENTS"
0.4,11.9,0.0,0.0,59.3,205.4,0,1,0,3,ENERGY_DRINKS,22,"PRESERVATIVES,LOW_FIBER,MANY_RISKY_INGREDIENTS"
0.9,0.2,0.0,0.0,19.3,92.3,0,0,0,0,ENERGY_DRINKS,75,LOW_FIBER
78.2,4.8,5.7,6.3,361.0,152.6,0,0,0,0,HEALTH_SUPPLEMENTS,97,NONE
5.2,3.6,14.8,2.4,471.8,516.0,0,1,0,3,SNACKS,56,"PRESERVATIVES,HIGH_CALORIE,MANY_RISKY_INGREDIENTS"
6.6,5.4,10.8,3.9,408.1,338.6,0,0,0,1,BISCUITS_COOKIES,64,NONE
0.4,9.2,0.0,0.0,30.5,246.8,1,0,0,1,ENERGY_DRINKS,28,"ARTIFICIAL_SWEETENER,LOW_FIBER"
3.5,30.7,26.1,1.4,505.2,134.9,0,1,0,2,CHOCOLATES_CONFECTIONERY,39,"HIGH_SUGAR,HIGH_FAT,PRESERVATIVES,LOW_FIBER,HIGH_CALORIE"
69.1,2.6,6.9,2.5,325.3,293.3,0,0,0,0,HEALTH_SUPPLEMENTS,89,NONE
13.9,8.0,14.1,5.8,407.7,351.4,1,1,0,2,PROTEIN_BAR,45,"ARTIFICIAL_SWEETENER,PRESERVATIVES"
2.5,6.9,34.0,0.1,537.0,856.7,1,1,0,6,SNACKS,13,"HIGH_FAT,ARTIFICIAL_SWEETENER,PRESERVATIVES,LOW_FIBER,HIGH_CALORIE,HIGH_SODIUM,MANY_RISKY_INGREDIENTS"
4.4,62.9,34.4,0.5,544.7,157.4,0,0,0,3,CHOCOLATES_CONFECTIONERY,27,"HIGH_SUGAR,HIGH_FAT,LOW_FIBER,HIGH_CALORIE,MANY_RISKY_INGREDIENTS"
0.0,30.1,29.2,0.1,363.2,1482.6,1,1,0,3,SAUCES_SPREADS,0,"HIGH_SUGAR,HIGH_FAT,ARTIFICIAL_SWEETENER,PRESERVATIVES,LOW_FIBER,HIGH_SODIUM,MANY_RISKY_INGREDIENTS"
15.4,12.4,15.1,3.6,369.1,352.3,0,1,0,1,PROTEIN_BAR,49,PRESERVATIVES
0.4,10.3,0.5,0.0,40.9,132.9,0,0,0,4,BEVERAGES,35,"LOW_FIBER,MANY_RISKY_INGREDIENTS"
0.0,14.4,0.5,0.0,44.2,115.4,0,1,0,3,BEVERAGES,32,"PRESERVATIVES,LOW_FIBER,MANY_RISKY_INGREDIENTS"
5.2,21.9,17.9,3.6,468.6,266.2,1,0,0,2,BISCUITS_COOKIES,31,"HIGH_SUGAR,ARTIFICIAL_SWEETENER,HIGH_CALORIE"
3.2,17.9,11.9,0.3,149.1,464.8,0,1,0,2,DAIRY_PRODUCTS,41,"PRESERVATIVES,LOW_FIBER"
0.2,10.5,0.0,0.0,57.9,242.7,1,1,0,4,ENERGY_DRINKS,12,"ARTIFICIAL_SWEETENER,PRESERVATIVES,LOW_FIBER,MANY_RISKY_INGREDIENTS"
0.5,9.6,0.9,0.3,31.1,118.9,0,1,0,1,BEVERAGES,36,"PRESERVATIVES,LOW_FIBER"
1.8,4.9,7.3,1.1,152.2,301.7,0,0,0,0,SAUCES_SPREADS,72,LOW_FIBER
0.1,27.4,21.6,0.2,395.3,927.9,0,1,1,2,SAUCES_SPREADS,0,"HIGH_SUGAR,HIGH_FAT,TRANS_FAT,PRESERVATIVES,LOW_FIBER,HIGH_SODIUM"
1.6,33.8,21.7,0.1,326.1,838.7,1,1,1,2,SAUCES_SPREADS,0,"HIGH_SUGAR,HIGH_FAT,TRANS_FAT,ARTIFICIAL_SWEETENER,PRESERVATIVES,LOW_FIBER,HIGH_SODIUM"
3.8,18.6,19.7,2.3,476.7,463.6,0,0,0,1,BISCUITS_COOKIES,33,"HIGH_FAT,HIGH_CALORIE"
0.3,11.1,0.0,0.0,57.0,281.2,1,0,0,2,ENERGY_DRINKS,21,"ARTIFICIAL_SWEETENER,LOW_FIBER"
10.9,5.4,2.9,1.7,62.4,53.5,0,0,0,0,DAIRY_PRODUCTS,84,LOW_FIBER
2.9,37.1,9.3,4.3,447.0,500.7,1,1,0,4,BREAKFAST_CEREAL,22,"HIGH_SUGAR,ARTIFICIAL_SWEETENER,PRESERVATIVES,MANY_RISKY_INGREDIENTS"
9.4,7.5,15.6,3.0,296.0,609.8,0,1,1,3,FROZEN_FOODS,39,"TRANS_FAT,PRESERVATIVES,MANY_RISKY_INGREDIENTS"
4.4,3.2,18.1,2.0,476.1,1292.3,0,1,0,5,INSTANT_NOODLES_RTE,30,"HIGH_FAT,PRESERVATIVES,HIGH_CALORIE,HIGH_SODIUM,MANY_RISKY_INGREDIENTS"
6.8,36.5,16.2,1.9,403.7,356.3,1,1,0,4,PROTEIN_BAR,0,"HIGH_SUGAR,ARTIFICIAL_SWEETENER,PRESERVATIVES,LOW_FIBER,MANY_RISKY_INGREDIENTS"
4.3,63.7,32.2,1.7,561.4,180.5,1,1,1,4,CHOCOLATES_CONFECTIONERY,0,"HIGH_SUGAR,HIGH_FAT,TRANS_FAT,ARTIFICIAL_SWEETENER,PRESERVATIVES,LOW_FIBER,HIGH_CALORIE,MANY_RISKY_INGREDIENTS"
3.6,7.5,19.9,0.8,444.2,1310.4,0,1,1,3,INSTANT_NOODLES_RTE,12,"HIGH_FAT,TRANS_FAT,PRESERVATIVES,LOW_FIBER,HIGH_SODIUM,MANY_RISKY_INGREDIENTS"
2.6,30.7,22.1,1.5,523.8,545.3,1,1,1,4,BISCUITS_COOKIES,0,"HIGH_SUGAR,HIGH_FAT,TRANS_FAT,ARTIFICIAL_SWEETENER,PRESERVATIVES,LOW_FIBER,HIGH_CALORIE,MANY_RISKY_INGREDIENTS"
7.5,6.5,10.5,3.1,278.9,657.7,0,1,0,2,FROZEN_FOODS,57,PRESERVATIVES
3.0,30.2,23.7,0.9,483.6,390.1,1,1,1,2,BISCUITS_COOKIES,0,"HIGH_SUGAR,HIGH_FAT,TRANS_FAT,ARTIFICIAL_SWEETENER,PRESERVATIVES,LOW_FIBER,HIGH_CALORIE"
0.5,6.0,0.0,0.0,46.9,214.5,0,1,0,1,ENERGY_DRINKS,45,"PRESERVATIVES,LOW_FIBER"
2.3,36.7,29.9,1.1,527.8,371.2,1,1,0,4,BISCUITS_COOKIES,0,"HIGH_SUGAR,HIGH_FAT,ARTIFICIAL_SWEETENER,PRESERVATIVES,LOW_FIBER,HIGH_CALORIE,MANY_RISKY_INGREDIENTS"
7.8,3.5,17.6,1.3,396.0,912.7,0,1,0,2,INSTANT_NOODLES_RTE,50,"PRESERVATIVES,LOW_FIBER,HIGH_SODIUM"
9.0,15.3,9.1,7.0,407.8,424.3,1,0,0,1,BREAKFAST_CEREAL,55,ARTIFICIAL_SWEETENER
2.8,17.7,13.3,0.1,150.3,557.2,1,1,0,4,DAIRY_PRODUCTS,29,"ARTIFICIAL_SWEETENER,PRESERVATIVES,LOW_FIBER,MANY_RISKY_INGREDIENTS"
10.0,5.7,11.0,3.9,318.6,556.1,1,1,0,3,FROZEN_FOODS,56,"ARTIFICIAL_SWEETENER,PRESERVATIVES,MANY_RISKY_INGREDIENTS"
9.9,5.4,7.5,12.6,376.6,279.3,0,0,0,0,BREAKFAST_CEREAL,82,NONE
6.0,25.6,20.4,4.2,421.6,621.2,0,0,1,5,PROTEIN_BAR,0,"HIGH_SUGAR,HIGH_FAT,TRANS_FAT,MANY_RISKY_INGREDIENTS"
5.3,5.4,14.8,2.7,266.4,628.7,0,1,1,3,FROZEN_FOODS,36,"TRANS_FAT,PRESERVATIVES,MANY_RISKY_INGREDIENTS"
8.2,4.8,7.6,5.2,228.1,328.7,0,0,0,1,FROZEN_FOODS,84,NONE
0.2,5.7,0.2,0.4,30.9,53.2,1,0,0,2,BEVERAGES,45,"ARTIFICIAL_SWEETENER,LOW_FIBER"
65.9,2.7,7.5,7.3,336.6,182.2,0,0,0,0,HEALTH_SUPPLEMENTS,100,NONE
40.8,5.4,9.5,3.3,357.9,472.7,0,1,0,0,HEALTH_SUPPLEMENTS,76,PRESERVATIVES
2.7,53.5,35.6,1.8,539.6,70.0,1,1,0,2,CHOCOLATES_CONFECTIONERY,8,"HIGH_SUGAR,HIGH_FAT,ARTIFICIAL_SWEETENER,PRESERVATIVES,LOW_FIBER,HIGH_CALORIE"
6.2,19.8,18.0,5.4,456.1,61.8,0,0,0,1,CHOCOLATES_CONFECTIONERY,70,HIGH_CALORIE
1.1,18.7,12.2,0.6,182.6,874.4,1,1,0,1,SAUCES_SPREADS,30,"ARTIFICIAL_SWEETENER,PRESERVATIVES,LOW_FIBER,HIGH_SODIUM"
1.4,16.7,9.0,0.5,239.1,652.5,0,0,0,2,SAUCES_SPREADS,45,LOW_FIBER
5.7,19.5,16.7,1.0,458.0,397.7,1,0,0,3,BISCUITS_COOKIES,20,"ARTIFICIAL_SWEETENER,LOW_FIBER,HIGH_CALORIE,MANY_RISKY_INGREDIENTS"
18.3,14.3,10.1,0.6,441.5,461.6,0,0,0,2,HEALTH_SUPPLEMENTS,48,LOW_FIBER
0.1,0.9,0.0,0.0,19.6,133.8,0,0,0,1,ENERGY_DRINKS,73,LOW_FIBER
4.8,8.5,27.4,1.7,384.4,1004.9,1,0,0,3,FROZEN_FOODS,24,"HIGH_FAT,ARTIFICIAL_SWEETENER,LOW_FIBER,HIGH_SODIUM,MANY_RISKY_INGREDIENTS"
3.5,15.4,16.1,0.1,190.5,325.7,1,0,0,4,DAIRY_PRODUCTS,29,"ARTIFICIAL_SWEETENER,LOW_FIBER,MANY_RISKY_INGREDIENTS"
11.1,3.7,11.5,6.8,396.0,422.6,0,1,0,0,SNACKS,79,PRESERVATIVES
2.0,23.9,12.5,0.2,158.2,395.1,0,1,1,3,DAIRY_PRODUCTS,14,"HIGH_SUGAR,TRANS_FAT,PRESERVATIVES,LOW_FIBER,MANY_RISKY_INGREDIENTS"
7.2,22.8,24.5,4.8,499.0,623.1,0,0,0,2,PROTEIN_BAR,10,"HIGH_SUGAR,HIGH_FAT,HIGH_CALORIE"
3.8,16.4,18.0,1.4,450.8,287.2,1,1,0,1,BISCUITS_COOKIES,15,"ARTIFICIAL_SWEETENER,PRESERVATIVES,LOW_FIBER,HIGH_CALORIE"
11.4,26.0,19.5,4.4,413.1,430.3,1,1,1,4,PROTEIN_BAR,0,"HIGH_SUGAR,HIGH_FAT,TRANS_FAT,ARTIFICIAL_SWEETENER,PRESERVATIVES,MANY_RISKY_INGREDIENTS"
14.7,5.5,2.6,11.5,374.6,293.6,0,1,0,0,BREAKFAST_CEREAL,85,PRESERVATIVES
5.2,32.4,8.6,3.4,437.9,457.2,1,1,0,2,BREAKFAST_CEREAL,30,"HIGH_SUGAR,ARTIFICIAL_SWEETENER,PRESERVATIVES"
68.5,1.4,6.2,3.2,374.1,143.1,0,0,0,0,HEALTH_SUPPLEMENTS,93,NONE
4.1,9.6,6.1,0.7,95.1,335.4,1,0,0,0,DAIRY_PRODUCTS,59,"ARTIFICIAL_SWEETENER,LOW_FIBER"
2.4,11.1,24.6,0.5,559.6,1188.8,1,1,0,5,SNACKS,0,"HIGH_FAT,ARTIFICIAL_SWEETENER,PRESERVATIVES,LOW_FIBER,HIGH_CALORIE,HIGH_SODIUM,MANY_RISKY_INGREDIENTS"
3.5,9.2,20.7,0.6,312.3,1122.3,0,1,0,5,FROZEN_FOODS,28,"HIGH_FAT,PRESERVATIVES,LOW_FIBER,HIGH_SODIUM,MANY_RISKY_INGREDIENTS"
0.1,11.1,0.5,0.0,49.7,177.7,1,0,0,4,BEVERAGES,27,"ARTIFICIAL_SWEETENER,LOW_FIBER,MANY_RISKY_INGREDIENTS"
3.6,9.1,9.5,0.0,139.0,279.2,0,1,0,0,DAIRY_PRODUCTS,62,"PRESERVATIVES,LOW_FIBER"
1.4,6.5,3.3,0.1,196.9,494.1,0,0,0,0,SAUCES_SPREADS,69,LOW_FIBER
4.5,26.9,23.1,1.6,544.5,537.2,0,1,1,2,BISCUITS_COOKIES,0,"HIGH_SUGAR,HIGH_FAT,TRANS_FAT,PRESERVATIVES,LOW_FIBER,HIGH_CALORIE"
24.2,5.1,8.6,13.1,360.2,374.1,0,1,0,0,PROTEIN_BAR,79,PRESERVATIVES
0.5,5.1,0.0,0.0,47.6,108.9,0,1,0,1,ENERGY_DRINKS,50,"PRESERVATIVES,LOW_FIBER"
17.3,10.3,11.6,7.5,368.5,284.3,0,0,0,2,PROTEIN_BAR,61,NONE
0.4,10.7,0.0,0.0,56.4,207.7,0,1,0,2,ENERGY_DRINKS,24,"PRESERVATIVES,LOW_FIBER"
19.2,17.0,16.1,3.2,376.0,281.9,0,0,0,1,PROTEIN_BAR,47,NONE
4.1,54.0,35.2,1.0,561.5,57.2,1,1,0,2,CHOCOLATES_CONFECTIONERY,8,"HIGH_SUGAR,HIGH_FAT,ARTIFICIAL_SWEETENER,PRESERVATIVES,LOW_FIBER,HIGH_CALORIE"
6.0,18.3,17.7,3.8,440.7,275.9,0,1,0,2,BISCUITS_COOKIES,39,PRESERVATIVES
6.2,23.3,20.9,3.4,473.7,34.9,0,0,0,1,CHOCOLATES_CONFECTIONERY,59,"HIGH_SUGAR,HIGH_FAT,HIGH_CALORIE"
3.6,6.4,23.3,0.9,490.3,1120.6,0,0,0,3,INSTANT_NOODLES_RTE,22,"HIGH_FAT,LOW_FIBER,HIGH_CALORIE,HIGH_SODIUM,MANY_RISKY_INGREDIENTS"
2.3,31.4,11.7,4.6,449.9,626.0,1,1,1,2,BREAKFAST_CEREAL,2,"HIGH_SUGAR,TRANS_FAT,ARTIFICIAL_SWEETENER,PRESERVATIVES"
4.0,4.8,21.5,0.7,484.8,1779.8,1,1,0,5,INSTANT_NOODLES_RTE,12,"HIGH_FAT,ARTIFICIAL_SWEETENER,PRESERVATIVES,LOW_FIBER,HIGH_CALORIE,HIGH_SODIUM,MANY_RISKY_INGREDIENTS"
4.1,25.4,29.2,0.7,532.1,527.9,1,1,1,2,BISCUITS_COOKIES,0,"HIGH_SUGAR,HIGH_FAT,TRANS_FAT,ARTIFICIAL_SWEETENER,PRESERVATIVES,LOW_FIBER,HIGH_CALORIE"
33.0,7.8,5.7,4.3,388.5,407.3,1,1,0,1,HEALTH_SUPPLEMENTS,66,"ARTIFICIAL_SWEETENER,PRESERVATIVES"
21.2,5.6,6.3,8.6,369.0,227.3,0,1,0,1,PROTEIN_BAR,73,PRESERVATIVES
8.0,2.3,12.5,3.0,404.1,937.1,1,1,0,1,INSTANT_NOODLES_RTE,62,"ARTIFICIAL_SWEETENER,PRESERVATIVES,HIGH_SODIUM"
6.3,13.3,20.5,1.5,326.5,883.5,1,0,1,4,FROZEN_FOODS,10,"HIGH_FAT,TRANS_FAT,ARTIFICIAL_SWEETENER,LOW_FIBER,HIGH_SODIUM,MANY_RISKY_INGREDIENTS"
3.1,30.3,9.5,3.3,417.4,597.2,0,0,0,4,BREAKFAST_CEREAL,35,"HIGH_SUGAR,MANY_RISKY_INGREDIENTS"
4.7,49.9,35.7,1.5,537.3,111.4,1,0,0,2,CHOCOLATES_CONFECTIONERY,20,"HIGH_SUGAR,HIGH_FAT,ARTIFICIAL_SWEETENER,LOW_FIBER,HIGH_CALORIE"
1.1,11.9,11.4,0.1,203.0,864.5,0,1,0,1,SAUCES_SPREADS,45,"PRESERVATIVES,LOW_FIBER,HIGH_SODIUM"
5.4,9.3,9.2,0.5,139.4,251.5,1,1,0,1,DAIRY_PRODUCTS,56,"ARTIFICIAL_SWEETENER,PRESERVATIVES,LOW_FIBER"
7.4,7.0,17.0,3.9,259.2,739.6,0,1,0,2,FROZEN_FOODS,52,PRESERVATIVES
10.8,18.3,18.2,3.5,457.8,60.9,0,0,0,0,CHOCOLATES_CONFECTIONERY,76,"HIGH_FAT,HIGH_CALORIE"
11.8,5.2,2.0,1.4,78.8,71.8,0,0,0,0,DAIRY_PRODUCTS,84,LOW_FIBER
32.1,5.3,7.2,6.3,338.7,257.6,0,0,0,1,PROTEIN_BAR,88,NONE
16.1,11.7,16.6,3.8,374.1,417.5,0,0,0,2,PROTEIN_BAR,52,NONE
3.8,48.7,35.4,0.6,539.4,102.7,0,1,0,4,CHOCOLATES_CONFECTIONERY,19,"HIGH_SUGAR,HIGH_FAT,PRESERVATIVES,LOW_FIBER,HIGH_CALORIE,MANY_RISKY_INGREDIENTS"
3.1,35.1,27.8,1.4,488.0,497.1,0,0,0,3,BISCUITS_COOKIES,9,"HIGH_SUGAR,HIGH_FAT,LOW_FIBER,HIGH_CALORIE,MANY_RISKY_INGREDIENTS"
19.0,11.1,12.5,3.3,398.1,370.3,0,1,0,2,PROTEIN_BAR,52,PRESERVATIVES
4.9,6.3,20.0,0.3,441.0,1511.5,1,1,0,4,INSTANT_NOODLES_RTE,17,"HIGH_FAT,ARTIFICIAL_SWEETENER,PRESERVATIVES,LOW_FIBER,HIGH_SODIUM,MANY_RISKY_INGREDIENTS"
4.8,7.3,18.1,0.2,436.5,1570.1,0,1,0,5,INSTANT_NOODLES_RTE,23,"HIGH_FAT,PRESERVATIVES,LOW_FIBER,HIGH_SODIUM,MANY_RISKY_INGREDIENTS"
3.5,4.8,23.4,0.1,477.1,1653.1,1,1,0,4,INSTANT_NOODLES_RTE,14,"HIGH_FAT,ARTIFICIAL_SWEETENER,PRESERVATIVES,LOW_FIBER,HIGH_CALORIE,HIGH_SODIUM,MANY_RISKY_INGREDIENTS"
7.5,15.9,18.2,5.5,440.8,69.3,0,0,0,0,CHOCOLATES_CONFECTIONERY,77,HIGH_FAT
7.8,5.1,19.0,2.3,443.7,572.3,1,0,0,1,SNACKS,50,"HIGH_FAT,ARTIFICIAL_SWEETENER"
4.2,10.7,28.1,1.8,561.3,1106.0,1,1,0,4,SNACKS,1,"HIGH_FAT,ARTIFICIAL_SWEETENER,PRESERVATIVES,LOW_FIBER,HIGH_CALORIE,HIGH_SODIUM,MANY_RISKY_INGREDIENTS"
2.1,25.8,29.7,0.6,541.1,416.6,0,0,0,2,BISCUITS_COOKIES,11,"HIGH_SUGAR,HIGH_FAT,LOW_FIBER,HIGH_CALORIE"
51.0,11.9,8.1,3.1,386.5,361.8,1,0,0,0,HEALTH_SUPPLEMENTS,67,ARTIFICIAL_SWEETENER
0.2,2.1,0.1,0.9,23.6,97.7,0,0,0,0,BEVERAGES,63,LOW_FIBER
5.5,4.2,20.4,3.7,491.1,558.3,1,0,0,3,SNACKS,47,"HIGH_FAT,ARTIFICIAL_SWEETENER,HIGH_CALORIE,MANY_RISKY_INGREDIENTS"
0.4,9.5,0.0,0.0,35.7,206.8,1,0,0,2,ENERGY_DRINKS,26,"ARTIFICIAL_SWEETENER,LOW_FIBER"
2.8,13.3,23.2,0.2,572.1,970.4,1,1,0,5,SNACKS,9,"HIGH_FAT,ARTIFICIAL_SWEETENER,PRESERVATIVES,LOW_FIBER,HIGH_CALORIE,HIGH_SODIUM,MANY_RISKY_INGREDIENTS"
71.4,1.1,4.3,6.6,365.7,239.8,0,0,0,0,HEALTH_SUPPLEMENTS,96,NONE
3.9,6.4,20.4,2.7,493.6,609.1,0,1,0,3,SNACKS,32,"HIGH_FAT,PRESERVATIVES,HIGH_CALORIE,MANY_RISKY_INGREDIENTS"
12.0,36.3,15.4,1.9,437.4,373.0,0,0,0,4,PROTEIN_BAR,17,"HIGH_SUGAR,LOW_FIBER,MANY_RISKY_INGREDIENTS"
5.4,27.4,16.2,2.7,443.4,499.3,1,1,0,4,PROTEIN_BAR,4,"HIGH_SUGAR,ARTIFICIAL_SWEETENER,PRESERVATIVES,MANY_RISKY_INGREDIENTS"
20.2,13.6,14.2,6.6,351.4,407.1,1,1,0,0,PROTEIN_BAR,57,"ARTIFICIAL_SWEETENER,PRESERVATIVES"
9.4,4.3,13.9,7.4,404.7,292.9,0,0,0,0,SNACKS,89,NONE
1.5,2.7,3.4,0.6,194.2,373.5,0,1,0,1,SAUCES_SPREADS,69,"PRESERVATIVES,LOW_FIBER"
4.3,9.1,5.7,0.9,149.2,161.2,0,0,0,2,DAIRY_PRODUCTS,68,LOW_FIBER
4.3,12.9,23.2,0.1,564.1,829.7,1,1,0,5,SNACKS,9,"HIGH_FAT,ARTIFICIAL_SWEETENER,PRESERVATIVES,LOW_FIBER,HIGH_CALORIE,HIGH_SODIUM,MANY_RISKY_INGREDIENTS"
5.0,7.3,18.5,0.9,499.2,1615.7,1,1,1,5,INSTANT_NOODLES_RTE,0,"HIGH_FAT,TRANS_FAT,ARTIFICIAL_SWEETENER,PRESERVATIVES,LOW_FIBER,HIGH_CALORIE,HIGH_SODIUM,MANY_RISKY_INGREDIENTS"
10.7,4.0,1.4,1.6,72.7,148.5,0,0,0,0,DAIRY_PRODUCTS,91,LOW_FIBER
0.3,11.8,0.1,0.0,60.9,212.9,1,1,0,3,BEVERAGES,14,"ARTIFICIAL_SWEETENER,PRESERVATIVES,LOW_FIBER,MANY_RISKY_INGREDIENTS"
10.8,3.3,3.5,1.0,76.3,235.3,0,0,0,0,DAIRY_PRODUCTS,86,LOW_FIBER
2.2,5.4,27.6,0.1,563.1,964.8,0,0,1,6,SNACKS,11,"HIGH_FAT,TRANS_FAT,LOW_FIBER,HIGH_CALORIE,HIGH_SODIUM,MANY_RISKY_INGREDIENTS"
12.3,3.3,5.3,5.2,158.3,456.9,0,1,0,0,FROZEN_FOODS,85,PRESERVATIVES
9.7,2.5,8.2,3.7,300.7,469.0,0,0,0,1,INSTANT_NOODLES_RTE,87,NONE
4.7,15.2,16.9,0.5,168.3,515.9,1,1,0,3,DAIRY_PRODUCTS,26,"ARTIFICIAL_SWEETENER,PRESERVATIVES,LOW_FIBER,MANY_RISKY_INGREDIENTS"
3.6,23.3,17.4,2.2,474.7,374.2,0,1,1,1,BISCUITS_COOKIES,3,"HIGH_SUGAR,TRANS_FAT,PRESERVATIVES,HIGH_CALORIE"
21.7,11.7,13.0,4.0,358.0,422.1,1,1,0,2,PROTEIN_BAR,49,"ARTIFICIAL_SWEETENER,PRESERVATIVES"
3.4,29.7,14.3,3.3,410.7,666.7,1,0,1,3,BREAKFAST_CEREAL,5,"HIGH_SUGAR,TRANS_FAT,ARTIFICIAL_SWEETENER,MANY_RISKY_INGREDIENTS"
6.7,24.7,16.8,1.6,434.0,390.4,0,1,0,3,BISCUITS_COOKIES,18,"HIGH_SUGAR,PRESERVATIVES,LOW_FIBER,MANY_RISKY_INGREDIENTS"
13.0,1.6,6.6,6.5,359.7,443.8,0,0,0,0,INSTANT_NOODLES_RTE,92,NONE
6.8,36.7,28.5,1.9,517.4,140.2,0,1,0,1,CHOCOLATES_CONFECTIONERY,37,"HIGH_SUGAR,HIGH_FAT,PRESERVATIVES,LOW_FIBER,HIGH_CALORIE"
7.4,35.4,34.3,2.3,526.7,125.7,0,0,0,2,CHOCOLATES_CONFECTIONERY,45,"HIGH_SUGAR,HIGH_FAT,HIGH_CALORIE"
8.5,3.9,13.7,5.2,427.1,435.5,0,1,0,1,SNACKS,73,PRESERVATIVES
6.4,3.6,14.2,3.5,401.6,857.1,1,0,0,1,INSTANT_NOODLES_RTE,63,"ARTIFICIAL_SWEETENER,HIGH_SODIUM"
75.3,2.0,7.2,4.0,326.3,219.6,0,0,0,0,HEALTH_SUPPLEMENTS,93,NONE
1.1,2.0,0.4,0.2,16.3,91.7,0,0,0,0,BEVERAGES,75,LOW_FIBER
5.4,28.9,10.8,3.0,426.7,597.8,0,1,0,4,BREAKFAST_CEREAL,30,"HIGH_SUGAR,PRESERVATIVES,MANY_RISKY_INGREDIENTS"
0.9,22.2,29.8,0.4,372.6,1088.1,0,1,0,3,SAUCES_SPREADS,0,"HIGH_SUGAR,HIGH_FAT,PRESERVATIVES,LOW_FIBER,HIGH_SODIUM,MANY_RISKY_INGREDIENTS"
5.7,4.7,11.3,1.4,246.2,560.8,0,1,1,1,FROZEN_FOODS,47,"TRANS_FAT,PRESERVATIVES,LOW_FIBER"
2.5,33.9,22.7,1.5,549.6,545.7,1,1,1,3,BISCUITS_COOKIES,0,"HIGH_SUGAR,HIGH_FAT,TRANS_FAT,ARTIFICIAL_SWEETENER,PRESERVATIVES,LOW_FIBER,HIGH_CALORIE,MANY_RISKY_INGREDIENTS"
20.9,24.9,11.2,0.8,407.1,381.5,1,1,0,3,HEALTH_SUPPLEMENTS,21,"HIGH_SUGAR,ARTIFICIAL_SWEETENER,PRESERVATIVES,LOW_FIBER,MANY_RISKY_INGREDIENTS"
0.5,5.0,0.0,0.0,37.1,267.5,0,0,0,1,ENERGY_DRINKS,56,LOW_FIBER
16.0,23.7,12.5,1.8,454.3,342.2,1,1,0,2,HEALTH_SUPPLEMENTS,13,"HIGH_SUGAR,ARTIFICIAL_SWEETENER,PRESERVATIVES,LOW_FIBER,HIGH_CALORIE"
11.9,1.9,6.0,5.7,346.0,463.1,0,0,0,0,INSTANT_NOODLES_RTE,89,NONE
0.2,11.2,0.0,0.0,63.8,203.5,0,1,0,3,ENERGY_DRINKS,22,"PRESERVATIVES,LOW_FIBER,MANY_RISKY_INGREDIENTS"
1.4,27.4,25.7,0.2,315.9,1465.5,0,1,1,2,SAUCES_SPREADS,0,"HIGH_SUGAR,HIGH_FAT,TRANS_FAT,PRESERVATIVES,LOW_FIBER,HIGH_SODIUM"
6.1,20.2,19.8,3.8,438.1,99.1,0,0,0,1,CHOCOLATES_CONFECTIONERY,68,"HIGH_SUGAR,HIGH_FAT"
0.5,0.4,0.0,0.0,13.3,147.3,0,0,0,0,ENERGY_DRINKS,75,LOW_FIBER
9.4,13.1,10.5,5.0,371.5,255.7,1,0,0,1,BREAKFAST_CEREAL,54,ARTIFICIAL_SWEETENER
77.9,1.4,6.7,3.0,327.6,252.3,0,0,0,0,HEALTH_SUPPLEMENTS,93,NONE
58.7,6.1,7.7,4.4,406.5,387.4,0,0,0,2,HEALTH_SUPPLEMENTS,77,NONE
2.7,33.6,12.1,2.5,417.6,600.6,0,0,0,4,BREAKFAST_CEREAL,22,"HIGH_SUGAR,MANY_RISKY_INGREDIENTS"
0.1,7.8,0.3,0.3,27.7,189.9,1,0,0,2,BEVERAGES,45,"ARTIFICIAL_SWEETENER,LOW_FIBER"
2.3,52.1,32.5,1.8,571.2,137.0,1,1,1,2,CHOCOLATES_CONFECTIONERY,1,"HIGH_SUGAR,HIGH_FAT,TRANS_FAT,ARTIFICIAL_SWEETENER,PRESERVATIVES,LOW_FIBER,HIGH_CALORIE"
9.1,9.7,5.2,8.1,351.9,322.0,0,0,0,0,BREAKFAST_CEREAL,78,NONE
4.4,37.1,11.0,1.5,421.7,537.2,1,0,1,4,BREAKFAST_CEREAL,0,"HIGH_SUGAR,TRANS_FAT,ARTIFICIAL_SWEETENER,LOW_FIBER,MANY_RISKY_INGREDIENTS"
7.1,4.1,14.6,3.3,406.2,882.9,1,0,0,1,INSTANT_NOODLES_RTE,63,"ARTIFICIAL_SWEETENER,HIGH_SODIUM"
0.4,9.9,0.5,0.3,39.2,122.7,0,0,0,0,BEVERAGES,43,LOW_FIBER
2.4,19.8,16.3,0.7,268.3,874.6,1,1,0,1,SAUCES_SPREADS,25,"ARTIFICIAL_SWEETENER,PRESERVATIVES,LOW_FIBER,HIGH_SODIUM"
13.3,11.9,17.5,7.4,386.7,361.1,0,0,0,3,PROTEIN_BAR,49,MANY_RISKY_INGREDIENTS
0.5,0.7,0.0,0.0,19.6,108.6,0,0,0,1,ENERGY_DRINKS,73,LOW_FIBER
0.2,1.9,0.0,0.0,16.7,135.0,0,0,0,1,ENERGY_DRINKS,73,LOW_FIBER
32.4,6.0,11.8,7.5,338.9,250.4,0,0,0,1,PROTEIN_BAR,84,NONE
0.1,13.8,0.0,0.0,50.5,299.7,1,1,0,2,ENERGY_DRINKS,16,"ARTIFICIAL_SWEETENER,PRESERVATIVES,LOW_FIBER"
0.1,12.9,0.2,0.0,47.4,236.3,1,1,0,4,BEVERAGES,17,"ARTIFICIAL_SWEETENER,PRESERVATIVES,LOW_FIBER,MANY_RISKY_INGREDIENTS"
3.3,9.2,31.9,0.3,527.1,812.1,0,1,0,4,SNACKS,25,"HIGH_FAT,PRESERVATIVES,LOW_FIBER,HIGH_CALORIE,HIGH_SODIUM,MANY_RISKY_INGREDIENTS"
8.6,39.8,20.9,2.6,483.6,591.9,1,0,0,3,PROTEIN_BAR,1,"HIGH_SUGAR,HIGH_FAT,ARTIFICIAL_SWEETENER,HIGH_CALORIE,MANY_RISKY_INGREDIENTS"
4.1,56.8,38.4,0.6,554.5,68.5,1,1,0,3,CHOCOLATES_CONFECTIONERY,6,"HIGH_SUGAR,HIGH_FAT,ARTIFICIAL_SWEETENER,PRESERVATIVES,LOW_FIBER,HIGH_CALORIE,MANY_RISKY_INGREDIENTS"
13.2,12.2,11.6,5.1,376.9,421.5,1,1,0,2,PROTEIN_BAR,39,"ARTIFICIAL_SWEETENER,PRESERVATIVES"
0.1,32.3,20.4,0.3,336.0,1093.9,1,1,0,4,SAUCES_SPREADS,0,"HIGH_SUGAR,HIGH_FAT,ARTIFICIAL_SWEETENER,PRESERVATIVES,LOW_FIBER,HIGH_SODIUM,MANY_RISKY_INGREDIENTS"
4.1,9.7,23.2,1.6,506.0,734.3,1,0,0,4,SNACKS,22,"HIGH_FAT,ARTIFICIAL_SWEETENER,LOW_FIBER,HIGH_CALORIE,MANY_RISKY_INGREDIENTS"
9.1,2.2,6.0,5.9,230.9,363.1,0,0,0,1,FROZEN_FOODS,84,NONE
7.5,20.4,22.4,4.4,443.5,38.3,0,0,0,0,CHOCOLATES_CONFECTIONERY,66,"HIGH_SUGAR,HIGH_FAT"
19.4,13.1,15.9,7.5,414.5,360.5,1,0,1,1,PROTEIN_BAR,35,"TRANS_FAT,ARTIFICIAL_SWEETENER"
5.6,6.0,14.5,2.0,236.4,783.1,1,1,0,3,FROZEN_FOODS,43,"ARTIFICIAL_SWEETENER,PRESERVATIVES,MANY_RISKY_INGREDIENTS"
0.1,1.0,0.0,0.0,7.1,199.7,0,0,0,0,ENERGY_DRINKS,75,LOW_FIBER
5.3,34.5,30.7,1.3,519.2,83.2,0,1,0,1,CHOCOLATES_CONFECTIONERY,45,"HIGH_SUGAR,HIGH_FAT,PRESERVATIVES,LOW_FIBER,HIGH_CALORIE"
4.0,28.6,26.3,0.8,545.7,482.2,0,1,1,2,BISCUITS_COOKIES,0,"HIGH_SUGAR,HIGH_FAT,TRANS_FAT,PRESERVATIVES,LOW_FIBER,HIGH_CALORIE"
18.8,23.5,16.0,2.2,427.7,566.3,1,1,0,2,HEALTH_SUPPLEMENTS,18,"HIGH_SUGAR,ARTIFICIAL_SWEETENER,PRESERVATIVES"
0.5,7.6,0.0,0.0,38.7,268.3,0,0,0,2,ENERGY_DRINKS,48,LOW_FIBER
0.6,7.4,0.0,0.0,38.7,139.6,1,1,0,2,ENERGY_DRINKS,40,"ARTIFICIAL_SWEETENER,PRESERVATIVES,LOW_FIBER"
9.0,7.8,9.1,7.3,389.9,384.2,0,0,0,1,BISCUITS_COOKIES,76,NONE
46.4,6.8,9.7,4.8,403.9,381.2,1,0,0,2,HEALTH_SUPPLEMENTS,69,ARTIFICIAL_SWEETENER
10.0,5.3,11.8,7.5,421.9,292.7,0,0,0,1,SNACKS,80,NONE
11.8,7.2,3.6,12.5,356.9,329.1,0,0,0,0,BREAKFAST_CEREAL,86,NONE
83.0,3.4,6.8,4.3,337.7,273.8,0,0,0,0,HEALTH_SUPPLEMENTS,93,NONE
19.5,21.0,10.1,0.6,455.1,319.8,1,1,0,3,HEALTH_SUPPLEMENTS,21,"HIGH_SUGAR,ARTIFICIAL_SWEETENER,PRESERVATIVES,LOW_FIBER,HIGH_CALORIE,MANY_RISKY_INGREDIENTS"
0.3,10.3,0.0,0.0,63.6,234.5,0,1,0,4,ENERGY_DRINKS,20,"PRESERVATIVES,LOW_FIBER,MANY_RISKY_INGREDIENTS"
5.1,13.5,5.6,5.4,374.0,407.6,0,1,0,0,BREAKFAST_CEREAL,59,PRESERVATIVES
0.1,13.1,0.0,0.0,45.7,386.4,1,0,0,3,ENERGY_DRINKS,24,"ARTIFICIAL_SWEETENER,LOW_FIBER,MANY_RISKY_INGREDIENTS"
7.7,3.9,14.3,1.4,387.1,730.0,1,0,0,2,INSTANT_NOODLES_RTE,52,"ARTIFICIAL_SWEETENER,LOW_FIBER"
3.3,11.9,7.4,0.1,146.2,388.9,1,1,0,1,DAIRY_PRODUCTS,46,"ARTIFICIAL_SWEETENER,PRESERVATIVES,LOW_FIBER"
21.0,14.1,16.5,0.7,442.1,338.4,1,1,0,3,HEALTH_SUPPLEMENTS,33,"ARTIFICIAL_SWEETENER,PRESERVATIVES,LOW_FIBER,MANY_RISKY_INGREDIENTS"
7.3,14.6,11.5,6.5,404.6,232.9,0,0,0,2,BREAKFAST_CEREAL,60,NONE
4.8,4.6,19.1,3.9,452.4,627.9,1,1,1,2,SNACKS,27,"HIGH_FAT,TRANS_FAT,ARTIFICIAL_SWEETENER,PRESERVATIVES,HIGH_CALORIE"
5.6,12.0,7.0,0.3,146.0,347.5,0,0,0,1,DAIRY_PRODUCTS,63,LOW_FIBER
12.1,1.7,5.2,3.2,329.9,415.5,0,0,0,1,INSTANT_NOODLES_RTE,91,NONE
19.4,12.9,13.4,5.0,380.2,490.4,1,0,0,3,PROTEIN_BAR,47,"ARTIFICIAL_SWEETENER,MANY_RISKY_INGREDIENTS"
11.3,10.3,4.3,14.1,361.6,187.5,0,1,0,0,BREAKFAST_CEREAL,80,PRESERVATIVES
2.9,14.5,31.3,0.7,523.2,961.8,0,0,0,5,SNACKS,22,"HIGH_FAT,LOW_FIBER,HIGH_CALORIE,HIGH_SODIUM,MANY_RISKY_INGREDIENTS"
0.0,8.4,0.0,0.0,35.6,202.2,0,1,0,1,ENERGY_DRINKS,31,"PRESERVATIVES,LOW_FIBER"
7.7,17.4,17.5,3.5,469.1,93.9,0,0,0,1,CHOCOLATES_CONFECTIONERY,70,HIGH_CALORIE
0.6,7.6,0.0,0.0,35.9,138.4,0,0,0,1,ENERGY_DRINKS,55,LOW_FIBER
0.1,10.4,0.0,0.0,67.7,307.1,1,0,0,2,ENERGY_DRINKS,21,"ARTIFICIAL_SWEETENER,LOW_FIBER"
6.3,3.8,4.3,1.3,70.3,244.3,0,0,0,0,DAIRY_PRODUCTS,82,LOW_FIBER
1.2,2.9,4.1,1.7,183.9,256.1,0,0,0,0,SAUCES_SPREADS,81,LOW_FIBER
3.5,6.2,17.0,2.7,466.3,454.3,1,1,0,3,SNACKS,32,"ARTIFICIAL_SWEETENER,PRESERVATIVES,HIGH_CALORIE,MANY_RISKY_INGREDIENTS"
0.8,0.8,0.0,0.0,17.0,90.7,0,0,0,1,ENERGY_DRINKS,73,LOW_FIBER
3.8,22.6,19.5,3.8,469.1,295.2,1,1,0,2,BISCUITS_COOKIES,12,"HIGH_SUGAR,HIGH_FAT,ARTIFICIAL_SWEETENER,PRESERVATIVES,HIGH_CALORIE"
5.3,7.5,16.4,1.5,477.0,508.5,0,0,0,3,SNACKS,44,"LOW_FIBER,HIGH_CALORIE,MANY_RISKY_INGREDIENTS"
41.3,8.4,7.8,3.6,374.9,489.1,1,1,0,2,HEALTH_SUPPLEMENTS,64,"ARTIFICIAL_SWEETENER,PRESERVATIVES"
73.4,4.0,6.2,7.3,357.3,299.6,0,0,0,0,HEALTH_SUPPLEMENTS,92,NONE
15.9,16.9,16.8,4.2,398.4,219.6,1,0,0,3,PROTEIN_BAR,35,"ARTIFICIAL_SWEETENER,MANY_RISKY_INGREDIENTS"
4.9,7.6,14.6,2.8,495.9,662.6,0,1,0,3,SNACKS,42,"PRESERVATIVES,HIGH_CALORIE,MANY_RISKY_INGREDIENTS"
67.2,4.0,2.2,4.3,332.6,197.0,0,0,0,0,HEALTH_SUPPLEMENTS,100,NONE
5.5,37.6,17.3,3.2,464.4,367.5,1,1,0,2,PROTEIN_BAR,7,"HIGH_SUGAR,ARTIFICIAL_SWEETENER,PRESERVATIVES,HIGH_CALORIE"
4.1,55.5,38.3,0.1,536.1,120.4,0,1,0,4,CHOCOLATES_CONFECTIONERY,12,"HIGH_SUGAR,HIGH_FAT,PRESERVATIVES,LOW_FIBER,HIGH_CALORIE,MANY_RISKY_INGREDIENTS"
10.0,5.3,10.4,5.8,393.7,355.5,0,0,0,1,SNACKS,71,NONE
0.9,6.9,0.8,0.3,43.5,109.8,0,1,0,0,BEVERAGES,52,"PRESERVATIVES,LOW_FIBER"
5.1,37.0,19.5,1.0,440.2,374.7,1,1,0,4,PROTEIN_BAR,0,"HIGH_SUGAR,HIGH_FAT,ARTIFICIAL_SWEETENER,PRESERVATIVES,LOW_FIBER,MANY_RISKY_INGREDIENTS"
6.7,5.7,13.3,3.1,419.5,976.7,1,1,1,1,INSTANT_NOODLES_RTE,36,"TRANS_FAT,ARTIFICIAL_SWEETENER,PRESERVATIVES,HIGH_SODIUM"
31.0,7.6,9.4,3.1,372.4,243.3,1,0,0,2,HEALTH_SUPPLEMENTS,69,ARTIFICIAL_SWEETENER
1.1,30.3,25.5,0.1,381.4,937.0,1,1,1,3,SAUCES_SPREADS,0,"HIGH_SUGAR,HIGH_FAT,TRANS_FAT,ARTIFICIAL_SWEETENER,PRESERVATIVES,LOW_FIBER,HIGH_SODIUM,MANY_RISKY_INGREDIENTS"
67.8,4.0,5.3,7.3,324.6,238.4,0,0,0,0,HEALTH_SUPPLEMENTS,97,NONE
3.2,19.0,15.9,2.0,469.6,406.6,0,0,0,3,BISCUITS_COOKIES,29,"HIGH_CALORIE,MANY_RISKY_INGREDIENTS"
12.6,4.7,7.3,3.2,238.0,266.7,0,1,0,1,FROZEN_FOODS,83,PRESERVATIVES
17.4,17.6,17.2,5.4,398.7,374.1,1,1,0,1,PROTEIN_BAR,34,"ARTIFICIAL_SWEETENER,PRESERVATIVES"
0.5,10.1,0.1,0.0,52.3,164.6,0,1,0,3,BEVERAGES,27,"PRESERVATIVES,LOW_FIBER,MANY_RISKY_INGREDIENTS"
5.9,5.7,16.2,3.3,396.4,972.8,1,1,1,3,INSTANT_NOODLES_RTE,27,"TRANS_FAT,ARTIFICIAL_SWEETENER,PRESERVATIVES,HIGH_SODIUM,MANY_RISKY_INGREDIENTS"
9.5,19.9,8.9,4.5,396.1,358.0,0,1,0,2,BREAKFAST_CEREAL,52,PRESERVATIVES
5.4,3.5,12.6,1.6,370.5,754.4,0,1,1,3,INSTANT_NOODLES_RTE,38,"TRANS_FAT,PRESERVATIVES,LOW_FIBER,MANY_RISKY_INGREDIENTS"
4.1,6.8,22.3,0.9,443.6,1242.8,1,1,1,5,INSTANT_NOODLES_RTE,0,"HIGH_FAT,TRANS_FAT,ARTIFICIAL_SWEETENER,PRESERVATIVES,LOW_FIBER,HIGH_SODIUM,MANY_RISKY_INGREDIENTS"
11.5,3.7,6.8,5.6,318.5,511.7,0,1,0,1,INSTANT_NOODLES_RTE,82,PRESERVATIVES
7.5,4.9,1.1,1.4,76.4,107.7,0,0,0,0,DAIRY_PRODUCTS,87,LOW_FIBER
8.0,8.7,19.7,1.2,494.3,647.5,0,0,0,2,SNACKS,47,"HIGH_FAT,LOW_FIBER,HIGH_CALORIE"
1.3,2.7,0.0,0.3,23.0,32.0,0,0,0,0,BEVERAGES,63,LOW_FIBER
0.6,7.1,0.0,0.0,32.5,109.7,1,1,0,1,ENERGY_DRINKS,42,"ARTIFICIAL_SWEETENER,PRESERVATIVES,LOW_FIBER"
3.7,3.1,23.7,1.0,451.5,1081.5,0,1,1,3,INSTANT_NOODLES_RTE,9,"HIGH_FAT,TRANS_FAT,PRESERVATIVES,LOW_FIBER,HIGH_CALORIE,HIGH_SODIUM,MANY_RISKY_INGREDIENTS"
14.2,38.0,20.3,1.9,479.8,385.5,0,0,0,2,PROTEIN_BAR,11,"HIGH_SUGAR,HIGH_FAT,LOW_FIBER,HIGH_CALORIE"
0.5,2.6,0.0,0.0,13.6,181.8,0,0,0,0,ENERGY_DRINKS,68,LOW_FIBER
2.4,32.2,8.3,3.0,412.6,673.3,0,1,1,4,BREAKFAST_CEREAL,10,"HIGH_SUGAR,TRANS_FAT,PRESERVATIVES,MANY_RISKY_INGREDIENTS"
5.3,3.5,14.1,2.8,443.9,545.1,0,1,0,3,SNACKS,61,"PRESERVATIVES,MANY_RISKY_INGREDIENTS"
7.8,6.6,13.7,3.4,240.1,525.4,0,1,0,2,FROZEN_FOODS,62,PRESERVATIVES
8.9,4.9,15.9,2.7,439.8,994.1,0,1,0,2,INSTANT_NOODLES_RTE,59,"PRESERVATIVES,HIGH_SODIUM"
4.1,24.3,18.4,3.5,453.8,429.6,0,1,0,1,BISCUITS_COOKIES,22,"HIGH_SUGAR,HIGH_FAT,PRESERVATIVES,HIGH_CALORIE"
3.5,9.9,19.9,1.7,325.3,1053.4,0,1,1,3,FROZEN_FOODS,22,"HIGH_FAT,TRANS_FAT,PRESERVATIVES,LOW_FIBER,HIGH_SODIUM,MANY_RISKY_INGREDIENTS"
6.2,7.8,16.5,3.5,247.6,543.0,0,0,0,3,FROZEN_FOODS,60,MANY_RISKY_INGREDIENTS
37.6,7.8,11.9,2.0,376.3,290.3,0,0,0,1,HEALTH_SUPPLEMENTS,71,NONE
5.5,5.7,18.2,1.2,433.9,1493.1,1,0,1,3,INSTANT_NOODLES_RTE,13,"HIGH_FAT,TRANS_FAT,ARTIFICIAL_SWEETENER,LOW_FIBER,HIGH_SODIUM,MANY_RISKY_INGREDIENTS"
2.9,56.7,39.1,0.6,569.2,51.4,0,1,1,2,CHOCOLATES_CONFECTIONERY,1,"HIGH_SUGAR,HIGH_FAT,TRANS_FAT,PRESERVATIVES,LOW_FIBER,HIGH_CALORIE"
67.2,3.5,5.3,6.7,321.5,230.7,0,0,0,0,HEALTH_SUPPLEMENTS,97,NONE
2.0,18.5,15.1,0.6,239.5,619.5,0,1,0,1,SAUCES_SPREADS,33,"PRESERVATIVES,LOW_FIBER"
0.1,15.7,0.1,0.0,63.4,96.5,0,1,0,2,BEVERAGES,29,"PRESERVATIVES,LOW_FIBER"
8.6,34.2,19.0,1.3,476.8,328.5,1,0,0,2,PROTEIN_BAR,3,"HIGH_SUGAR,HIGH_FAT,ARTIFICIAL_SWEETENER,LOW_FIBER,HIGH_CALORIE"
3.9,22.6,20.5,3.8,448.8,376.6,0,0,0,3,BISCUITS_COOKIES,23,"HIGH_SUGAR,HIGH_FAT,MANY_RISKY_INGREDIENTS"
7.0,19.1,11.4,8.0,388.9,433.8,0,0,0,0,BREAKFAST_CEREAL,57,NONE
7.5,4.7,17.8,1.5,439.0,896.4,0,1,0,1,INSTANT_NOODLES_RTE,52,"PRESERVATIVES,LOW_FIBER,HIGH_SODIUM"
1.1,11.4,9.8,0.6,253.9,720.3,0,0,0,1,SAUCES_SPREADS,54,LOW_FIBER
4.6,7.9,5.9,1.8,146.4,210.0,0,1,0,1,SAUCES_SPREADS,63,"PRESERVATIVES,LOW_FIBER"
10.7,9.5,4.6,9.8,360.0,185.4,0,1,0,0,BREAKFAST_CEREAL,82,PRESERVATIVES
4.1,13.6,8.5,0.2,126.9,367.6,1,0,0,0,DAIRY_PRODUCTS,53,"ARTIFICIAL_SWEETENER,LOW_FIBER"
28.5,4.7,8.0,6.1,311.3,346.3,0,1,0,0,PROTEIN_BAR,92,PRESERVATIVES
5.4,4.8,3.9,0.7,84.0,192.6,0,0,0,0,DAIRY_PRODUCTS,87,LOW_FIBER
22.9,2.4,11.1,12.9,346.0,125.1,0,0,0,1,PROTEIN_BAR,95,NONE
4.0,8.4,8.7,0.3,117.1,181.9,1,0,0,2,DAIRY_PRODUCTS,60,"ARTIFICIAL_SWEETENER,LOW_FIBER"
21.4,16.9,14.6,7.7,372.6,309.7,0,1,0,1,PROTEIN_BAR,56,PRESERVATIVES
26.7,3.1,9.6,6.6,372.3,169.2,0,0,0,0,PROTEIN_BAR,97,NONE
5.1,4.0,12.5,4.0,411.2,777.0,0,0,0,3,INSTANT_NOODLES_RTE,67,MANY_RISKY_INGREDIENTS
3.0,51.5,30.4,1.3,552.1,118.9,1,0,0,2,CHOCOLATES_CONFECTIONERY,21,"HIGH_SUGAR,HIGH_FAT,ARTIFICIAL_SWEETENER,LOW_FIBER,HIGH_CALORIE"
8.5,3.3,9.1,6.8,392.3,371.9,0,0,0,1,SNACKS,86,NONE
5.4,29.0,23.5,3.4,427.7,459.1,1,1,0,2,PROTEIN_BAR,7,"HIGH_SUGAR,HIGH_FAT,ARTIFICIAL_SWEETENER,PRESERVATIVES"
65.8,2.1,3.3,3.2,310.4,286.8,0,0,0,0,HEALTH_SUPPLEMENTS,97,NONE
9.7,11.7,4.8,8.2,360.2,246.1,0,0,0,0,BREAKFAST_CEREAL,76,NONE
1.2,2.5,0.4,0.9,23.6,27.6,0,0,0,0,BEVERAGES,63,LOW_FIBER
0.3,6.4,1.0,0.0,44.8,57.2,0,0,0,1,BEVERAGES,55,LOW_FIBER
6.3,11.8,10.7,5.8,415.2,348.4,0,0,0,0,BISCUITS_COOKIES,60,NONE
2.4,50.2,35.5,0.5,560.7,123.7,1,1,0,2,CHOCOLATES_CONFECTIONERY,8,"HIGH_SUGAR,HIGH_FAT,ARTIFICIAL_SWEETENER,PRESERVATIVES,LOW_FIBER,HIGH_CALORIE"
63.8,4.2,6.6,4.9,343.0,111.9,0,0,0,0,HEALTH_SUPPLEMENTS,98,NONE
0.9,22.9,20.7,0.2,372.2,985.3,0,1,0,3,SAUCES_SPREADS,9,"HIGH_SUGAR,HIGH_FAT,PRESERVATIVES,LOW_FIBER,HIGH_SODIUM,MANY_RISKY_INGREDIENTS"
0.7,9.3,0.5,0.4,28.6,73.9,1,1,0,0,BEVERAGES,30,"ARTIFICIAL_SWEETENER,PRESERVATIVES,LOW_FIBER"
10.7,24.7,17.2,3.9,452.2,508.2,0,1,1,5,PROTEIN_BAR,0,"HIGH_SUGAR,TRANS_FAT,PRESERVATIVES,HIGH_CALORIE,MANY_RISKY_INGREDIENTS"
3.5,5.4,7.3,1.5,194.8,488.0,0,0,0,1,SAUCES_SPREADS,63,LOW_FIBER
2.7,54.5,30.6,1.0,542.8,56.7,0,1,1,3,CHOCOLATES_CONFECTIONERY,7,"HIGH_SUGAR,HIGH_FAT,TRANS_FAT,PRESERVATIVES,LOW_FIBER,HIGH_CALORIE,MANY_RISKY_INGREDIENTS"
21.9,15.9,17.9,7.8,384.3,408.9,0,0,0,1,PROTEIN_BAR,56,NONE
5.0,28.8,14.1,2.8,410.5,659.6,0,1,0,4,BREAKFAST_CEREAL,21,"HIGH_SUGAR,PRESERVATIVES,MANY_RISKY_INGREDIENTS"
7.0,13.1,11.3,4.2,404.5,308.0,0,1,0,2,BREAKFAST_CEREAL,51,PRESERVATIVES
4.4,8.4,33.7,0.1,558.0,711.7,0,1,0,6,SNACKS,21,"HIGH_FAT,PRESERVATIVES,LOW_FIBER,HIGH_CALORIE,MANY_RISKY_INGREDIENTS"
20.4,17.7,13.5,5.8,394.0,480.5,0,1,0,2,PROTEIN_BAR,50,PRESERVATIVES
8.1,11.2,10.5,5.8,412.1,282.9,0,0,0,0,BISCUITS_COOKIES,64,NONE
1.3,11.4,16.9,1.0,214.7,557.4,0,1,0,2,SAUCES_SPREADS,41,"PRESERVATIVES,LOW_FIBER"
8.0,6.8,13.1,3.6,318.2,648.1,0,1,1,1,FROZEN_FOODS,48,"TRANS_FAT,PRESERVATIVES"
3.7,12.0,7.1,0.8,136.7,331.1,1,0,0,2,DAIRY_PRODUCTS,49,"ARTIFICIAL_SWEETENER,LOW_FIBER"
3.4,9.7,26.9,1.9,520.0,858.3,1,1,0,5,SNACKS,15,"HIGH_FAT,ARTIFICIAL_SWEETENER,PRESERVATIVES,LOW_FIBER,HIGH_CALORIE,HIGH_SODIUM,MANY_RISKY_INGREDIENTS"
5.6,9.2,17.0,3.7,466.5,636.6,1,1,0,2,SNACKS,39,"ARTIFICIAL_SWEETENER,PRESERVATIVES,HIGH_CALORIE"
42.9,9.5,11.6,1.4,381.6,257.7,1,1,0,1,HEALTH_SUPPLEMENTS,53,"ARTIFICIAL_SWEETENER,PRESERVATIVES,LOW_FIBER"
1.4,25.3,28.6,0.5,346.9,1196.0,0,1,0,4,SAUCES_SPREADS,2,"HIGH_SUGAR,HIGH_FAT,PRESERVATIVES,LOW_FIBER,HIGH_SODIUM,MANY_RISKY_INGREDIENTS"
7.5,17.0,20.4,4.4,456.5,57.2,0,0,0,1,CHOCOLATES_CONFECTIONERY,66,"HIGH_FAT,HIGH_CALORIE"
22.1,24.8,13.5,1.9,404.0,496.0,1,1,1,3,HEALTH_SUPPLEMENTS,6,"HIGH_SUGAR,TRANS_FAT,ARTIFICIAL_SWEETENER,PRESERVATIVES,LOW_FIBER,MANY_RISKY_INGREDIENTS"
0.5,11.2,0.0,0.0,49.5,292.4,0,1,0,2,ENERGY_DRINKS,29,"PRESERVATIVES,LOW_FIBER"
2.9,14.1,30.7,1.3,544.8,722.9,1,1,1,5,SNACKS,0,"HIGH_FAT,TRANS_FAT,ARTIFICIAL_SWEETENER,PRESERVATIVES,LOW_FIBER,HIGH_CALORIE,MANY_RISKY_INGREDIENTS"
5.6,31.9,22.6,4.1,477.0,390.5,1,1,0,2,PROTEIN_BAR,2,"HIGH_SUGAR,HIGH_FAT,ARTIFICIAL_SWEETENER,PRESERVATIVES,HIGH_CALORIE"
2.4,13.4,17.7,0.1,239.7,671.2,0,1,0,2,SAUCES_SPREADS,38,"PRESERVATIVES,LOW_FIBER"
7.8,7.9,18.9,2.7,450.8,558.2,0,1,0,2,SNACKS,46,"HIGH_FAT,PRESERVATIVES,HIGH_CALORIE"
6.2,13.7,24.1,0.7,382.7,916.6,0,1,1,3,FROZEN_FOODS,10,"HIGH_FAT,TRANS_FAT,PRESERVATIVES,LOW_FIBER,HIGH_SODIUM,MANY_RISKY_INGREDIENTS"
5.4,18.0,16.4,2.6,452.0,347.5,1,1,0,3,BISCUITS_COOKIES,20,"ARTIFICIAL_SWEETENER,PRESERVATIVES,HIGH_CALORIE,MANY_RISKY_INGREDIENTS"
0.7,6.8,0.7,0.0,31.5,97.9,1,0,0,2,BEVERAGES,45,"ARTIFICIAL_SWEETENER,LOW_FIBER"
3.8,9.1,26.9,1.1,505.1,1137.9,1,1,0,5,SNACKS,5,"HIGH_FAT,ARTIFICIAL_SWEETENER,PRESERVATIVES,LOW_FIBER,HIGH_CALORIE,HIGH_SODIUM,MANY_RISKY_INGREDIENTS"
0.0,13.1,0.4,0.0,55.4,231.5,1,1,0,3,BEVERAGES,14,"ARTIFICIAL_SWEETENER,PRESERVATIVES,LOW_FIBER,MANY_RISKY_INGREDIENTS"
9.0,21.8,10.6,8.2,375.4,445.1,1,1,0,0,BREAKFAST_CEREAL,48,"HIGH_SUGAR,ARTIFICIAL_SWEETENER,PRESERVATIVES"
7.5,6.5,19.2,2.2,477.9,546.5,0,1,0,2,SNACKS,46,"HIGH_FAT,PRESERVATIVES,HIGH_CALORIE"
2.5,4.5,5.8,1.8,55.4,273.1,0,0,0,0,SAUCES_SPREADS,77,LOW_FIBER
5.9,9.5,8.0,0.9,144.6,389.7,1,1,0,2,DAIRY_PRODUCTS,54,"ARTIFICIAL_SWEETENER,PRESERVATIVES,LOW_FIBER"
0.0,2.1,0.5,0.2,17.7,75.9,0,0,0,0,BEVERAGES,68,LOW_FIBER
12.2,2.9,9.4,6.1,187.0,291.8,0,0,0,0,FROZEN_FOODS,94,NONE
4.4,11.1,6.8,0.0,123.7,180.9,0,1,0,0,DAIRY_PRODUCTS,61,"PRESERVATIVES,LOW_FIBER"
3.5,39.7,22.5,1.2,504.5,553.0,0,1,1,4,BISCUITS_COOKIES,0,"HIGH_SUGAR,HIGH_FAT,TRANS_FAT,PRESERVATIVES,LOW_FIBER,HIGH_CALORIE,MANY_RISKY_INGREDIENTS"
10.7,9.6,3.5,11.0,351.7,247.0,0,0,0,0,BREAKFAST_CEREAL,86,NONE
0.4,25.7,18.3,0.4,389.8,966.5,1,0,0,2,SAUCES_SPREADS,13,"HIGH_SUGAR,HIGH_FAT,ARTIFICIAL_SWEETENER,LOW_FIBER,HIGH_SODIUM"
52.0,8.9,6.7,2.4,394.7,376.9,0,1,0,1,HEALTH_SUPPLEMENTS,70,PRESERVATIVES
21.8,7.8,7.0,14.1,332.8,215.8,0,0,0,1,PROTEIN_BAR,87,NONE
7.4,9.3,15.9,1.6,469.8,675.1,0,1,0,3,SNACKS,36,"PRESERVATIVES,LOW_FIBER,HIGH_CALORIE,MANY_RISKY_INGREDIENTS"
18.5,17.6,16.1,5.0,402.4,484.9,0,0,0,3,PROTEIN_BAR,43,MANY_RISKY_INGREDIENTS
5.3,4.1,17.1,2.2,424.8,950.9,0,1,0,2,INSTANT_NOODLES_RTE,55,"PRESERVATIVES,HIGH_SODIUM"
1.9,23.3,21.7,0.0,340.0,1411.7,0,0,0,3,SAUCES_SPREADS,9,"HIGH_SUGAR,HIGH_FAT,LOW_FIBER,HIGH_SODIUM,MANY_RISKY_INGREDIENTS"
3.2,13.5,24.1,0.0,562.8,737.4,1,1,1,6,SNACKS,0,"HIGH_FAT,TRANS_FAT,ARTIFICIAL_SWEETENER,PRESERVATIVES,LOW_FIBER,HIGH_CALORIE,MANY_RISKY_INGREDIENTS"
8.9,9.1,10.7,4.7,422.8,375.0,0,0,0,1,BISCUITS_COOKIES,68,NONE
9.1,7.0,13.2,1.2,299.2,550.6,0,1,0,3,FROZEN_FOODS,55,"PRESERVATIVES,LOW_FIBER,MANY_RISKY_INGREDIENTS"
57.8,7.5,10.1,2.2,350.1,313.9,1,0,0,2,HEALTH_SUPPLEMENTS,61,ARTIFICIAL_SWEETENER
5.4,6.5,17.6,1.9,282.3,786.1,0,1,0,2,FROZEN_FOODS,43,"PRESERVATIVES,LOW_FIBER"
0.5,9.0,0.0,0.0,36.5,112.6,1,1,0,1,ENERGY_DRINKS,28,"ARTIFICIAL_SWEETENER,PRESERVATIVES,LOW_FIBER"
5.3,17.5,9.0,5.3,388.8,337.8,0,0,0,1,BREAKFAST_CEREAL,55,NONE
22.7,6.7,10.9,10.5,344.4,289.6,0,0,0,1,PROTEIN_BAR,83,NONE
4.7,26.5,27.1,1.6,538.5,473.4,0,1,0,4,BISCUITS_COOKIES,2,"HIGH_SUGAR,HIGH_FAT,PRESERVATIVES,LOW_FIBER,HIGH_CALORIE,MANY_RISKY_INGREDIENTS"
0.4,6.2,0.0,0.0,33.2,297.1,0,1,0,2,ENERGY_DRINKS,43,"PRESERVATIVES,LOW_FIBER"
4.0,5.6,18.8,0.3,478.6,1734.0,1,0,0,5,INSTANT_NOODLES_RTE,15,"HIGH_FAT,ARTIFICIAL_SWEETENER,LOW_FIBER,HIGH_CALORIE,HIGH_SODIUM,MANY_RISKY_INGREDIENTS"
3.0,12.1,25.5,1.0,390.3,1163.4,1,1,1,4,FROZEN_FOODS,0,"HIGH_FAT,TRANS_FAT,ARTIFICIAL_SWEETENER,PRESERVATIVES,LOW_FIBER,HIGH_SODIUM,MANY_RISKY_INGREDIENTS"
0.1,11.3,0.1,0.0,58.1,83.0,1,0,0,4,BEVERAGES,22,"ARTIFICIAL_SWEETENER,LOW_FIBER,MANY_RISKY_INGREDIENTS"
0.4,11.9,0.0,0.0,66.2,232.6,0,0,0,2,ENERGY_DRINKS,29,LOW_FIBER
7.0,39.8,29.4,2.3,482.6,68.0,1,1,0,2,CHOCOLATES_CONFECTIONERY,32,"HIGH_SUGAR,HIGH_FAT,ARTIFICIAL_SWEETENER,PRESERVATIVES,HIGH_CALORIE"
19.2,14.8,17.7,4.1,388.6,380.5,1,0,0,1,PROTEIN_BAR,46,ARTIFICIAL_SWEETENER
3.9,8.3,7.9,0.3,100.9,231.0,0,1,0,2,DAIRY_PRODUCTS,58,"PRESERVATIVES,LOW_FIBER"
3.3,63.1,34.8,1.1,549.5,160.0,1,0,0,2,CHOCOLATES_CONFECTIONERY,21,"HIGH_SUGAR,HIGH_FAT,ARTIFICIAL_SWEETENER,LOW_FIBER,HIGH_CALORIE"
2.6,5.1,7.0,0.2,102.3,446.8,0,0,0,0,SAUCES_SPREADS,65,LOW_FIBER
5.0,10.0,27.8,1.9,335.9,856.2,0,0,0,3,FROZEN_FOODS,41,"HIGH_FAT,LOW_FIBER,HIGH_SODIUM,MANY_RISKY_INGREDIENTS"
4.6,20.1,14.5,0.0,157.2,307.4,1,0,1,3,DAIRY_PRODUCTS,21,"HIGH_SUGAR,TRANS_FAT,ARTIFICIAL_SWEETENER,LOW_FIBER,MANY_RISKY_INGREDIENTS"
6.1,4.9,4.6,1.4,67.4,167.5,0,0,0,0,DAIRY_PRODUCTS,87,LOW_FIBER
12.9,29.3,23.1,3.0,495.7,601.1,0,1,0,5,PROTEIN_BAR,4,"HIGH_SUGAR,HIGH_FAT,PRESERVATIVES,HIGH_CALORIE,MANY_RISKY_INGREDIENTS"
2.3,8.9,28.7,1.7,558.3,884.7,1,1,0,6,SNACKS,13,"HIGH_FAT,ARTIFICIAL_SWEETENER,PRESERVATIVES,LOW_FIBER,HIGH_CALORIE,HIGH_SODIUM,MANY_RISKY_INGREDIENTS"
4.0,35.2,25.9,1.3,485.6,555.5,0,0,0,3,BISCUITS_COOKIES,9,"HIGH_SUGAR,HIGH_FAT,LOW_FIBER,HIGH_CALORIE,MANY_RISKY_INGREDIENTS"
9.6,11.8,12.2,5.4,417.1,265.7,0,0,0,1,BISCUITS_COOKIES,62,NONE
5.8,38.9,9.8,1.9,414.9,532.4,0,0,0,2,BREAKFAST_CEREAL,34,"HIGH_SUGAR,LOW_FIBER"
6.3,6.3,18.5,1.6,353.3,1031.3,0,1,1,5,FROZEN_FOODS,17,"HIGH_FAT,TRANS_FAT,PRESERVATIVES,LOW_FIBER,HIGH_SODIUM,MANY_RISKY_INGREDIENTS"
10.0,30.0,23.3,3.2,451.7,662.0,1,1,0,4,PROTEIN_BAR,0,"HIGH_SUGAR,HIGH_FAT,ARTIFICIAL_SWEETENER,PRESERVATIVES,HIGH_CALORIE,MANY_RISKY_INGREDIENTS"
2.4,36.9,9.3,4.2,430.6,458.0,0,1,0,2,BREAKFAST_CEREAL,34,"HIGH_SUGAR,PRESERVATIVES"
4.1,32.6,8.4,4.7,408.9,558.5,1,0,0,3,BREAKFAST_CEREAL,29,"HIGH_SUGAR,ARTIFICIAL_SWEETENER,MANY_RISKY_INGREDIENTS"
1.1,32.8,28.7,0.3,367.0,1184.5,0,1,1,3,SAUCES_SPREADS,0,"HIGH_SUGAR,HIGH_FAT,TRANS_FAT,PRESERVATIVES,LOW_FIBER,HIGH_SODIUM,MANY_RISKY_INGREDIENTS"
4.8,7.9,15.4,2.1,457.5,600.4,0,1,1,3,SNACKS,22,"TRANS_FAT,PRESERVATIVES,HIGH_CALORIE,MANY_RISKY_INGREDIENTS"
11.8,4.8,10.0,3.7,388.6,241.9,0,0,0,0,SNACKS,89,NONE
0.7,9.1,0.8,0.4,44.3,115.9,1,1,0,1,BEVERAGES,28,"ARTIFICIAL_SWEETENER,PRESERVATIVES,LOW_FIBER"
0.7,9.5,0.4,0.3,25.2,99.8,0,0,0,1,BEVERAGES,41,LOW_FIBER
27.9,3.2,5.8,10.1,306.3,276.2,0,0,0,1,PROTEIN_BAR,99,NONE
2.8,14.0,32.1,1.7,517.1,997.8,0,1,0,5,SNACKS,17,"HIGH_FAT,PRESERVATIVES,LOW_FIBER,HIGH_CALORIE,HIGH_SODIUM,MANY_RISKY_INGREDIENTS"
4.6,2.4,4.3,0.2,165.3,242.4,0,1,0,0,SAUCES_SPREADS,76,"PRESERVATIVES,LOW_FIBER"
5.2,33.4,24.5,3.8,499.4,575.0,0,1,0,4,PROTEIN_BAR,6,"HIGH_SUGAR,HIGH_FAT,PRESERVATIVES,HIGH_CALORIE,MANY_RISKY_INGREDIENTS"
6.1,3.7,14.3,2.9,426.9,789.1,0,1,0,3,INSTANT_NOODLES_RTE,58,"PRESERVATIVES,MANY_RISKY_INGREDIENTS"
58.1,10.7,6.1,2.6,396.8,481.5,1,1,0,0,HEALTH_SUPPLEMENTS,58,"ARTIFICIAL_SWEETENER,PRESERVATIVES"
38.2,7.0,9.6,4.5,417.9,302.4,1,1,0,2,HEALTH_SUPPLEMENTS,64,"ARTIFICIAL_SWEETENER,PRESERVATIVES"
1.2,1.8,0.3,0.6,21.9,21.2,0,0,0,0,BEVERAGES,70,LOW_FIBER
4.1,13.9,6.3,0.5,142.6,170.0,1,0,0,2,DAIRY_PRODUCTS,54,"ARTIFICIAL_SWEETENER,LOW_FIBER"
31.5,5.5,11.2,4.1,363.8,386.1,1,1,0,1,HEALTH_SUPPLEMENTS,62,"ARTIFICIAL_SWEETENER,PRESERVATIVES"
21.2,9.7,12.1,3.3,405.7,386.5,0,0,0,1,PROTEIN_BAR,70,NONE
4.0,9.6,9.4,0.5,133.8,158.9,0,0,0,0,DAIRY_PRODUCTS,72,LOW_FIBER
33.1,7.6,5.6,8.5,376.7,124.9,0,0,0,1,PROTEIN_BAR,88,NONE
4.9,7.3,20.0,1.8,391.2,1043.2,1,1,1,5,FROZEN_FOODS,5,"HIGH_FAT,TRANS_FAT,ARTIFICIAL_SWEETENER,PRESERVATIVES,LOW_FIBER,HIGH_SODIUM,MANY_RISKY_INGREDIENTS"
7.7,14.4,10.2,6.8,381.8,440.6,0,1,0,2,BREAKFAST_CEREAL,55,PRESERVATIVES
8.6,2.4,15.9,3.4,394.8,986.2,1,0,0,2,INSTANT_NOODLES_RTE,60,"ARTIFICIAL_SWEETENER,HIGH_SODIUM"
1.8,2.9,0.0,0.5,16.0,13.8,0,0,0,0,BEVERAGES,68,LOW_FIBER
5.6,13.7,21.4,0.4,356.2,1015.1,1,1,0,5,FROZEN_FOODS,13,"HIGH_FAT,ARTIFICIAL_SWEETENER,PRESERVATIVES,LOW_FIBER,HIGH_SODIUM,MANY_RISKY_INGREDIENTS"
2.9,17.2,17.3,0.8,253.1,546.3,0,1,0,2,SAUCES_SPREADS,34,"PRESERVATIVES,LOW_FIBER"
1.4,2.2,0.1,0.3,14.4,7.1,0,0,0,0,BEVERAGES,68,LOW_FIBER
1.2,2.4,0.3,0.2,15.9,84.3,0,0,0,0,BEVERAGES,68,LOW_FIBER
5.4,3.1,19.7,1.1,480.2,1704.4,1,1,0,5,INSTANT_NOODLES_RTE,21,"HIGH_FAT,ARTIFICIAL_SWEETENER,PRESERVATIVES,LOW_FIBER,HIGH_CALORIE,HIGH_SODIUM,MANY_RISKY_INGREDIENTS"
6.5,32.7,25.9,1.5,494.2,114.7,0,1,0,2,CHOCOLATES_CONFECTIONERY,43,"HIGH_SUGAR,HIGH_FAT,PRESERVATIVES,LOW_FIBER,HIGH_CALORIE"
6.7,4.3,12.1,4.0,409.0,710.6,0,1,0,2,INSTANT_NOODLES_RTE,64,PRESERVATIVES
74.4,4.8,3.4,3.5,300.0,113.3,0,0,0,0,HEALTH_SUPPLEMENTS,100,NONE
0.2,12.9,0.0,0.0,50.9,228.7,1,1,0,2,ENERGY_DRINKS,16,"ARTIFICIAL_SWEETENER,PRESERVATIVES,LOW_FIBER"
4.9,6.7,22.7,1.3,431.2,1420.3,1,0,1,5,INSTANT_NOODLES_RTE,0,"HIGH_FAT,TRANS_FAT,ARTIFICIAL_SWEETENER,LOW_FIBER,HIGH_SODIUM,MANY_RISKY_INGREDIENTS"
7.7,7.2,13.8,2.9,275.0,689.4,0,0,0,3,FROZEN_FOODS,56,MANY_RISKY_INGREDIENTS
3.4,5.4,22.5,0.2,528.2,703.1,0,1,0,5,SNACKS,23,"HIGH_FAT,PRESERVATIVES,LOW_FIBER,HIGH_CALORIE,MANY_RISKY_INGREDIENTS"
3.8,4.9,14.0,1.4,485.0,505.7,1,0,0,3,SNACKS,44,"ARTIFICIAL_SWEETENER,LOW_FIBER,HIGH_CALORIE,MANY_RISKY_INGREDIENTS"
6.7,6.3,16.8,2.2,235.5,612.3,0,1,0,2,FROZEN_FOODS,48,PRESERVATIVES
5.2,5.3,17.4,1.3,400.8,979.6,0,0,0,1,INSTANT_NOODLES_RTE,50,"LOW_FIBER,HIGH_SODIUM"
1.9,1.7,0.2,0.4,19.3,39.8,0,0,0,0,BEVERAGES,75,LOW_FIBER
1.5,0.5,0.0,0.4,5.8,96.7,0,0,0,0,BEVERAGES,75,LOW_FIBER
5.7,4.3,14.1,3.3,408.2,830.0,1,1,0,1,INSTANT_NOODLES_RTE,58,"ARTIFICIAL_SWEETENER,PRESERVATIVES,HIGH_SODIUM"
6.6,19.6,10.8,9.9,395.7,338.5,0,0,0,0,BREAKFAST_CEREAL,57,NONE
0.7,1.4,0.0,0.1,10.9,33.1,0,0,0,0,BEVERAGES,75,LOW_FIBER
0.1,2.7,0.4,0.2,8.3,57.0,0,0,0,0,BEVERAGES,68,LOW_FIBER
11.7,3.5,7.3,6.0,233.3,437.7,0,0,0,1,FROZEN_FOODS,88,NONE
0.1,10.0,0.0,0.0,66.8,288.8,0,1,0,2,ENERGY_DRINKS,24,"PRESERVATIVES,LOW_FIBER"
0.3,15.8,0.1,0.0,60.0,155.1,0,1,0,2,BEVERAGES,29,"PRESERVATIVES,LOW_FIBER"
32.8,5.1,6.2,1.5,400.8,367.1,1,0,0,1,HEALTH_SUPPLEMENTS,62,"ARTIFICIAL_SWEETENER,LOW_FIBER"
6.6,5.0,13.5,3.1,404.4,965.6,0,1,0,3,INSTANT_NOODLES_RTE,62,"PRESERVATIVES,HIGH_SODIUM,MANY_RISKY_INGREDIENTS"
0.8,5.1,1.0,0.4,40.0,164.1,0,1,0,2,BEVERAGES,48,"PRESERVATIVES,LOW_FIBER"
2.7,29.4,11.9,2.3,421.2,547.7,1,1,0,4,BREAKFAST_CEREAL,14,"HIGH_SUGAR,ARTIFICIAL_SWEETENER,PRESERVATIVES,MANY_RISKY_INGREDIENTS"
84.0,3.9,6.5,4.6,308.8,153.3,0,0,0,0,HEALTH_SUPPLEMENTS,98,NONE
5.5,7.4,15.9,3.2,472.8,561.7,1,0,1,1,SNACKS,34,"TRANS_FAT,ARTIFICIAL_SWEETENER,HIGH_CALORIE"
4.6,13.2,29.8,1.5,534.7,973.7,0,0,1,4,SNACKS,9,"HIGH_FAT,TRANS_FAT,LOW_FIBER,HIGH_CALORIE,HIGH_SODIUM,MANY_RISKY_INGREDIENTS"
79.9,1.0,3.7,5.5,347.6,255.4,0,0,0,0,HEALTH_SUPPLEMENTS,97,NONE
0.6,7.7,0.0,0.0,39.6,129.4,1,0,0,1,ENERGY_DRINKS,47,"ARTIFICIAL_SWEETENER,LOW_FIBER"
33.5,10.4,11.1,4.8,396.5,344.6,0,0,0,2,HEALTH_SUPPLEMENTS,67,NONE
2.6,64.8,30.1,0.5,532.0,52.1,1,1,1,2,CHOCOLATES_CONFECTIONERY,1,"HIGH_SUGAR,HIGH_FAT,TRANS_FAT,ARTIFICIAL_SWEETENER,PRESERVATIVES,LOW_FIBER,HIGH_CALORIE"
8.3,16.4,9.9,7.8,374.6,434.3,1,1,0,0,BREAKFAST_CEREAL,52,"ARTIFICIAL_SWEETENER,PRESERVATIVES"
0.5,2.4,0.3,0.6,9.5,92.2,0,0,0,0,BEVERAGES,68,LOW_FIBER
1.3,2.3,3.0,0.1,159.9,274.6,0,0,0,0,SAUCES_SPREADS,81,LOW_FIBER
4.3,5.8,4.1,0.2,63.7,300.7,0,0,0,0,SAUCES_SPREADS,69,LOW_FIBER
1.2,0.4,0.4,0.2,21.0,23.0,0,0,0,0,BEVERAGES,70,LOW_FIBER
31.3,7.2,11.2,12.8,332.6,394.5,0,0,0,0,PROTEIN_BAR,90,NONE
11.9,5.1,4.0,0.1,88.2,204.9,0,0,0,0,DAIRY_PRODUCTS,79,LOW_FIBER
7.0,2.4,14.8,1.7,394.4,748.8,0,0,1,1,INSTANT_NOODLES_RTE,47,"TRANS_FAT,LOW_FIBER"
0.2,13.2,0.0,0.0,48.4,213.1,1,1,0,3,ENERGY_DRINKS,19,"ARTIFICIAL_SWEETENER,PRESERVATIVES,LOW_FIBER,MANY_RISKY_INGREDIENTS"
0.1,8.5,0.0,0.0,26.8,251.4,1,0,0,2,ENERGY_DRINKS,26,"ARTIFICIAL_SWEETENER,LOW_FIBER"
72.0,2.6,5.6,4.6,374.7,206.9,0,0,0,0,HEALTH_SUPPLEMENTS,88,NONE
3.4,19.8,12.5,0.4,194.9,435.3,1,0,0,2,DAIRY_PRODUCTS,38,"ARTIFICIAL_SWEETENER,LOW_FIBER"
3.6,24.4,11.6,0.5,163.8,492.7,1,1,0,4,DAIRY_PRODUCTS,19,"HIGH_SUGAR,ARTIFICIAL_SWEETENER,PRESERVATIVES,LOW_FIBER,MANY_RISKY_INGREDIENTS"
6.8,10.0,9.9,0.2,96.2,228.1,1,0,0,2,DAIRY_PRODUCTS,59,"ARTIFICIAL_SWEETENER,LOW_FIBER"
7.2,4.8,2.3,1.5,80.8,224.8,0,0,0,0,DAIRY_PRODUCTS,82,LOW_FIBER
1.7,0.9,0.2,0.5,22.0,93.5,0,0,0,0,BEVERAGES,70,LOW_FIBER
6.0,2.0,8.1,4.9,428.5,346.8,0,0,0,0,SNACKS,80,NONE
33.8,2.5,9.3,11.8,340.4,308.3,0,0,0,0,PROTEIN_BAR,100,NONE
10.8,5.5,5.3,12.7,378.2,284.8,0,0,0,0,BREAKFAST_CEREAL,82,NONE
25.9,6.2,5.3,8.3,355.6,337.6,0,0,0,0,PROTEIN_BAR,85,NONE
5.6,36.8,13.0,1.9,431.7,593.0,0,1,0,4,BREAKFAST_CEREAL,21,"HIGH_SUGAR,PRESERVATIVES,LOW_FIBER,MANY_RISKY_INGREDIENTS"
6.0,4.4,12.8,2.7,376.2,847.2,0,0,0,3,INSTANT_NOODLES_RTE,63,"HIGH_SODIUM,MANY_RISKY_INGREDIENTS"
6.4,37.9,28.8,1.9,480.6,127.1,0,1,0,2,CHOCOLATES_CONFECTIONERY,35,"HIGH_SUGAR,HIGH_FAT,PRESERVATIVES,LOW_FIBER,HIGH_CALORIE"
5.8,23.6,21.6,2.6,437.5,469.7,0,1,0,3,BISCUITS_COOKIES,18,"HIGH_SUGAR,HIGH_FAT,PRESERVATIVES,MANY_RISKY_INGREDIENTS"
3.7,16.1,13.7,0.4,142.2,317.1,0,1,0,4,DAIRY_PRODUCTS,37,"PRESERVATIVES,LOW_FIBER,MANY_RISKY_INGREDIENTS"
13.1,7.2,3.6,12.6,366.8,190.6,0,0,0,0,BREAKFAST_CEREAL,95,NONE
7.3,21.5,22.8,3.8,418.3,346.5,1,1,0,2,PROTEIN_BAR,17,"HIGH_SUGAR,HIGH_FAT,ARTIFICIAL_SWEETENER,PRESERVATIVES"
8.5,3.1,2.6,0.1,73.8,134.3,0,0,0,0,DAIRY_PRODUCTS,91,LOW_FIBER
6.8,10.3,10.6,6.6,398.5,284.6,0,0,0,1,BISCUITS_COOKIES,62,NONE
16.6,12.4,14.9,2.8,479.2,445.2,1,1,0,3,HEALTH_SUPPLEMENTS,33,"ARTIFICIAL_SWEETENER,PRESERVATIVES,HIGH_CALORIE,MANY_RISKY_INGREDIENTS"
5.3,39.1,28.3,2.0,486.5,95.2,0,0,0,2,CHOCOLATES_CONFECTIONERY,45,"HIGH_SUGAR,HIGH_FAT,HIGH_CALORIE"
12.0,6.0,3.6,10.5,354.3,111.5,0,0,0,0,BREAKFAST_CEREAL,95,NONE
84.9,2.2,3.4,5.4,366.8,138.5,0,0,0,0,HEALTH_SUPPLEMENTS,97,NONE
0.1,26.0,18.5,0.1,388.9,867.5,1,0,1,2,SAUCES_SPREADS,0,"HIGH_SUGAR,HIGH_FAT,TRANS_FAT,ARTIFICIAL_SWEETENER,LOW_FIBER,HIGH_SODIUM"
2.5,12.6,30.8,1.1,564.8,1024.1,1,1,0,5,SNACKS,0,"HIGH_FAT,ARTIFICIAL_SWEETENER,PRESERVATIVES,LOW_FIBER,HIGH_CALORIE,HIGH_SODIUM,MANY_RISKY_INGREDIENTS"
4.9,24.6,18.3,1.8,447.6,471.3,1,1,0,1,BISCUITS_COOKIES,10,"HIGH_SUGAR,HIGH_FAT,ARTIFICIAL_SWEETENER,PRESERVATIVES,LOW_FIBER"
2.8,17.9,17.2,0.2,145.0,480.2,0,1,0,4,DAIRY_PRODUCTS,32,"PRESERVATIVES,LOW_FIBER,MANY_RISKY_INGREDIENTS"
2.3,18.8,16.2,0.2,217.8,520.7,0,1,0,4,DAIRY_PRODUCTS,32,"PRESERVATIVES,LOW_FIBER,MANY_RISKY_INGREDIENTS"
0.4,12.7,0.0,0.0,52.2,270.3,1,1,0,4,ENERGY_DRINKS,12,"ARTIFICIAL_SWEETENER,PRESERVATIVES,LOW_FIBER,MANY_RISKY_INGREDIENTS"
6.6,9.8,5.9,0.8,134.5,382.7,0,0,0,0,DAIRY_PRODUCTS,71,LOW_FIBER
44.4,9.2,6.3,2.9,396.1,329.8,1,0,0,1,HEALTH_SUPPLEMENTS,67,ARTIFICIAL_SWEETENER
30.0,7.1,7.5,5.5,378.9,179.1,0,0,0,1,PROTEIN_BAR,84,NONE
4.2,10.6,22.2,0.2,333.0,1089.9,1,0,0,4,FROZEN_FOODS,21,"HIGH_FAT,ARTIFICIAL_SWEETENER,LOW_FIBER,HIGH_SODIUM,MANY_RISKY_INGREDIENTS"
5.4,16.7,17.2,1.1,468.4,350.3,1,1,0,3,BISCUITS_COOKIES,15,"ARTIFICIAL_SWEETENER,PRESERVATIVES,LOW_FIBER,HIGH_CALORIE,MANY_RISKY_INGREDIENTS"
4.9,6.3,7.0,0.0,103.2,422.8,0,0,0,0,SAUCES_SPREADS,65,LOW_FIBER
12.2,10.4,12.3,3.6,394.2,272.7,0,1,0,0,PROTEIN_BAR,51,PRESERVATIVES
4.7,5.3,27.8,1.2,525.5,1086.2,1,1,0,4,SNACKS,7,"HIGH_FAT,ARTIFICIAL_SWEETENER,PRESERVATIVES,LOW_FIBER,HIGH_CALORIE,HIGH_SODIUM,MANY_RISKY_INGREDIENTS"
3.8,28.1,12.9,2.1,413.4,663.8,0,0,0,2,BREAKFAST_CEREAL,26,HIGH_SUGAR
18.5,16.2,12.1,5.6,396.3,365.5,0,1,0,3,PROTEIN_BAR,43,"PRESERVATIVES,MANY_RISKY_INGREDIENTS"
8.7,26.3,22.4,2.8,402.9,668.0,1,0,0,2,PROTEIN_BAR,3,"HIGH_SUGAR,HIGH_FAT,ARTIFICIAL_SWEETENER"
3.0,13.7,21.4,2.0,325.3,988.6,0,1,1,3,FROZEN_FOODS,16,"HIGH_FAT,TRANS_FAT,PRESERVATIVES,HIGH_SODIUM,MANY_RISKY_INGREDIENTS"
7.0,9.5,15.9,2.6,449.5,574.2,0,1,0,2,SNACKS,51,PRESERVATIVES
2.5,35.4,29.1,1.2,524.8,422.3,1,1,0,3,BISCUITS_COOKIES,0,"HIGH_SUGAR,HIGH_FAT,ARTIFICIAL_SWEETENER,PRESERVATIVES,LOW_FIBER,HIGH_CALORIE,MANY_RISKY_INGREDIENTS"
0.1,0.6,0.2,0.0,8.1,79.2,0,0,0,0,BEVERAGES,75,LOW_FIBER
4.8,16.2,11.3,0.2,213.2,532.6,0,0,0,4,DAIRY_PRODUCTS,42,"LOW_FIBER,MANY_RISKY_INGREDIENTS"
0.3,14.6,0.0,0.0,54.8,326.7,1,1,0,2,ENERGY_DRINKS,16,"ARTIFICIAL_SWEETENER,PRESERVATIVES,LOW_FIBER"
8.3,5.8,2.6,0.9,78.9,142.6,0,0,0,0,DAIRY_PRODUCTS,84,LOW_FIBER
2.9,49.8,30.4,0.6,561.6,113.9,1,1,0,4,CHOCOLATES_CONFECTIONERY,19,"HIGH_SUGAR,HIGH_FAT,ARTIFICIAL_SWEETENER,PRESERVATIVES,LOW_FIBER,HIGH_CALORIE,MANY_RISKY_INGREDIENTS"
5.3,4.3,20.3,0.6,475.3,1049.0,0,0,1,3,INSTANT_NOODLES_RTE,18,"HIGH_FAT,TRANS_FAT,LOW_FIBER,HIGH_CALORIE,HIGH_SODIUM,MANY_RISKY_INGREDIENTS"
1.1,10.6,14.8,0.8,265.2,794.8,0,1,0,2,SAUCES_SPREADS,43,"PRESERVATIVES,LOW_FIBER"
10.5,23.9,22.2,5.2,479.5,39.4,0,0,0,1,CHOCOLATES_CONFECTIONERY,63,"HIGH_SUGAR,HIGH_FAT,HIGH_CALORIE"
4.4,11.5,29.4,1.4,525.6,1162.1,0,1,0,5,SNACKS,7,"HIGH_FAT,PRESERVATIVES,LOW_FIBER,HIGH_CALORIE,HIGH_SODIUM,MANY_RISKY_INGREDIENTS"
0.0,1.5,0.0,0.0,12.0,61.7,0,0,0,0,ENERGY_DRINKS,75,LOW_FIBER
0.2,24.6,18.4,0.1,363.9,1056.7,1,0,0,4,SAUCES_SPREADS,0,"HIGH_SUGAR,HIGH_FAT,ARTIFICIAL_SWEETENER,LOW_FIBER,HIGH_SODIUM,MANY_RISKY_INGREDIENTS"
5.2,2.3,15.9,1.4,404.6,745.8,0,0,0,1,INSTANT_NOODLES_RTE,57,LOW_FIBER
5.4,18.7,19.9,3.2,464.8,484.2,0,0,0,1,BISCUITS_COOKIES,41,"HIGH_FAT,HIGH_CALORIE"
4.6,29.1,24.7,1.9,520.5,353.7,1,1,1,2,BISCUITS_COOKIES,0,"HIGH_SUGAR,HIGH_FAT,TRANS_FAT,ARTIFICIAL_SWEETENER,PRESERVATIVES,LOW_FIBER,HIGH_CALORIE"
4.6,9.9,16.4,3.7,458.3,474.0,0,0,1,3,SNACKS,34,"TRANS_FAT,HIGH_CALORIE,MANY_RISKY_INGREDIENTS"
4.5,33.7,27.4,1.2,526.6,379.4,1,1,0,5,BISCUITS_COOKIES,0,"HIGH_SUGAR,HIGH_FAT,ARTIFICIAL_SWEETENER,PRESERVATIVES,LOW_FIBER,HIGH_CALORIE,MANY_RISKY_INGREDIENTS"
0.4,13.3,0.0,0.0,58.7,376.3,1,0,0,3,ENERGY_DRINKS,19,"ARTIFICIAL_SWEETENER,LOW_FIBER,MANY_RISKY_INGREDIENTS"
1.7,22.1,18.4,0.5,297.7,1366.8,1,1,0,2,SAUCES_SPREADS,3,"HIGH_SUGAR,HIGH_FAT,ARTIFICIAL_SWEETENER,PRESERVATIVES,LOW_FIBER,HIGH_SODIUM"
1.1,2.1,0.1,0.2,8.9,25.9,0,0,0,0,BEVERAGES,68,LOW_FIBER
5.9,12.8,6.8,0.8,148.7,324.6,0,1,0,0,DAIRY_PRODUCTS,60,"PRESERVATIVES,LOW_FIBER"
6.3,11.4,14.6,5.4,398.7,256.6,0,0,0,0,BISCUITS_COOKIES,60,NONE
5.5,5.3,20.7,0.5,456.1,1088.8,1,1,0,3,INSTANT_NOODLES_RTE,13,"HIGH_FAT,ARTIFICIAL_SWEETENER,PRESERVATIVES,LOW_FIBER,HIGH_CALORIE,HIGH_SODIUM,MANY_RISKY_INGREDIENTS"
5.7,3.2,21.6,1.8,441.0,469.1,0,0,0,2,SNACKS,53,"HIGH_FAT,LOW_FIBER"
5.5,8.3,15.5,1.1,491.1,484.4,1,1,0,3,SNACKS,31,"ARTIFICIAL_SWEETENER,PRESERVATIVES,LOW_FIBER,HIGH_CALORIE,MANY_RISKY_INGREDIENTS"
0.9,9.1,0.1,0.3,37.8,50.1,1,0,0,0,BEVERAGES,35,"ARTIFICIAL_SWEETENER,LOW_FIBER"
0.2,13.6,0.0,0.0,57.4,286.4,1,1,0,2,ENERGY_DRINKS,16,"ARTIFICIAL_SWEETENER,PRESERVATIVES,LOW_FIBER"
6.5,13.3,6.1,0.9,110.5,227.3,1,0,0,0,DAIRY_PRODUCTS,57,"ARTIFICIAL_SWEETENER,LOW_FIBER"
4.0,6.1,22.6,1.5,492.8,1346.1,0,1,0,3,INSTANT_NOODLES_RTE,17,"HIGH_FAT,PRESERVATIVES,LOW_FIBER,HIGH_CALORIE,HIGH_SODIUM,MANY_RISKY_INGREDIENTS"
12.0,27.3,22.5,4.0,404.0,570.5,1,1,1,2,PROTEIN_BAR,0,"HIGH_SUGAR,HIGH_FAT,TRANS_FAT,ARTIFICIAL_SWEETENER,PRESERVATIVES"
3.7,3.5,17.5,3.1,474.1,557.4,1,1,0,3,SNACKS,43,"ARTIFICIAL_SWEETENER,PRESERVATIVES,HIGH_CALORIE,MANY_RISKY_INGREDIENTS"
0.5,10.4,0.2,0.0,55.0,152.7,0,1,0,4,BEVERAGES,25,"PRESERVATIVES,LOW_FIBER,MANY_RISKY_INGREDIENTS"
6.4,33.4,27.4,2.1,508.0,126.9,1,1,0,1,CHOCOLATES_CONFECTIONERY,42,"HIGH_SUGAR,HIGH_FAT,ARTIFICIAL_SWEETENER,PRESERVATIVES,HIGH_CALORIE"
1.2,34.9,27.8,0.0,318.5,1200.3,1,1,1,2,SAUCES_SPREADS,0,"HIGH_SUGAR,HIGH_FAT,TRANS_FAT,ARTIFICIAL_SWEETENER,PRESERVATIVES,LOW_FIBER,HIGH_SODIUM"
9.0,14.3,6.2,4.1,379.1,207.2,0,0,0,0,BREAKFAST_CEREAL,68,NONE
3.7,9.9,25.3,1.5,378.5,891.3,0,1,1,5,FROZEN_FOODS,8,"HIGH_FAT,TRANS_FAT,PRESERVATIVES,LOW_FIBER,HIGH_SODIUM,MANY_RISKY_INGREDIENTS"
30.8,3.8,6.2,6.5,325.2,277.8,0,0,0,0,PROTEIN_BAR,97,NONE
0.4,14.5,0.2,0.0,45.0,139.4,1,1,0,4,BEVERAGES,22,"ARTIFICIAL_SWEETENER,PRESERVATIVES,LOW_FIBER,MANY_RISKY_INGREDIENTS"
77.1,4.4,4.9,4.6,357.6,212.0,0,0,0,0,HEALTH_SUPPLEMENTS,92,NONE
13.8,12.7,11.9,5.8,358.8,485.0,1,0,0,1,PROTEIN_BAR,46,ARTIFICIAL_SWEETENER
2.7,46.2,35.5,1.4,534.7,161.0,1,0,0,3,CHOCOLATES_CONFECTIONERY,18,"HIGH_SUGAR,HIGH_FAT,ARTIFICIAL_SWEETENER,LOW_FIBER,HIGH_CALORIE,MANY_RISKY_INGREDIENTS"
62.2,2.6,6.9,5.5,317.8,108.0,0,0,0,0,HEALTH_SUPPLEMENTS,98,NONE
4.9,36.9,33.3,2.3,483.0,145.8,0,1,0,2,CHOCOLATES_CONFECTIONERY,36,"HIGH_SUGAR,HIGH_FAT,PRESERVATIVES,HIGH_CALORIE"
9.2,11.1,4.5,12.6,365.1,281.8,0,0,0,0,BREAKFAST_CEREAL,80,NONE
0.4,6.6,0.0,0.0,27.7,183.4,1,0,0,2,ENERGY_DRINKS,45,"ARTIFICIAL_SWEETENER,LOW_FIBER"
4.0,7.0,20.4,0.5,445.6,1159.9,1,1,0,4,INSTANT_NOODLES_RTE,12,"HIGH_FAT,ARTIFICIAL_SWEETENER,PRESERVATIVES,LOW_FIBER,HIGH_SODIUM,MANY_RISKY_INGREDIENTS"
6.3,5.6,18.4,3.2,464.5,699.9,0,1,0,2,SNACKS,47,"HIGH_FAT,PRESERVATIVES,HIGH_CALORIE"
0.4,14.9,0.2,0.0,43.0,56.1,0,1,0,3,BEVERAGES,32,"PRESERVATIVES,LOW_FIBER,MANY_RISKY_INGREDIENTS"
4.0,15.6,17.4,2.4,464.4,411.5,1,0,0,1,BISCUITS_COOKIES,25,"ARTIFICIAL_SWEETENER,HIGH_CALORIE"
4.4,8.6,6.6,0.2,146.5,230.0,0,1,0,0,DAIRY_PRODUCTS,62,"PRESERVATIVES,LOW_FIBER"
2.4,9.7,26.0,1.9,517.5,1066.6,1,0,0,4,SNACKS,12,"HIGH_FAT,ARTIFICIAL_SWEETENER,LOW_FIBER,HIGH_CALORIE,HIGH_SODIUM,MANY_RISKY_INGREDIENTS"
0.6,5.1,0.2,0.4,30.5,124.9,0,1,0,0,BEVERAGES,52,"PRESERVATIVES,LOW_FIBER"
3.3,6.3,20.6,0.6,368.8,1027.7,0,1,0,3,FROZEN_FOODS,27,"HIGH_FAT,PRESERVATIVES,LOW_FIBER,HIGH_SODIUM,MANY_RISKY_INGREDIENTS"
5.3,11.2,21.1,0.7,308.2,1142.8,1,0,1,3,FROZEN_FOODS,12,"HIGH_FAT,TRANS_FAT,ARTIFICIAL_SWEETENER,LOW_FIBER,HIGH_SODIUM,MANY_RISKY_INGREDIENTS"
20.4,3.0,6.5,12.6,356.5,284.8,0,1,0,1,PROTEIN_BAR,84,PRESERVATIVES
4.5,18.7,15.9,3.8,467.5,250.3,1,1,0,3,BISCUITS_COOKIES,20,"ARTIFICIAL_SWEETENER,PRESERVATIVES,HIGH_CALORIE,MANY_RISKY_INGREDIENTS"
4.4,6.9,21.0,0.3,498.3,1193.6,1,0,0,3,INSTANT_NOODLES_RTE,14,"HIGH_FAT,ARTIFICIAL_SWEETENER,LOW_FIBER,HIGH_CALORIE,HIGH_SODIUM,MANY_RISKY_INGREDIENTS"
2.1,45.6,36.0,1.6,565.1,61.9,1,1,1,3,CHOCOLATES_CONFECTIONERY,0,"HIGH_SUGAR,HIGH_FAT,TRANS_FAT,ARTIFICIAL_SWEETENER,PRESERVATIVES,LOW_FIBER,HIGH_CALORIE,MANY_RISKY_INGREDIENTS"
1.7,25.7,29.6,0.1,317.9,1444.2,1,1,0,2,SAUCES_SPREADS,0,"HIGH_SUGAR,HIGH_FAT,ARTIFICIAL_SWEETENER,PRESERVATIVES,LOW_FIBER,HIGH_SODIUM"
4.4,34.5,13.3,1.6,448.7,509.3,1,1,0,4,BREAKFAST_CEREAL,9,"HIGH_SUGAR,ARTIFICIAL_SWEETENER,PRESERVATIVES,LOW_FIBER,MANY_RISKY_INGREDIENTS"
24.9,22.3,10.2,2.4,424.0,338.0,0,1,1,3,HEALTH_SUPPLEMENTS,19,"HIGH_SUGAR,TRANS_FAT,PRESERVATIVES,MANY_RISKY_INGREDIENTS"
3.6,13.9,34.9,0.2,510.4,765.2,1,1,1,5,SNACKS,0,"HIGH_FAT,TRANS_FAT,ARTIFICIAL_SWEETENER,PRESERVATIVES,LOW_FIBER,HIGH_CALORIE,MANY_RISKY_INGREDIENTS"
4.3,10.5,29.0,0.2,532.9,972.9,0,1,1,6,SNACKS,0,"HIGH_FAT,TRANS_FAT,PRESERVATIVES,LOW_FIBER,HIGH_CALORIE,HIGH_SODIUM,MANY_RISKY_INGREDIENTS"
6.6,5.8,15.9,2.0,444.3,532.9,0,1,0,3,SNACKS,49,"PRESERVATIVES,MANY_RISKY_INGREDIENTS"
3.8,20.2,19.7,1.1,441.1,363.9,0,1,0,3,BISCUITS_COOKIES,24,"HIGH_SUGAR,HIGH_FAT,PRESERVATIVES,LOW_FIBER,MANY_RISKY_INGREDIENTS"
78.3,4.1,7.8,5.0,349.3,167.0,0,0,0,0,HEALTH_SUPPLEMENTS,98,NONE
11.7,19.0,16.4,1.8,424.5,592.3,0,1,1,4,PROTEIN_BAR,7,"TRANS_FAT,PRESERVATIVES,LOW_FIBER,MANY_RISKY_INGREDIENTS"
7.8,4.7,21.2,3.2,484.4,641.2,0,1,1,1,SNACKS,36,"HIGH_FAT,TRANS_FAT,PRESERVATIVES,HIGH_CALORIE"
3.6,23.7,15.0,0.3,142.5,383.4,1,1,0,2,DAIRY_PRODUCTS,23,"HIGH_SUGAR,ARTIFICIAL_SWEETENER,PRESERVATIVES,LOW_FIBER"
5.5,4.5,22.5,0.1,463.6,1214.4,0,1,0,3,INSTANT_NOODLES_RTE,28,"HIGH_FAT,PRESERVATIVES,LOW_FIBER,HIGH_CALORIE,HIGH_SODIUM,MANY_RISKY_INGREDIENTS"
4.2,11.9,23.5,0.7,309.0,886.3,1,1,0,4,FROZEN_FOODS,16,"HIGH_FAT,ARTIFICIAL_SWEETENER,PRESERVATIVES,LOW_FIBER,HIGH_SODIUM,MANY_RISKY_INGREDIENTS"
0.7,6.9,0.0,0.0,37.5,191.0,0,0,0,1,ENERGY_DRINKS,55,LOW_FIBER
8.7,6.7,12.2,1.8,271.8,719.9,0,1,0,2,FROZEN_FOODS,52,"PRESERVATIVES,LOW_FIBER"
3.3,9.9,34.5,1.5,508.8,806.1,1,1,1,3,SNACKS,4,"HIGH_FAT,TRANS_FAT,ARTIFICIAL_SWEETENER,PRESERVATIVES,LOW_FIBER,HIGH_CALORIE,HIGH_SODIUM,MANY_RISKY_INGREDIENTS"
0.4,11.8,0.3,0.0,52.0,215.4,1,1,0,2,BEVERAGES,16,"ARTIFICIAL_SWEETENER,PRESERVATIVES,LOW_FIBER"
6.0,13.5,5.1,0.4,103.4,353.8,1,0,0,0,DAIRY_PRODUCTS,57,"ARTIFICIAL_SWEETENER,LOW_FIBER"
4.4,34.4,28.7,1.5,521.9,588.3,0,1,0,3,BISCUITS_COOKIES,4,"HIGH_SUGAR,HIGH_FAT,PRESERVATIVES,LOW_FIBER,HIGH_CALORIE,MANY_RISKY_INGREDIENTS"
11.2,2.8,10.0,6.9,377.3,469.7,0,1,0,1,INSTANT_NOODLES_RTE,81,PRESERVATIVES
18.2,18.6,17.7,2.8,454.7,539.3,0,1,0,4,HEALTH_SUPPLEMENTS,27,"PRESERVATIVES,HIGH_CALORIE,MANY_RISKY_INGREDIENTS"
8.6,6.0,11.3,4.8,407.5,341.3,0,0,0,1,BISCUITS_COOKIES,68,NONE
0.4,9.3,0.3,0.1,39.9,104.0,1,0,0,0,BEVERAGES,35,"ARTIFICIAL_SWEETENER,LOW_FIBER"
25.8,4.1,10.7,14.7,336.9,347.5,0,0,0,0,PROTEIN_BAR,97,NONE
2.2,59.3,35.4,0.0,535.1,188.3,1,1,1,3,CHOCOLATES_CONFECTIONERY,0,"HIGH_SUGAR,HIGH_FAT,TRANS_FAT,ARTIFICIAL_SWEETENER,PRESERVATIVES,LOW_FIBER,HIGH_CALORIE,MANY_RISKY_INGREDIENTS"
6.4,5.2,8.7,4.1,405.2,369.5,0,0,0,1,BISCUITS_COOKIES,68,NONE
57.8,8.5,11.2,2.8,369.4,474.9,0,0,0,2,HEALTH_SUPPLEMENTS,69,NONE
5.0,5.3,33.7,0.0,529.1,784.3,1,0,0,5,SNACKS,24,"HIGH_FAT,ARTIFICIAL_SWEETENER,LOW_FIBER,HIGH_CALORIE,MANY_RISKY_INGREDIENTS"
1.5,0.7,0.1,0.3,16.7,67.7,0,0,0,0,BEVERAGES,75,LOW_FIBER
3.1,9.9,6.3,0.9,101.1,326.8,0,0,0,0,DAIRY_PRODUCTS,67,LOW_FIBER
0.4,14.8,0.0,0.0,67.9,216.3,1,1,0,2,ENERGY_DRINKS,16,"ARTIFICIAL_SWEETENER,PRESERVATIVES,LOW_FIBER"
3.4,6.9,23.3,1.5,570.9,1025.4,0,1,1,6,SNACKS,0,"HIGH_FAT,TRANS_FAT,PRESERVATIVES,LOW_FIBER,HIGH_CALORIE,HIGH_SODIUM,MANY_RISKY_INGREDIENTS"
6.9,8.2,21.7,1.3,474.8,623.0,1,1,1,3,SNACKS,8,"HIGH_FAT,TRANS_FAT,ARTIFICIAL_SWEETENER,PRESERVATIVES,LOW_FIBER,HIGH_CALORIE,MANY_RISKY_INGREDIENTS"
1.3,3.1,7.2,1.3,159.6,311.1,0,0,0,1,SAUCES_SPREADS,70,LOW_FIBER
7.9,21.0,11.2,6.5,386.9,248.3,0,1,0,0,BREAKFAST_CEREAL,52,"HIGH_SUGAR,PRESERVATIVES"
4.8,9.0,8.3,0.5,112.2,216.1,0,0,0,0,DAIRY_PRODUCTS,67,LOW_FIBER
3.0,35.0,24.1,1.5,481.1,345.5,0,1,0,4,BISCUITS_COOKIES,2,"HIGH_SUGAR,HIGH_FAT,PRESERVATIVES,LOW_FIBER,HIGH_CALORIE,MANY_RISKY_INGREDIENTS"
56.1,10.4,9.4,4.9,398.0,492.6,0,0,0,2,HEALTH_SUPPLEMENTS,71,NONE
6.9,4.1,21.8,1.9,465.7,518.7,0,0,0,2,SNACKS,48,"HIGH_FAT,LOW_FIBER,HIGH_CALORIE"
2.3,9.4,22.3,0.7,555.9,745.1,1,1,0,6,SNACKS,13,"HIGH_FAT,ARTIFICIAL_SWEETENER,PRESERVATIVES,LOW_FIBER,HIGH_CALORIE,MANY_RISKY_INGREDIENTS"
8.6,5.0,4.5,12.4,360.0,309.2,0,0,0,0,BREAKFAST_CEREAL,93,NONE
8.7,6.9,4.5,8.4,376.2,228.4,0,0,0,0,BREAKFAST_CEREAL,82,NONE
3.3,12.6,32.7,1.3,539.3,1091.1,0,0,0,3,SNACKS,16,"HIGH_FAT,LOW_FIBER,HIGH_CALORIE,HIGH_SODIUM,MANY_RISKY_INGREDIENTS"
2.7,9.3,30.5,0.3,559.0,1045.0,1,1,0,5,SNACKS,5,"HIGH_FAT,ARTIFICIAL_SWEETENER,PRESERVATIVES,LOW_FIBER,HIGH_CALORIE,HIGH_SODIUM,MANY_RISKY_INGREDIENTS"
7.2,5.7,3.3,1.5,78.7,88.8,0,0,0,0,DAIRY_PRODUCTS,80,LOW_FIBER
44.8,5.2,9.3,2.6,414.5,349.9,1,0,0,2,HEALTH_SUPPLEMENTS,65,ARTIFICIAL_SWEETENER
0.4,15.5,0.5,0.0,51.4,50.1,1,1,0,2,BEVERAGES,21,"ARTIFICIAL_SWEETENER,PRESERVATIVES,LOW_FIBER"
3.9,6.6,25.1,0.9,515.1,992.5,0,1,0,5,SNACKS,23,"HIGH_FAT,PRESERVATIVES,LOW_FIBER,HIGH_CALORIE,HIGH_SODIUM,MANY_RISKY_INGREDIENTS"
11.2,4.0,4.4,1.4,88.3,112.9,0,0,0,0,DAIRY_PRODUCTS,91,LOW_FIBER
7.3,20.4,19.8,4.0,434.9,78.0,0,0,0,0,CHOCOLATES_CONFECTIONERY,70,"HIGH_SUGAR,HIGH_FAT"
6.5,21.4,20.0,1.8,430.0,466.3,1,0,0,1,BISCUITS_COOKIES,29,"HIGH_SUGAR,HIGH_FAT,ARTIFICIAL_SWEETENER,LOW_FIBER"
2.5,32.2,8.6,1.1,446.1,643.1,1,1,1,2,BREAKFAST_CEREAL,0,"HIGH_SUGAR,TRANS_FAT,ARTIFICIAL_SWEETENER,PRESERVATIVES,LOW_FIBER"
3.2,10.5,32.1,0.2,568.7,778.4,1,1,0,5,SNACKS,9,"HIGH_FAT,ARTIFICIAL_SWEETENER,PRESERVATIVES,LOW_FIBER,HIGH_CALORIE,MANY_RISKY_INGREDIENTS"
51.6,7.6,5.5,1.0,370.2,202.8,0,0,0,1,HEALTH_SUPPLEMENTS,70,LOW_FIBER
82.4,3.3,7.6,4.1,354.2,140.9,0,0,0,0,HEALTH_SUPPLEMENTS,93,NONE
4.3,7.6,21.6,2.4,485.0,611.5,0,0,0,1,SNACKS,41,"HIGH_FAT,HIGH_CALORIE"
9.7,7.1,17.7,1.8,305.2,682.3,1,1,1,1,FROZEN_FOODS,26,"TRANS_FAT,ARTIFICIAL_SWEETENER,PRESERVATIVES,LOW_FIBER"
1.5,0.8,0.4,1.0,5.8,58.9,0,0,0,0,BEVERAGES,75,LOW_FIBER
23.4,2.4,5.7,11.6,340.4,109.0,0,1,0,1,PROTEIN_BAR,94,PRESERVATIVES
38.2,9.6,7.5,3.8,397.8,227.8,1,0,0,2,HEALTH_SUPPLEMENTS,69,ARTIFICIAL_SWEETENER
1.4,7.1,5.0,1.5,82.3,448.7,0,1,0,0,SAUCES_SPREADS,64,"PRESERVATIVES,LOW_FIBER"
11.3,5.2,12.5,3.2,427.9,234.5,0,0,0,0,SNACKS,78,NONE
6.3,9.7,16.6,2.2,486.3,558.1,1,1,0,2,SNACKS,38,"ARTIFICIAL_SWEETENER,PRESERVATIVES,HIGH_CALORIE"
6.2,13.8,12.0,8.5,386.3,447.9,0,0,0,1,BREAKFAST_CEREAL,62,NONE
0.2,2.4,0.4,0.7,21.8,73.4,0,0,0,0,BEVERAGES,63,LOW_FIBER
4.3,7.9,20.1,0.5,474.7,1302.5,1,1,1,5,INSTANT_NOODLES_RTE,0,"HIGH_FAT,TRANS_FAT,ARTIFICIAL_SWEETENER,PRESERVATIVES,LOW_FIBER,HIGH_CALORIE,HIGH_SODIUM,MANY_RISKY_INGREDIENTS"
11.5,23.8,24.7,4.9,461.0,69.1,0,0,0,1,CHOCOLATES_CONFECTIONERY,63,"HIGH_SUGAR,HIGH_FAT,HIGH_CALORIE"
0.3,2.7,0.0,0.0,7.6,188.4,0,0,0,1,ENERGY_DRINKS,66,LOW_FIBER
2.1,7.8,3.6,0.6,79.6,238.7,0,0,0,0,SAUCES_SPREADS,74,LOW_FIBER
7.2,2.5,16.8,3.4,371.5,815.1,0,1,0,2,INSTANT_NOODLES_RTE,59,"PRESERVATIVES,HIGH_SODIUM"
0.5,0.6,0.0,0.0,10.6,128.3,0,0,0,1,ENERGY_DRINKS,73,LOW_FIBER
6.6,10.3,7.0,0.6,135.2,333.7,0,1,0,0,DAIRY_PRODUCTS,60,"PRESERVATIVES,LOW_FIBER"
5.2,12.4,9.2,0.6,123.8,243.4,0,1,0,1,DAIRY_PRODUCTS,58,"PRESERVATIVES,LOW_FIBER"
6.8,3.5,20.8,3.4,486.5,455.5,0,0,0,3,SNACKS,55,"HIGH_FAT,HIGH_CALORIE,MANY_RISKY_INGREDIENTS"
0.3,11.5,0.3,0.0,61.8,121.6,1,0,0,4,BEVERAGES,22,"ARTIFICIAL_SWEETENER,LOW_FIBER,MANY_RISKY_INGREDIENTS"
5.3,7.8,20.1,0.3,465.2,1395.7,0,1,0,4,INSTANT_NOODLES_RTE,19,"HIGH_FAT,PRESERVATIVES,LOW_FIBER,HIGH_CALORIE,HIGH_SODIUM,MANY_RISKY_INGREDIENTS"
7.8,6.9,13.9,2.6,242.5,774.4,1,1,0,2,FROZEN_FOODS,45,"ARTIFICIAL_SWEETENER,PRESERVATIVES"
59.8,12.0,11.0,1.3,416.7,383.8,1,0,0,0,HEALTH_SUPPLEMENTS,54,"ARTIFICIAL_SWEETENER,LOW_FIBER"
5.7,5.4,16.9,1.1,243.6,537.5,0,1,0,3,FROZEN_FOODS,46,"PRESERVATIVES,LOW_FIBER,MANY_RISKY_INGREDIENTS"
7.6,2.8,8.6,4.2,391.5,443.3,0,0,0,0,SNACKS,80,NONE
3.3,53.4,34.4,0.8,539.6,93.0,1,0,0,2,CHOCOLATES_CONFECTIONERY,21,"HIGH_SUGAR,HIGH_FAT,ARTIFICIAL_SWEETENER,LOW_FIBER,HIGH_CALORIE"
8.2,5.6,16.7,1.7,438.6,809.0,0,1,0,1,INSTANT_NOODLES_RTE,49,"PRESERVATIVES,LOW_FIBER,HIGH_SODIUM"
0.4,11.3,0.0,0.0,62.3,280.0,1,1,0,4,ENERGY_DRINKS,12,"ARTIFICIAL_SWEETENER,PRESERVATIVES,LOW_FIBER,MANY_RISKY_INGREDIENTS"
8.3,5.9,17.6,1.5,371.0,831.5,1,1,0,3,INSTANT_NOODLES_RTE,37,"ARTIFICIAL_SWEETENER,PRESERVATIVES,LOW_FIBER,HIGH_SODIUM,MANY_RISKY_INGREDIENTS"
10.8,3.5,1.2,1.7,78.3,75.7,0,0,0,0,DAIRY_PRODUCTS,91,LOW_FIBER
6.1,11.6,8.1,5.7,383.8,257.3,0,0,0,1,BISCUITS_COOKIES,62,NONE
4.8,7.5,22.8,1.9,465.7,1511.0,1,1,1,3,INSTANT_NOODLES_RTE,0,"HIGH_FAT,TRANS_FAT,ARTIFICIAL_SWEETENER,PRESERVATIVES,LOW_FIBER,HIGH_CALORIE,HIGH_SODIUM,MANY_RISKY_INGREDIENTS"
4.4,16.9,15.2,0.1,186.7,503.2,1,0,0,2,DAIRY_PRODUCTS,33,"ARTIFICIAL_SWEETENER,LOW_FIBER"
20.2,16.4,15.9,7.5,372.6,226.4,0,1,0,1,PROTEIN_BAR,51,PRESERVATIVES
4.9,9.7,14.5,3.3,458.6,459.8,1,0,0,3,SNACKS,46,"ARTIFICIAL_SWEETENER,HIGH_CALORIE,MANY_RISKY_INGREDIENTS"
6.1,11.5,6.4,0.7,125.3,153.2,1,0,0,0,DAIRY_PRODUCTS,62,"ARTIFICIAL_SWEETENER,LOW_FIBER"
5.8,8.6,21.2,1.7,390.3,1156.6,1,1,0,4,FROZEN_FOODS,21,"HIGH_FAT,ARTIFICIAL_SWEETENER,PRESERVATIVES,LOW_FIBER,HIGH_SODIUM,MANY_RISKY_INGREDIENTS"
4.4,9.0,25.2,1.0,357.1,1085.2,1,1,0,5,FROZEN_FOODS,15,"HIGH_FAT,ARTIFICIAL_SWEETENER,PRESERVATIVES,LOW_FIBER,HIGH_SODIUM,MANY_RISKY_INGREDIENTS"
40.3,9.0,5.4,3.0,375.8,360.4,0,0,0,0,HEALTH_SUPPLEMENTS,81,NONE
7.7,5.7,15.2,3.6,378.7,848.1,0,0,0,2,INSTANT_NOODLES_RTE,57,HIGH_SODIUM
4.8,5.9,26.3,0.9,536.4,1087.4,0,0,1,3,SNACKS,7,"HIGH_FAT,TRANS_FAT,LOW_FIBER,HIGH_CALORIE,HIGH_SODIUM,MANY_RISKY_INGREDIENTS"
0.6,5.8,0.0,0.0,30.5,147.0,0,1,0,2,ENERGY_DRINKS,48,"PRESERVATIVES,LOW_FIBER"
66.7,2.5,5.7,4.6,331.4,212.9,0,0,0,0,HEALTH_SUPPLEMENTS,93,NONE
9.9,7.5,10.5,3.2,260.3,704.6,0,1,1,1,FROZEN_FOODS,48,"TRANS_FAT,PRESERVATIVES"
7.8,25.7,21.2,4.9,437.2,312.9,1,1,1,3,PROTEIN_BAR,0,"HIGH_SUGAR,HIGH_FAT,TRANS_FAT,ARTIFICIAL_SWEETENER,PRESERVATIVES,MANY_RISKY_INGREDIENTS"
0.4,11.5,0.0,0.0,61.0,334.4,1,0,0,3,ENERGY_DRINKS,19,"ARTIFICIAL_SWEETENER,LOW_FIBER,MANY_RISKY_INGREDIENTS"
2.5,55.2,32.4,1.9,578.9,172.2,0,1,0,3,CHOCOLATES_CONFECTIONERY,22,"HIGH_SUGAR,HIGH_FAT,PRESERVATIVES,LOW_FIBER,HIGH_CALORIE,MANY_RISKY_INGREDIENTS"
2.3,11.7,12.3,0.6,226.2,643.0,0,1,0,2,SAUCES_SPREADS,43,"PRESERVATIVES,LOW_FIBER"
0.1,6.6,0.0,0.0,35.9,151.1,0,0,0,2,ENERGY_DRINKS,53,LOW_FIBER
2.6,14.4,27.3,0.1,517.6,1046.0,0,0,1,3,SNACKS,1,"HIGH_FAT,TRANS_FAT,LOW_FIBER,HIGH_CALORIE,HIGH_SODIUM,MANY_RISKY_INGREDIENTS"
23.3,22.3,11.7,1.0,470.0,315.0,1,1,0,4,HEALTH_SUPPLEMENTS,14,"HIGH_SUGAR,ARTIFICIAL_SWEETENER,PRESERVATIVES,LOW_FIBER,HIGH_CALORIE,MANY_RISKY_INGREDIENTS"
7.6,38.6,26.0,1.4,529.9,69.6,1,0,0,2,CHOCOLATES_CONFECTIONERY,32,"HIGH_SUGAR,HIGH_FAT,ARTIFICIAL_SWEETENER,LOW_FIBER,HIGH_CALORIE"
0.3,10.1,0.0,0.0,67.0,288.9,1,1,0,4,ENERGY_DRINKS,12,"ARTIFICIAL_SWEETENER,PRESERVATIVES,LOW_FIBER,MANY_RISKY_INGREDIENTS"
1.5,1.0,0.2,0.1,7.9,22.6,0,0,0,0,BEVERAGES,75,LOW_FIBER
5.5,4.0,16.3,3.9,430.3,761.3,1,0,0,2,INSTANT_NOODLES_RTE,56,ARTIFICIAL_SWEETENER
32.2,7.4,6.6,3.9,384.3,425.3,1,0,0,2,HEALTH_SUPPLEMENTS,69,ARTIFICIAL_SWEETENER
4.3,10.0,8.7,0.3,143.8,290.4,0,0,0,2,DAIRY_PRODUCTS,63,LOW_FIBER
7.9,4.8,13.2,1.2,408.2,910.1,1,1,1,1,INSTANT_NOODLES_RTE,34,"TRANS_FAT,ARTIFICIAL_SWEETENER,PRESERVATIVES,LOW_FIBER,HIGH_SODIUM"
3.8,5.5,23.0,0.0,529.7,1072.9,0,1,0,4,SNACKS,15,"HIGH_FAT,PRESERVATIVES,LOW_FIBER,HIGH_CALORIE,HIGH_SODIUM,MANY_RISKY_INGREDIENTS"
6.1,10.2,20.8,1.6,318.6,915.9,0,1,1,5,FROZEN_FOODS,11,"HIGH_FAT,TRANS_FAT,PRESERVATIVES,LOW_FIBER,HIGH_SODIUM,MANY_RISKY_INGREDIENTS"
5.5,7.6,14.1,2.2,283.0,557.8,0,1,0,2,FROZEN_FOODS,58,PRESERVATIVES
4.9,12.1,9.8,0.1,140.0,296.0,0,0,0,2,DAIRY_PRODUCTS,57,LOW_FIBER
3.8,30.5,24.1,0.1,529.5,411.6,1,1,0,3,BISCUITS_COOKIES,0,"HIGH_SUGAR,HIGH_FAT,ARTIFICIAL_SWEETENER,PRESERVATIVES,LOW_FIBER,HIGH_CALORIE,MANY_RISKY_INGREDIENTS"
7.4,38.9,27.4,2.1,480.2,81.2,0,1,0,1,CHOCOLATES_CONFECTIONERY,42,"HIGH_SUGAR,HIGH_FAT,PRESERVATIVES,HIGH_CALORIE"
0.7,0.0,0.0,0.3,9.4,16.1,0,0,0,0,BEVERAGES,75,LOW_FIBER
11.8,28.7,24.1,1.1,434.5,629.4,1,1,1,2,PROTEIN_BAR,0,"HIGH_SUGAR,HIGH_FAT,TRANS_FAT,ARTIFICIAL_SWEETENER,PRESERVATIVES,LOW_FIBER"
0.5,12.2,0.5,0.0,56.5,103.2,0,1,0,3,BEVERAGES,27,"PRESERVATIVES,LOW_FIBER,MANY_RISKY_INGREDIENTS"
1.1,25.9,20.2,0.3,379.5,1220.0,1,1,0,4,SAUCES_SPREADS,0,"HIGH_SUGAR,HIGH_FAT,ARTIFICIAL_SWEETENER,PRESERVATIVES,LOW_FIBER,HIGH_SODIUM,MANY_RISKY_INGREDIENTS"
3.3,9.6,28.5,1.3,537.3,1043.1,0,1,1,3,SNACKS,2,"HIGH_FAT,TRANS_FAT,PRESERVATIVES,LOW_FIBER,HIGH_CALORIE,HIGH_SODIUM,MANY_RISKY_INGREDIENTS"
2.5,7.4,28.0,1.6,558.5,787.2,0,1,0,3,SNACKS,27,"HIGH_FAT,PRESERVATIVES,LOW_FIBER,HIGH_CALORIE,MANY_RISKY_INGREDIENTS"
0.6,6.3,0.0,0.0,29.1,179.7,0,1,0,1,ENERGY_DRINKS,50,"PRESERVATIVES,LOW_FIBER"
5.8,3.2,4.4,0.2,99.2,121.7,0,0,0,0,DAIRY_PRODUCTS,87,LOW_FIBER
12.1,11.9,4.5,9.5,365.6,262.2,0,0,0,0,BREAKFAST_CEREAL,80,NONE
2.4,13.0,11.5,0.4,180.5,696.8,0,0,0,1,SAUCES_SPREADS,50,LOW_FIBER
8.0,5.5,1.7,1.7,62.1,167.8,0,0,0,0,DAIRY_PRODUCTS,84,LOW_FIBER
75.6,1.4,5.7,3.7,301.4,210.5,0,0,0,0,HEALTH_SUPPLEMENTS,93,NONE
6.2,9.3,17.6,3.3,450.1,489.0,0,1,0,1,SNACKS,52,"PRESERVATIVES,HIGH_CALORIE"
5.5,16.9,16.5,1.2,467.4,376.7,0,1,0,1,BISCUITS_COOKIES,27,"PRESERVATIVES,LOW_FIBER,HIGH_CALORIE"
0.0,9.9,0.1,0.3,33.7,87.4,1,0,0,2,BEVERAGES,31,"ARTIFICIAL_SWEETENER,LOW_FIBER"
0.7,1.9,0.0,0.5,22.9,69.6,0,0,0,0,BEVERAGES,70,LOW_FIBER
0.3,6.6,0.9,0.3,41.5,90.7,0,1,0,0,BEVERAGES,52,"PRESERVATIVES,LOW_FIBER"
6.5,7.8,12.4,7.0,397.5,294.7,0,0,0,0,BISCUITS_COOKIES,70,NONE
6.1,6.4,13.5,3.8,262.1,727.9,0,0,0,3,FROZEN_FOODS,60,MANY_RISKY_INGREDIENTS
6.6,9.1,12.2,5.9,385.9,320.0,0,0,0,1,BISCUITS_COOKIES,64,NONE
0.5,13.8,0.0,0.0,62.6,223.0,0,1,0,3,ENERGY_DRINKS,22,"PRESERVATIVES,LOW_FIBER,MANY_RISKY_INGREDIENTS"
0.4,1.3,0.0,0.0,8.9,75.9,0,0,0,1,ENERGY_DRINKS,73,LOW_FIBER
5.5,3.4,21.6,3.3,483.9,493.2,0,1,1,3,SNACKS,35,"HIGH_FAT,TRANS_FAT,PRESERVATIVES,HIGH_CALORIE,MANY_RISKY_INGREDIENTS"
9.3,13.6,5.1,8.1,373.9,234.6,1,0,0,0,BREAKFAST_CEREAL,64,ARTIFICIAL_SWEETENER
4.1,31.6,26.3,1.1,484.4,93.2,0,1,0,1,CHOCOLATES_CONFECTIONERY,41,"HIGH_SUGAR,HIGH_FAT,PRESERVATIVES,LOW_FIBER,HIGH_CALORIE"
11.9,3.3,2.0,0.2,63.7,68.5,0,0,0,0,DAIRY_PRODUCTS,91,LOW_FIBER
7.4,9.3,16.7,2.1,474.8,633.4,0,1,1,1,SNACKS,30,"TRANS_FAT,PRESERVATIVES,HIGH_CALORIE"
2.8,60.1,32.4,1.5,567.8,87.1,1,1,0,3,CHOCOLATES_CONFECTIONERY,14,"HIGH_SUGAR,HIGH_FAT,ARTIFICIAL_SWEETENER,PRESERVATIVES,LOW_FIBER,HIGH_CALORIE,MANY_RISKY_INGREDIENTS"
14.9,7.3,3.3,8.8,361.4,273.2,0,0,0,0,BREAKFAST_CEREAL,86,NONE
5.6,44.3,31.0,2.2,486.4,149.6,1,1,0,2,CHOCOLATES_CONFECTIONERY,32,"HIGH_SUGAR,HIGH_FAT,ARTIFICIAL_SWEETENER,PRESERVATIVES,HIGH_CALORIE"
45.7,6.4,9.8,4.6,361.5,225.9,1,0,0,0,HEALTH_SUPPLEMENTS,73,ARTIFICIAL_SWEETENER
4.3,12.5,23.5,1.7,376.3,1147.4,0,1,0,3,FROZEN_FOODS,21,"HIGH_FAT,PRESERVATIVES,LOW_FIBER,HIGH_SODIUM,MANY_RISKY_INGREDIENTS"
2.5,13.0,15.6,0.7,267.4,879.3,0,0,0,2,SAUCES_SPREADS,43,"LOW_FIBER,HIGH_SODIUM"
6.9,36.6,15.6,1.0,415.8,691.5,1,0,1,3,PROTEIN_BAR,0,"HIGH_SUGAR,TRANS_FAT,ARTIFICIAL_SWEETENER,LOW_FIBER,MANY_RISKY_INGREDIENTS"
2.6,6.1,28.7,1.5,551.0,1015.5,1,1,1,6,SNACKS,0,"HIGH_FAT,TRANS_FAT,ARTIFICIAL_SWEETENER,PRESERVATIVES,LOW_FIBER,HIGH_CALORIE,HIGH_SODIUM,MANY_RISKY_INGREDIENTS"
4.4,24.0,20.2,3.9,460.0,310.4,0,0,0,2,BISCUITS_COOKIES,20,"HIGH_SUGAR,HIGH_FAT,HIGH_CALORIE"
7.5,5.2,9.0,4.2,413.3,302.0,0,0,0,1,BISCUITS_COOKIES,68,NONE
5.6,19.6,10.0,5.3,394.3,351.0,0,0,1,1,BREAKFAST_CEREAL,40,TRANS_FAT
8.0,23.7,23.9,2.2,465.1,596.1,1,1,1,4,PROTEIN_BAR,0,"HIGH_SUGAR,HIGH_FAT,TRANS_FAT,ARTIFICIAL_SWEETENER,PRESERVATIVES,HIGH_CALORIE,MANY_RISKY_INGREDIENTS"
1.6,7.5,6.0,0.9,136.0,423.7,0,1,0,1,SAUCES_SPREADS,58,"PRESERVATIVES,LOW_FIBER"
10.0,4.7,1.4,1.1,83.1,226.3,0,0,0,0,DAIRY_PRODUCTS,86,LOW_FIBER
0.8,7.5,0.2,0.2,40.7,111.9,1,0,0,0,BEVERAGES,49,"ARTIFICIAL_SWEETENER,LOW_FIBER"
0.0,12.6,0.0,0.0,50.2,213.4,1,1,0,3,ENERGY_DRINKS,14,"ARTIFICIAL_SWEETENER,PRESERVATIVES,LOW_FIBER,MANY_RISKY_INGREDIENTS"
3.6,34.5,12.0,2.7,429.9,684.2,0,1,0,3,BREAKFAST_CEREAL,19,"HIGH_SUGAR,PRESERVATIVES,MANY_RISKY_INGREDIENTS"
6.1,3.9,21.1,3.5,479.1,564.6,1,1,0,2,SNACKS,44,"HIGH_FAT,ARTIFICIAL_SWEETENER,PRESERVATIVES,HIGH_CALORIE"
4.7,6.2,14.6,2.1,481.7,688.3,1,1,0,1,SNACKS,38,"ARTIFICIAL_SWEETENER,PRESERVATIVES,HIGH_CALORIE"
58.3,11.7,10.8,1.8,373.3,346.3,1,0,0,0,HEALTH_SUPPLEMENTS,54,"ARTIFICIAL_SWEETENER,LOW_FIBER"
3.0,61.1,31.7,1.0,561.3,147.8,1,1,0,2,CHOCOLATES_CONFECTIONERY,16,"HIGH_SUGAR,HIGH_FAT,ARTIFICIAL_SWEETENER,PRESERVATIVES,LOW_FIBER,HIGH_CALORIE"
2.2,25.8,23.9,1.3,498.2,357.1,1,1,0,3,BISCUITS_COOKIES,0,"HIGH_SUGAR,HIGH_FAT,ARTIFICIAL_SWEETENER,PRESERVATIVES,LOW_FIBER,HIGH_CALORIE,MANY_RISKY_INGREDIENTS"
2.8,21.4,13.1,0.3,184.4,418.9,1,0,0,3,DAIRY_PRODUCTS,36,"HIGH_SUGAR,ARTIFICIAL_SWEETENER,LOW_FIBER,MANY_RISKY_INGREDIENTS"
5.6,31.0,20.8,1.1,422.5,662.2,1,1,0,5,PROTEIN_BAR,0,"HIGH_SUGAR,HIGH_FAT,ARTIFICIAL_SWEETENER,PRESERVATIVES,LOW_FIBER,MANY_RISKY_INGREDIENTS"
9.3,5.2,14.3,1.4,304.3,720.8,0,0,0,1,FROZEN_FOODS,59,LOW_FIBER
6.4,12.6,6.2,1.0,144.2,282.2,0,1,0,2,DAIRY_PRODUCTS,56,"PRESERVATIVES,LOW_FIBER"
10.5,5.0,3.4,0.4,61.0,59.5,0,0,0,0,DAIRY_PRODUCTS,91,LOW_FIBER
0.4,8.9,0.0,0.0,32.1,136.4,1,1,0,1,ENERGY_DRINKS,28,"ARTIFICIAL_SWEETENER,PRESERVATIVES,LOW_FIBER"
14.4,2.2,9.5,4.6,215.3,296.4,0,1,0,0,FROZEN_FOODS,85,PRESERVATIVES
6.2,7.4,16.9,2.1,257.7,732.1,1,1,1,1,FROZEN_FOODS,27,"TRANS_FAT,ARTIFICIAL_SWEETENER,PRESERVATIVES"
4.8,22.8,14.8,0.1,182.1,370.1,1,1,0,3,DAIRY_PRODUCTS,21,"HIGH_SUGAR,ARTIFICIAL_SWEETENER,PRESERVATIVES,LOW_FIBER,MANY_RISKY_INGREDIENTS"
5.2,7.3,14.6,3.8,474.4,577.0,1,1,0,3,SNACKS,45,"ARTIFICIAL_SWEETENER,PRESERVATIVES,HIGH_CALORIE,MANY_RISKY_INGREDIENTS"
0.1,1.8,0.0,0.0,10.3,119.6,0,0,0,1,ENERGY_DRINKS,73,LOW_FIBER
0.8,8.0,0.0,0.0,49.9,257.4,0,0,0,1,ENERGY_DRINKS,50,LOW_FIBER
2.1,49.6,39.0,1.3,533.6,82.9,1,1,0,3,CHOCOLATES_CONFECTIONERY,13,"HIGH_SUGAR,HIGH_FAT,ARTIFICIAL_SWEETENER,PRESERVATIVES,LOW_FIBER,HIGH_CALORIE,MANY_RISKY_INGREDIENTS"
4.3,13.1,28.7,1.8,526.1,778.3,1,1,1,5,SNACKS,0,"HIGH_FAT,TRANS_FAT,ARTIFICIAL_SWEETENER,PRESERVATIVES,LOW_FIBER,HIGH_CALORIE,MANY_RISKY_INGREDIENTS"
19.4,20.5,10.3,1.8,457.4,410.6,0,1,1,3,HEALTH_SUPPLEMENTS,14,"HIGH_SUGAR,TRANS_FAT,PRESERVATIVES,LOW_FIBER,HIGH_CALORIE,MANY_RISKY_INGREDIENTS"
10.0,11.6,4.2,8.0,373.5,274.8,0,0,0,0,BREAKFAST_CEREAL,76,NONE
42.5,8.5,9.9,2.9,363.4,356.2,0,0,0,0,HEALTH_SUPPLEMENTS,77,NONE
7.4,41.0,31.7,1.9,480.1,84.1,1,0,0,1,CHOCOLATES_CONFECTIONERY,34,"HIGH_SUGAR,HIGH_FAT,ARTIFICIAL_SWEETENER,LOW_FIBER,HIGH_CALORIE"
8.7,5.7,12.9,3.2,375.3,879.6,0,0,0,2,INSTANT_NOODLES_RTE,66,HIGH_SODIUM
0.2,29.0,20.8,0.1,384.9,880.0,1,1,0,4,SAUCES_SPREADS,0,"HIGH_SUGAR,HIGH_FAT,ARTIFICIAL_SWEETENER,PRESERVATIVES,LOW_FIBER,HIGH_SODIUM,MANY_RISKY_INGREDIENTS"
7.9,32.0,32.6,2.9,505.6,50.3,0,0,0,1,CHOCOLATES_CONFECTIONERY,55,"HIGH_SUGAR,HIGH_FAT,HIGH_CALORIE"
4.8,9.5,23.6,1.2,385.6,923.3,1,1,0,4,FROZEN_FOODS,17,"HIGH_FAT,ARTIFICIAL_SWEETENER,PRESERVATIVES,LOW_FIBER,HIGH_SODIUM,MANY_RISKY_INGREDIENTS"
5.7,4.6,17.1,1.9,410.4,919.1,0,0,0,3,INSTANT_NOODLES_RTE,53,"LOW_FIBER,HIGH_SODIUM,MANY_RISKY_INGREDIENTS"
8.8,5.9,16.1,1.6,315.7,735.1,0,1,0,1,FROZEN_FOODS,49,"PRESERVATIVES,LOW_FIBER"
1.4,17.2,14.1,0.5,254.9,583.3,1,1,0,1,SAUCES_SPREADS,33,"ARTIFICIAL_SWEETENER,PRESERVATIVES,LOW_FIBER"
0.4,9.0,0.0,0.0,39.9,209.6,1,1,0,1,ENERGY_DRINKS,23,"ARTIFICIAL_SWEETENER,PRESERVATIVES,LOW_FIBER"
21.0,2.0,11.4,9.1,337.5,353.6,0,0,0,1,PROTEIN_BAR,86,NONE
7.2,4.2,14.4,1.6,456.1,520.6,0,0,0,2,SNACKS,58,"LOW_FIBER,HIGH_CALORIE"
7.6,9.0,21.8,3.0,480.5,606.3,0,0,0,2,SNACKS,47,"HIGH_FAT,HIGH_CALORIE"
2.0,11.3,11.6,0.1,297.6,547.4,0,1,0,2,SAUCES_SPREADS,46,"PRESERVATIVES,LOW_FIBER"
8.3,16.2,17.0,2.2,446.3,86.5,0,0,0,1,CHOCOLATES_CONFECTIONERY,75,NONE
36.0,7.4,10.9,1.4,410.1,345.1,1,0,0,1,HEALTH_SUPPLEMENTS,58,"ARTIFICIAL_SWEETENER,LOW_FIBER"
6.7,12.8,26.3,0.1,379.0,1113.3,0,1,0,4,FROZEN_FOODS,23,"HIGH_FAT,PRESERVATIVES,LOW_FIBER,HIGH_SODIUM,MANY_RISKY_INGREDIENTS"
6.8,6.8,18.4,1.9,308.0,954.5,1,1,0,4,FROZEN_FOODS,31,"HIGH_FAT,ARTIFICIAL_SWEETENER,PRESERVATIVES,LOW_FIBER,HIGH_SODIUM,MANY_RISKY_INGREDIENTS"
3.4,51.1,38.7,1.5,571.5,74.3,1,1,0,4,CHOCOLATES_CONFECTIONERY,4,"HIGH_SUGAR,HIGH_FAT,ARTIFICIAL_SWEETENER,PRESERVATIVES,LOW_FIBER,HIGH_CALORIE,MANY_RISKY_INGREDIENTS"
5.5,3.6,24.8,2.0,495.6,1396.8,0,1,0,4,INSTANT_NOODLES_RTE,31,"HIGH_FAT,PRESERVATIVES,HIGH_CALORIE,HIGH_SODIUM,MANY_RISKY_INGREDIENTS"
8.3,4.3,12.7,1.1,297.5,692.2,0,1,0,3,FROZEN_FOODS,57,"PRESERVATIVES,LOW_FIBER,MANY_RISKY_INGREDIENTS"
0.1,20.1,26.7,0.3,328.7,1263.1,1,1,0,4,SAUCES_SPREADS,4,"HIGH_SUGAR,HIGH_FAT,ARTIFICIAL_SWEETENER,PRESERVATIVES,LOW_FIBER,HIGH_SODIUM,MANY_RISKY_INGREDIENTS"
3.4,7.1,19.4,0.1,354.1,1117.6,1,1,1,3,FROZEN_FOODS,9,"HIGH_FAT,TRANS_FAT,ARTIFICIAL_SWEETENER,PRESERVATIVES,LOW_FIBER,HIGH_SODIUM,MANY_RISKY_INGREDIENTS"
74.0,1.2,5.6,5.2,341.7,236.8,0,0,0,0,HEALTH_SUPPLEMENTS,93,NONE
5.0,5.5,23.0,1.6,445.7,1268.9,0,1,1,4,INSTANT_NOODLES_RTE,9,"HIGH_FAT,TRANS_FAT,PRESERVATIVES,LOW_FIBER,HIGH_SODIUM,MANY_RISKY_INGREDIENTS"
8.4,4.1,15.2,3.6,404.3,904.5,0,0,0,1,INSTANT_NOODLES_RTE,70,HIGH_SODIUM
1.7,0.5,0.3,0.9,18.5,23.6,0,0,0,0,BEVERAGES,75,LOW_FIBER
6.0,5.5,3.6,0.7,75.0,231.0,0,0,0,0,DAIRY_PRODUCTS,75,LOW_FIBER
3.2,33.6,10.3,2.0,430.4,645.4,0,0,0,3,BREAKFAST_CEREAL,24,"HIGH_SUGAR,MANY_RISKY_INGREDIENTS"
0.2,25.7,29.0,0.2,365.5,870.5,1,1,1,2,SAUCES_SPREADS,0,"HIGH_SUGAR,HIGH_FAT,TRANS_FAT,ARTIFICIAL_SWEETENER,PRESERVATIVES,LOW_FIBER,HIGH_SODIUM"
6.2,4.2,17.3,3.5,374.1,963.7,0,1,0,3,INSTANT_NOODLES_RTE,57,"PRESERVATIVES,HIGH_SODIUM,MANY_RISKY_INGREDIENTS"
0.0,8.5,0.0,0.0,40.5,229.0,0,0,0,1,ENERGY_DRINKS,36,LOW_FIBER
2.4,32.3,24.0,0.3,531.4,461.4,0,1,1,2,BISCUITS_COOKIES,0,"HIGH_SUGAR,HIGH_FAT,TRANS_FAT,PRESERVATIVES,LOW_FIBER,HIGH_CALORIE"
0.2,13.1,0.0,0.0,54.4,215.5,1,1,0,3,ENERGY_DRINKS,14,"ARTIFICIAL_SWEETENER,PRESERVATIVES,LOW_FIBER,MANY_RISKY_INGREDIENTS"
17.3,16.8,11.0,1.2,403.2,381.8,1,1,0,4,HEALTH_SUPPLEMENTS,24,"ARTIFICIAL_SWEETENER,PRESERVATIVES,LOW_FIBER,MANY_RISKY_INGREDIENTS"
3.5,51.3,38.3,1.1,539.9,192.1,1,1,0,2,CHOCOLATES_CONFECTIONERY,8,"HIGH_SUGAR,HIGH_FAT,ARTIFICIAL_SWEETENER,PRESERVATIVES,LOW_FIBER,HIGH_CALORIE"
7.6,5.0,15.2,2.1,487.5,471.2,0,0,0,3,SNACKS,56,"HIGH_CALORIE,MANY_RISKY_INGREDIENTS"
7.1,9.0,10.1,5.7,427.7,262.4,0,0,0,1,BISCUITS_COOKIES,64,NONE
0.5,5.0,0.0,0.0,40.4,299.5,0,1,0,1,ENERGY_DRINKS,51,"PRESERVATIVES,LOW_FIBER"
3.3,33.0,26.4,0.4,533.9,466.6,0,1,0,5,BISCUITS_COOKIES,0,"HIGH_SUGAR,HIGH_FAT,PRESERVATIVES,LOW_FIBER,HIGH_CALORIE,MANY_RISKY_INGREDIENTS"
5.6,5.0,16.6,1.0,483.8,627.7,0,1,1,1,SNACKS,32,"TRANS_FAT,PRESERVATIVES,LOW_FIBER,HIGH_CALORIE"
0.5,9.5,0.0,0.0,39.0,158.4,1,1,0,2,ENERGY_DRINKS,26,"ARTIFICIAL_SWEETENER,PRESERVATIVES,LOW_FIBER"
0.0,6.4,0.3,0.4,32.0,117.1,0,0,0,0,BEVERAGES,57,LOW_FIBER
3.6,19.8,15.2,0.2,144.0,421.3,1,0,0,4,DAIRY_PRODUCTS,29,"ARTIFICIAL_SWEETENER,LOW_FIBER,MANY_RISKY_INGREDIENTS"
6.6,6.5,19.7,1.5,368.9,853.3,1,1,0,4,FROZEN_FOODS,26,"HIGH_FAT,ARTIFICIAL_SWEETENER,PRESERVATIVES,LOW_FIBER,HIGH_SODIUM,MANY_RISKY_INGREDIENTS"
3.9,38.8,26.8,2.4,504.5,61.0,1,1,0,1,CHOCOLATES_CONFECTIONERY,30,"HIGH_SUGAR,HIGH_FAT,ARTIFICIAL_SWEETENER,PRESERVATIVES,HIGH_CALORIE"
5.7,19.1,10.7,4.8,389.8,345.5,0,1,0,0,BREAKFAST_CEREAL,48,PRESERVATIVES
7.6,3.2,13.2,6.7,385.1,385.2,0,0,0,1,SNACKS,78,NONE
1.5,3.5,6.9,0.9,187.8,436.7,0,0,0,1,SAUCES_SPREADS,70,LOW_FIBER
5.2,9.3,10.4,4.6,414.4,370.0,0,0,0,1,BISCUITS_COOKIES,64,NONE
5.7,39.8,27.0,2.8,512.7,112.5,1,1,0,1,CHOCOLATES_CONFECTIONERY,34,"HIGH_SUGAR,HIGH_FAT,ARTIFICIAL_SWEETENER,PRESERVATIVES,HIGH_CALORIE"
6.1,14.6,9.3,4.2,408.8,475.6,0,0,0,0,BREAKFAST_CEREAL,64,NONE
4.1,9.6,22.3,1.9,317.5,835.8,1,1,1,5,FROZEN_FOODS,5,"HIGH_FAT,TRANS_FAT,ARTIFICIAL_SWEETENER,PRESERVATIVES,LOW_FIBER,HIGH_SODIUM,MANY_RISKY_INGREDIENTS"
17.6,8.7,14.8,3.1,372.7,479.7,0,1,0,0,PROTEIN_BAR,62,PRESERVATIVES
6.0,11.0,9.4,0.0,145.3,199.1,1,0,0,1,DAIRY_PRODUCTS,60,"ARTIFICIAL_SWEETENER,LOW_FIBER"
4.0,8.0,26.1,0.2,322.2,1001.5,1,0,0,5,FROZEN_FOODS,25,"HIGH_FAT,ARTIFICIAL_SWEETENER,LOW_FIBER,HIGH_SODIUM,MANY_RISKY_INGREDIENTS"
5.4,6.3,21.0,0.2,479.7,1794.2,1,0,0,3,INSTANT_NOODLES_RTE,18,"HIGH_FAT,ARTIFICIAL_SWEETENER,LOW_FIBER,HIGH_CALORIE,HIGH_SODIUM,MANY_RISKY_INGREDIENTS"
20.8,13.3,13.7,1.9,401.0,399.7,1,1,0,3,HEALTH_SUPPLEMENTS,38,"ARTIFICIAL_SWEETENER,PRESERVATIVES,LOW_FIBER,MANY_RISKY_INGREDIENTS"
4.7,21.6,14.1,0.4,206.9,548.9,0,0,1,4,DAIRY_PRODUCTS,27,"HIGH_SUGAR,TRANS_FAT,LOW_FIBER,MANY_RISKY_INGREDIENTS"
0.3,13.7,0.0,0.0,51.8,398.6,0,1,0,2,ENERGY_DRINKS,24,"PRESERVATIVES,LOW_FIBER"
29.8,22.3,15.0,1.6,477.6,508.7,1,1,0,2,HEALTH_SUPPLEMENTS,23,"HIGH_SUGAR,ARTIFICIAL_SWEETENER,PRESERVATIVES,LOW_FIBER,HIGH_CALORIE"
3.2,14.0,34.6,1.8,536.4,1089.4,0,0,1,5,SNACKS,0,"HIGH_FAT,TRANS_FAT,LOW_FIBER,HIGH_CALORIE,HIGH_SODIUM,MANY_RISKY_INGREDIENTS"
4.0,9.2,23.8,1.4,545.0,1055.6,0,0,0,3,SNACKS,22,"HIGH_FAT,LOW_FIBER,HIGH_CALORIE,HIGH_SODIUM,MANY_RISKY_INGREDIENTS"
3.2,7.1,21.8,1.3,464.5,1558.2,0,1,0,3,INSTANT_NOODLES_RTE,17,"HIGH_FAT,PRESERVATIVES,LOW_FIBER,HIGH_CALORIE,HIGH_SODIUM,MANY_RISKY_INGREDIENTS"
0.3,8.0,0.0,0.0,46.4,175.1,1,1,0,2,ENERGY_DRINKS,40,"ARTIFICIAL_SWEETENER,PRESERVATIVES,LOW_FIBER"
0.1,33.5,20.0,0.2,352.6,1434.0,0,1,1,2,SAUCES_SPREADS,0,"HIGH_SUGAR,HIGH_FAT,TRANS_FAT,PRESERVATIVES,LOW_FIBER,HIGH_SODIUM"
8.1,6.7,11.0,3.8,260.7,714.0,0,0,1,1,FROZEN_FOODS,53,TRANS_FAT
80.9,1.5,3.6,6.1,378.6,259.4,0,0,0,0,HEALTH_SUPPLEMENTS,96,NONE
4.0,6.6,15.6,3.3,454.5,626.7,0,1,1,2,SNACKS,28,"TRANS_FAT,PRESERVATIVES,HIGH_CALORIE"
4.4,7.2,2.1,0.1,187.8,236.9,0,0,0,0,SAUCES_SPREADS,74,LOW_FIBER
4.3,31.5,14.8,1.9,413.1,425.4,1,1,0,2,BREAKFAST_CEREAL,13,"HIGH_SUGAR,ARTIFICIAL_SWEETENER,PRESERVATIVES,LOW_FIBER"
0.4,6.6,0.6,0.1,30.1,56.3,0,0,0,1,BEVERAGES,55,LOW_FIBER
6.3,30.9,29.4,2.8,519.6,80.5,1,0,0,1,CHOCOLATES_CONFECTIONERY,47,"HIGH_SUGAR,HIGH_FAT,ARTIFICIAL_SWEETENER,HIGH_CALORIE"
11.4,4.7,1.3,1.2,57.3,56.3,0,0,0,0,DAIRY_PRODUCTS,91,LOW_FIBER
15.1,22.2,10.5,1.4,451.0,506.0,0,1,0,3,HEALTH_SUPPLEMENTS,19,"HIGH_SUGAR,PRESERVATIVES,LOW_FIBER,HIGH_CALORIE,MANY_RISKY_INGREDIENTS"
12.6,3.6,5.8,5.1,241.3,253.9,0,1,0,0,FROZEN_FOODS,85,PRESERVATIVES
3.5,4.4,22.3,0.3,432.6,1638.8,1,1,0,4,INSTANT_NOODLES_RTE,19,"HIGH_FAT,ARTIFICIAL_SWEETENER,PRESERVATIVES,LOW_FIBER,HIGH_SODIUM,MANY_RISKY_INGREDIENTS"
79.8,1.8,6.4,7.7,301.1,188.1,0,0,0,0,HEALTH_SUPPLEMENTS,100,NONE
4.9,23.4,17.8,3.4,435.8,473.7,0,0,0,1,BISCUITS_COOKIES,32,HIGH_SUGAR
7.2,19.2,5.4,7.0,383.3,389.2,0,0,0,2,BREAKFAST_CEREAL,57,NONE
2.1,6.8,24.9,0.8,546.9,808.2,0,1,0,4,SNACKS,25,"HIGH_FAT,PRESERVATIVES,LOW_FIBER,HIGH_CALORIE,HIGH_SODIUM,MANY_RISKY_INGREDIENTS"
7.3,7.1,21.6,2.7,447.4,492.7,1,1,0,1,SNACKS,40,"HIGH_FAT,ARTIFICIAL_SWEETENER,PRESERVATIVES"
3.8,8.9,14.5,1.9,458.4,490.2,0,0,0,3,SNACKS,45,"LOW_FIBER,HIGH_CALORIE,MANY_RISKY_INGREDIENTS"
7.5,4.4,3.2,1.6,59.5,224.3,0,0,0,0,DAIRY_PRODUCTS,82,LOW_FIBER
3.3,7.6,15.9,1.4,464.6,566.5,0,0,0,1,SNACKS,44,"LOW_FIBER,HIGH_CALORIE"
3.4,10.2,20.6,0.7,393.3,940.8,0,1,1,5,FROZEN_FOODS,2,"HIGH_FAT,TRANS_FAT,PRESERVATIVES,LOW_FIBER,HIGH_SODIUM,MANY_RISKY_INGREDIENTS"
8.8,20.5,9.7,5.5,408.2,335.2,0,0,0,1,BREAKFAST_CEREAL,59,HIGH_SUGAR
8.8,11.2,13.7,5.3,406.7,248.5,0,0,0,1,BISCUITS_COOKIES,62,NONE
0.4,13.9,0.0,0.0,56.6,372.9,1,1,0,3,ENERGY_DRINKS,14,"ARTIFICIAL_SWEETENER,PRESERVATIVES,LOW_FIBER,MANY_RISKY_INGREDIENTS"
5.9,20.8,7.4,7.5,393.8,354.5,0,1,0,0,BREAKFAST_CEREAL,56,"HIGH_SUGAR,PRESERVATIVES"
0.1,12.2,0.5,0.0,49.9,189.8,0,1,0,2,BEVERAGES,34,"PRESERVATIVES,LOW_FIBER"
5.5,4.3,19.1,2.8,479.1,456.5,0,1,0,3,SNACKS,51,"HIGH_FAT,PRESERVATIVES,HIGH_CALORIE,MANY_RISKY_INGREDIENTS"
8.1,9.3,6.7,13.4,373.4,190.3,0,0,0,0,BREAKFAST_CEREAL,87,NONE
15.4,9.7,12.7,5.9,386.4,295.8,1,1,0,0,PROTEIN_BAR,54,"ARTIFICIAL_SWEETENER,PRESERVATIVES"
8.9,10.3,2.3,9.1,353.2,306.3,0,0,0,0,BREAKFAST_CEREAL,76,NONE
3.7,62.5,39.9,1.2,556.8,163.2,0,0,1,2,CHOCOLATES_CONFECTIONERY,6,"HIGH_SUGAR,HIGH_FAT,TRANS_FAT,LOW_FIBER,HIGH_CALORIE"
7.9,7.1,17.7,3.0,489.0,548.6,0,1,1,2,SNACKS,35,"TRANS_FAT,PRESERVATIVES,HIGH_CALORIE"
1.1,0.5,0.1,0.3,9.4,80.3,0,0,0,0,BEVERAGES,75,LOW_FIBER
0.5,9.5,0.0,0.0,42.2,112.3,0,1,0,2,ENERGY_DRINKS,34,"PRESERVATIVES,LOW_FIBER"
1.5,17.5,14.0,0.6,197.9,570.4,0,0,0,2,SAUCES_SPREADS,44,LOW_FIBER
8.1,8.6,10.3,7.4,413.5,399.7,0,0,0,1,BISCUITS_COOKIES,72,NONE
8.8,1.8,7.1,6.5,322.7,583.0,0,0,0,0,INSTANT_NOODLES_RTE,93,NONE
6.7,9.0,8.8,0.1,123.9,288.0,0,1,0,1,DAIRY_PRODUCTS,64,"PRESERVATIVES,LOW_FIBER"
3.9,22.4,15.3,3.5,471.9,458.2,0,1,0,2,BISCUITS_COOKIES,20,"HIGH_SUGAR,PRESERVATIVES,HIGH_CALORIE"
0.3,13.7,0.0,0.0,47.4,305.7,0,1,0,4,ENERGY_DRINKS,25,"PRESERVATIVES,LOW_FIBER,MANY_RISKY_INGREDIENTS"
5.7,30.2,14.3,2.3,436.6,620.9,0,0,0,2,BREAKFAST_CEREAL,30,HIGH_SUGAR
3.4,4.1,21.0,0.1,444.9,1119.8,1,0,1,5,INSTANT_NOODLES_RTE,7,"HIGH_FAT,TRANS_FAT,ARTIFICIAL_SWEETENER,LOW_FIBER,HIGH_SODIUM,MANY_RISKY_INGREDIENTS"
3.5,8.6,26.2,0.5,543.6,1102.5,0,0,0,3,SNACKS,22,"HIGH_FAT,LOW_FIBER,HIGH_CALORIE,HIGH_SODIUM,MANY_RISKY_INGREDIENTS"
3.5,51.0,39.0,0.2,572.2,106.5,1,1,0,2,CHOCOLATES_CONFECTIONERY,8,"HIGH_SUGAR,HIGH_FAT,ARTIFICIAL_SWEETENER,PRESERVATIVES,LOW_FIBER,HIGH_CALORIE"
5.9,4.5,12.0,6.7,423.2,364.9,0,1,0,0,SNACKS,75,PRESERVATIVES
3.9,42.7,27.1,2.5,497.2,124.8,1,1,0,1,CHOCOLATES_CONFECTIONERY,30,"HIGH_SUGAR,HIGH_FAT,ARTIFICIAL_SWEETENER,PRESERVATIVES,HIGH_CALORIE"
9.9,20.6,5.3,7.4,377.2,498.2,0,0,0,1,BREAKFAST_CEREAL,63,HIGH_SUGAR
2.7,56.5,39.5,1.5,561.3,163.2,0,1,0,4,CHOCOLATES_CONFECTIONERY,12,"HIGH_SUGAR,HIGH_FAT,PRESERVATIVES,LOW_FIBER,HIGH_CALORIE,MANY_RISKY_INGREDIENTS"
2.5,63.1,33.1,0.3,569.6,50.4,1,0,1,2,CHOCOLATES_CONFECTIONERY,6,"HIGH_SUGAR,HIGH_FAT,TRANS_FAT,ARTIFICIAL_SWEETENER,LOW_FIBER,HIGH_CALORIE"
6.8,12.6,10.8,5.0,384.9,380.1,0,0,0,0,BREAKFAST_CEREAL,60,NONE
11.9,17.0,16.1,4.3,424.8,72.2,0,0,0,0,CHOCOLATES_CONFECTIONERY,81,NONE
1.6,1.2,0.1,0.2,23.4,15.5,0,0,0,0,BEVERAGES,70,LOW_FIBER
5.5,38.8,34.9,2.2,491.2,108.8,1,1,0,2,CHOCOLATES_CONFECTIONERY,32,"HIGH_SUGAR,HIGH_FAT,ARTIFICIAL_SWEETENER,PRESERVATIVES,HIGH_CALORIE"
5.5,5.7,22.7,1.1,454.9,1455.1,0,1,0,3,INSTANT_NOODLES_RTE,21,"HIGH_FAT,PRESERVATIVES,LOW_FIBER,HIGH_CALORIE,HIGH_SODIUM,MANY_RISKY_INGREDIENTS"
0.7,0.7,0.0,0.0,9.5,191.9,0,0,0,1,ENERGY_DRINKS,73,LOW_FIBER
9.3,4.8,1.9,0.9,93.2,84.8,0,0,0,0,DAIRY_PRODUCTS,91,LOW_FIBER
0.1,9.9,0.6,0.2,33.6,136.0,0,1,0,1,BEVERAGES,36,"PRESERVATIVES,LOW_FIBER"
5.6,5.3,24.1,0.4,485.4,1148.2,1,1,0,4,INSTANT_NOODLES_RTE,11,"HIGH_FAT,ARTIFICIAL_SWEETENER,PRESERVATIVES,LOW_FIBER,HIGH_CALORIE,HIGH_SODIUM,MANY_RISKY_INGREDIENTS"
18.6,10.8,17.0,5.7,379.5,360.3,1,1,0,0,PROTEIN_BAR,43,"ARTIFICIAL_SWEETENER,PRESERVATIVES"
2.8,17.5,11.9,0.3,242.8,848.0,0,1,0,1,SAUCES_SPREADS,38,"PRESERVATIVES,LOW_FIBER,HIGH_SODIUM"
14.3,4.7,5.3,5.1,165.3,439.7,0,1,0,1,FROZEN_FOODS,83,PRESERVATIVES
11.0,21.7,15.1,4.5,468.6,71.4,0,0,0,0,CHOCOLATES_CONFECTIONERY,69,"HIGH_SUGAR,HIGH_CALORIE"
0.6,8.2,1.0,0.1,37.5,78.2,0,1,0,2,BEVERAGES,34,"PRESERVATIVES,LOW_FIBER"
14.2,17.8,16.8,3.1,416.3,416.3,0,1,0,0,PROTEIN_BAR,39,PRESERVATIVES
2.3,9.9,22.1,1.9,560.1,779.4,0,0,1,4,SNACKS,15,"HIGH_FAT,TRANS_FAT,LOW_FIBER,HIGH_CALORIE,MANY_RISKY_INGREDIENTS"
5.8,35.1,9.5,2.4,423.9,581.4,1,1,0,4,BREAKFAST_CEREAL,22,"HIGH_SUGAR,ARTIFICIAL_SWEETENER,PRESERVATIVES,MANY_RISKY_INGREDIENTS"
27.0,6.7,5.4,12.1,365.6,298.2,0,0,0,0,PROTEIN_BAR,89,NONE
1.5,19.6,14.5,0.3,291.6,796.2,0,0,0,1,SAUCES_SPREADS,43,LOW_FIBER
0.3,14.5,0.0,0.0,53.7,372.2,0,1,0,4,ENERGY_DRINKS,20,"PRESERVATIVES,LOW_FIBER,MANY_RISKY_INGREDIENTS"
2.5,17.5,17.0,0.3,235.9,846.0,1,0,0,2,SAUCES_SPREADS,28,"ARTIFICIAL_SWEETENER,LOW_FIBER,HIGH_SODIUM"
12.7,1.6,6.4,5.0,336.0,504.1,0,0,0,1,INSTANT_NOODLES_RTE,91,NONE
6.8,36.0,30.1,2.3,525.5,120.8,0,1,0,1,CHOCOLATES_CONFECTIONERY,42,"HIGH_SUGAR,HIGH_FAT,PRESERVATIVES,HIGH_CALORIE"
6.9,20.5,18.2,2.0,462.9,307.5,0,0,0,2,BISCUITS_COOKIES,35,"HIGH_SUGAR,HIGH_FAT,HIGH_CALORIE"
0.3,9.9,0.3,0.2,27.1,89.1,0,0,0,2,BEVERAGES,39,LOW_FIBER
4.8,30.2,33.4,2.6,483.2,86.5,1,0,0,1,CHOCOLATES_CONFECTIONERY,43,"HIGH_SUGAR,HIGH_FAT,ARTIFICIAL_SWEETENER,HIGH_CALORIE"
18.0,17.8,18.0,6.9,378.3,348.3,0,1,0,3,PROTEIN_BAR,42,"PRESERVATIVES,MANY_RISKY_INGREDIENTS"
1.0,3.0,0.3,0.2,5.4,38.7,0,0,0,0,BEVERAGES,68,LOW_FIBER
4.1,40.5,27.5,2.8,506.4,137.0,0,1,0,1,CHOCOLATES_CONFECTIONERY,38,"HIGH_SUGAR,HIGH_FAT,PRESERVATIVES,HIGH_CALORIE"
41.6,8.3,6.2,1.1,396.6,376.3,1,0,0,0,HEALTH_SUPPLEMENTS,64,"ARTIFICIAL_SWEETENER,LOW_FIBER"
4.3,11.1,26.3,1.8,300.6,1125.4,0,1,0,4,FROZEN_FOODS,24,"HIGH_FAT,PRESERVATIVES,LOW_FIBER,HIGH_SODIUM,MANY_RISKY_INGREDIENTS"
3.7,46.9,36.0,2.0,576.7,50.4,1,1,0,4,CHOCOLATES_CONFECTIONERY,16,"HIGH_SUGAR,HIGH_FAT,ARTIFICIAL_SWEETENER,PRESERVATIVES,HIGH_CALORIE,MANY_RISKY_INGREDIENTS"
5.6,22.5,16.7,2.0,445.4,340.7,1,1,1,2,BISCUITS_COOKIES,2,"HIGH_SUGAR,TRANS_FAT,ARTIFICIAL_SWEETENER,PRESERVATIVES"
7.1,4.6,15.6,3.4,482.2,647.9,1,0,0,2,SNACKS,51,"ARTIFICIAL_SWEETENER,HIGH_CALORIE"
2.1,45.6,36.1,0.6,564.6,184.4,0,1,0,2,CHOCOLATES_CONFECTIONERY,23,"HIGH_SUGAR,HIGH_FAT,PRESERVATIVES,LOW_FIBER,HIGH_CALORIE"
3.8,55.3,39.3,1.0,579.4,126.4,0,1,0,3,CHOCOLATES_CONFECTIONERY,14,"HIGH_SUGAR,HIGH_FAT,PRESERVATIVES,LOW_FIBER,HIGH_CALORIE,MANY_RISKY_INGREDIENTS"
4.9,8.6,7.3,0.1,130.9,347.6,1,0,0,1,DAIRY_PRODUCTS,57,"ARTIFICIAL_SWEETENER,LOW_FIBER"
57.7,9.4,6.0,2.7,395.8,410.1,1,0,0,2,HEALTH_SUPPLEMENTS,65,ARTIFICIAL_SWEETENER
11.9,23.6,21.6,4.9,424.4,32.9,0,0,0,0,CHOCOLATES_CONFECTIONERY,70,"HIGH_SUGAR,HIGH_FAT"
0.5,0.6,0.0,0.0,17.9,116.9,0,0,0,1,ENERGY_DRINKS,73,LOW_FIBER
39.6,6.7,7.4,4.2,391.0,276.1,1,0,0,0,HEALTH_SUPPLEMENTS,73,ARTIFICIAL_SWEETENER
33.8,10.9,8.8,4.4,416.9,483.0,0,1,0,0,HEALTH_SUPPLEMENTS,70,PRESERVATIVES
32.7,6.3,11.8,1.9,361.8,308.7,1,0,0,1,HEALTH_SUPPLEMENTS,58,"ARTIFICIAL_SWEETENER,LOW_FIBER"
7.0,4.5,14.3,2.0,385.3,782.5,0,1,0,2,INSTANT_NOODLES_RTE,60,PRESERVATIVES
9.6,15.8,5.4,6.5,396.8,378.1,0,1,0,1,BREAKFAST_CEREAL,58,PRESERVATIVES
8.8,5.0,4.8,0.8,88.2,73.3,0,0,0,0,DAIRY_PRODUCTS,91,LOW_FIBER
0.8,9.6,0.7,0.1,37.2,195.5,1,1,0,1,BEVERAGES,28,"ARTIFICIAL_SWEETENER,PRESERVATIVES,LOW_FIBER"
8.8,2.5,13.1,2.3,411.3,881.1,0,1,1,1,INSTANT_NOODLES_RTE,51,"TRANS_FAT,PRESERVATIVES,HIGH_SODIUM"
6.8,13.3,8.8,0.3,104.5,359.6,0,1,0,0,DAIRY_PRODUCTS,60,"PRESERVATIVES,LOW_FIBER"
7.3,7.6,10.7,3.3,305.2,782.9,0,1,1,1,FROZEN_FOODS,44,"TRANS_FAT,PRESERVATIVES"
0.3,5.2,0.0,0.0,35.8,231.0,1,0,0,2,ENERGY_DRINKS,40,"ARTIFICIAL_SWEETENER,LOW_FIBER"
2.0,19.6,10.8,0.8,249.0,780.3,0,0,0,1,SAUCES_SPREADS,43,LOW_FIBER
0.2,9.2,0.5,0.4,34.5,133.5,1,1,0,0,BEVERAGES,30,"ARTIFICIAL_SWEETENER,PRESERVATIVES,LOW_FIBER"
12.7,13.8,17.8,7.9,358.9,431.4,1,0,0,0,PROTEIN_BAR,47,ARTIFICIAL_SWEETENER
8.0,3.1,14.0,1.6,420.3,837.6,0,1,0,2,INSTANT_NOODLES_RTE,59,"PRESERVATIVES,LOW_FIBER,HIGH_SODIUM"
0.4,5.6,0.2,0.5,34.1,158.3,0,1,0,2,BEVERAGES,48,"PRESERVATIVES,LOW_FIBER"
7.3,5.8,16.3,1.2,396.5,725.7,1,1,1,3,INSTANT_NOODLES_RTE,18,"TRANS_FAT,ARTIFICIAL_SWEETENER,PRESERVATIVES,LOW_FIBER,MANY_RISKY_INGREDIENTS"
3.5,5.5,15.3,2.0,489.2,490.2,0,1,1,1,SNACKS,29,"TRANS_FAT,PRESERVATIVES,HIGH_CALORIE"
1.7,1.8,0.3,0.6,19.4,34.7,0,0,0,0,BEVERAGES,75,LOW_FIBER
4.9,6.2,15.2,1.9,491.5,674.4,0,1,0,1,SNACKS,36,"PRESERVATIVES,LOW_FIBER,HIGH_CALORIE"
3.8,9.6,27.2,1.8,349.5,853.9,1,1,1,4,FROZEN_FOODS,7,"HIGH_FAT,TRANS_FAT,ARTIFICIAL_SWEETENER,PRESERVATIVES,LOW_FIBER,HIGH_SODIUM,MANY_RISKY_INGREDIENTS"
5.1,4.2,13.0,1.6,400.5,832.6,0,0,1,2,INSTANT_NOODLES_RTE,45,"TRANS_FAT,LOW_FIBER,HIGH_SODIUM"
4.2,23.7,17.9,1.4,430.5,430.5,1,1,0,3,BISCUITS_COOKIES,6,"HIGH_SUGAR,ARTIFICIAL_SWEETENER,PRESERVATIVES,LOW_FIBER,MANY_RISKY_INGREDIENTS"
5.8,15.8,18.9,1.8,460.9,412.0,1,1,0,3,BISCUITS_COOKIES,15,"HIGH_FAT,ARTIFICIAL_SWEETENER,PRESERVATIVES,LOW_FIBER,HIGH_CALORIE,MANY_RISKY_INGREDIENTS"
10.0,2.2,9.8,5.5,167.3,279.2,0,0,0,1,FROZEN_FOODS,84,NONE
71.7,4.7,5.4,5.1,364.5,100.8,0,0,0,0,HEALTH_SUPPLEMENTS,93,NONE
4.1,5.8,4.0,0.1,179.8,250.9,0,1,0,0,SAUCES_SPREADS,69,"PRESERVATIVES,LOW_FIBER"
1.5,2.6,0.2,0.4,13.7,92.6,0,0,0,0,BEVERAGES,68,LOW_FIBER
5.9,12.8,7.7,6.3,379.2,264.7,0,0,0,2,BREAKFAST_CEREAL,64,NONE
3.1,5.6,23.3,0.1,459.6,1361.0,1,1,1,3,INSTANT_NOODLES_RTE,0,"HIGH_FAT,TRANS_FAT,ARTIFICIAL_SWEETENER,PRESERVATIVES,LOW_FIBER,HIGH_CALORIE,HIGH_SODIUM,MANY_RISKY_INGREDIENTS"
4.6,14.4,22.8,1.5,558.1,1173.6,0,1,0,3,SNACKS,11,"HIGH_FAT,PRESERVATIVES,LOW_FIBER,HIGH_CALORIE,HIGH_SODIUM,MANY_RISKY_INGREDIENTS"
8.1,5.5,14.2,2.6,378.2,825.1,0,0,1,3,INSTANT_NOODLES_RTE,45,"TRANS_FAT,HIGH_SODIUM,MANY_RISKY_INGREDIENTS"
4.7,63.2,37.9,0.4,569.0,91.5,1,1,1,3,CHOCOLATES_CONFECTIONERY,0,"HIGH_SUGAR,HIGH_FAT,TRANS_FAT,ARTIFICIAL_SWEETENER,PRESERVATIVES,LOW_FIBER,HIGH_CALORIE,MANY_RISKY_INGREDIENTS"
6.2,7.3,16.9,2.3,459.1,699.9,0,0,0,2,SNACKS,48,HIGH_CALORIE
0.8,2.5,0.0,0.0,13.8,74.2,0,0,0,0,ENERGY_DRINKS,68,LOW_FIBER
0.5,31.3,28.5,0.3,319.3,1446.2,1,1,0,2,SAUCES_SPREADS,0,"HIGH_SUGAR,HIGH_FAT,ARTIFICIAL_SWEETENER,PRESERVATIVES,LOW_FIBER,HIGH_SODIUM"
6.0,4.1,18.0,3.4,421.1,835.6,0,1,0,2,INSTANT_NOODLES_RTE,59,"PRESERVATIVES,HIGH_SODIUM"
4.6,8.9,23.5,1.7,539.9,763.7,0,0,1,5,SNACKS,13,"HIGH_FAT,TRANS_FAT,LOW_FIBER,HIGH_CALORIE,MANY_RISKY_INGREDIENTS"
10.9,3.8,4.2,1.0,86.6,126.3,0,0,0,0,DAIRY_PRODUCTS,91,LOW_FIBER
80.1,2.6,4.8,5.9,360.9,146.2,0,0,0,0,HEALTH_SUPPLEMENTS,97,NONE
2.0,53.3,34.4,1.6,538.3,99.7,0,0,1,2,CHOCOLATES_CONFECTIONERY,14,"HIGH_SUGAR,HIGH_FAT,TRANS_FAT,LOW_FIBER,HIGH_CALORIE"
6.1,6.5,14.1,3.7,489.6,493.5,0,1,1,2,SNACKS,40,"TRANS_FAT,PRESERVATIVES,HIGH_CALORIE"
2.5,24.1,17.0,0.2,171.6,438.0,1,0,0,2,DAIRY_PRODUCTS,23,"HIGH_SUGAR,ARTIFICIAL_SWEETENER,LOW_FIBER"
67.1,4.1,2.6,7.5,371.6,281.8,0,0,0,0,HEALTH_SUPPLEMENTS,96,NONE
12.7,11.8,13.6,6.0,386.8,338.4,1,0,0,1,PROTEIN_BAR,50,ARTIFICIAL_SWEETENER
3.4,13.3,7.7,0.0,145.2,272.3,1,1,0,0,DAIRY_PRODUCTS,48,"ARTIFICIAL_SWEETENER,PRESERVATIVES,LOW_FIBER"
7.4,9.3,17.7,2.3,450.5,692.1,0,0,0,3,SNACKS,46,"HIGH_CALORIE,MANY_RISKY_INGREDIENTS"
5.1,18.1,20.0,3.0,416.3,497.8,1,1,0,4,PROTEIN_BAR,18,"HIGH_FAT,ARTIFICIAL_SWEETENER,PRESERVATIVES,MANY_RISKY_INGREDIENTS"
0.6,2.4,0.5,0.4,7.6,26.3,0,0,0,0,BEVERAGES,68,LOW_FIBER
2.2,55.5,37.9,0.2,573.4,136.7,1,0,1,2,CHOCOLATES_CONFECTIONERY,0,"HIGH_SUGAR,HIGH_FAT,TRANS_FAT,ARTIFICIAL_SWEETENER,LOW_FIBER,HIGH_CALORIE"
8.0,2.9,10.6,8.0,414.4,373.4,0,0,0,1,SNACKS,82,NONE
0.3,12.9,0.2,0.0,48.4,114.9,1,1,0,2,BEVERAGES,26,"ARTIFICIAL_SWEETENER,PRESERVATIVES,LOW_FIBER"
3.3,20.7,15.6,0.3,164.9,539.3,0,1,0,2,DAIRY_PRODUCTS,36,"HIGH_SUGAR,PRESERVATIVES,LOW_FIBER"
3.1,31.3,10.7,4.4,438.6,576.7,0,1,0,2,BREAKFAST_CEREAL,30,"HIGH_SUGAR,PRESERVATIVES"
6.3,12.9,6.7,1.0,91.3,342.2,1,0,0,2,DAIRY_PRODUCTS,53,"ARTIFICIAL_SWEETENER,LOW_FIBER"
4.6,57.1,38.2,0.6,533.7,114.6,1,0,0,4,CHOCOLATES_CONFECTIONERY,9,"HIGH_SUGAR,HIGH_FAT,ARTIFICIAL_SWEETENER,LOW_FIBER,HIGH_CALORIE,MANY_RISKY_INGREDIENTS"
2.1,58.4,36.5,1.9,562.8,169.4,1,1,0,3,CHOCOLATES_CONFECTIONERY,6,"HIGH_SUGAR,HIGH_FAT,ARTIFICIAL_SWEETENER,PRESERVATIVES,LOW_FIBER,HIGH_CALORIE,MANY_RISKY_INGREDIENTS"
4.7,11.7,26.7,2.0,395.2,930.1,0,0,0,3,FROZEN_FOODS,31,"HIGH_FAT,HIGH_SODIUM,MANY_RISKY_INGREDIENTS"
4.0,60.6,31.8,0.6,546.9,104.7,1,1,0,3,CHOCOLATES_CONFECTIONERY,14,"HIGH_SUGAR,HIGH_FAT,ARTIFICIAL_SWEETENER,PRESERVATIVES,LOW_FIBER,HIGH_CALORIE,MANY_RISKY_INGREDIENTS"
0.4,31.6,23.5,0.1,312.8,1081.6,1,0,0,2,SAUCES_SPREADS,3,"HIGH_SUGAR,HIGH_FAT,ARTIFICIAL_SWEETENER,LOW_FIBER,HIGH_SODIUM"
3.8,61.9,34.2,1.1,579.5,129.8,1,1,1,3,CHOCOLATES_CONFECTIONERY,0,"HIGH_SUGAR,HIGH_FAT,TRANS_FAT,ARTIFICIAL_SWEETENER,PRESERVATIVES,LOW_FIBER,HIGH_CALORIE,MANY_RISKY_INGREDIENTS"
44.4,10.0,11.6,2.2,407.3,396.5,0,1,0,0,HEALTH_SUPPLEMENTS,68,PRESERVATIVES
3.3,33.1,28.5,1.9,541.1,457.5,1,1,0,5,BISCUITS_COOKIES,0,"HIGH_SUGAR,HIGH_FAT,ARTIFICIAL_SWEETENER,PRESERVATIVES,LOW_FIBER,HIGH_CALORIE,MANY_RISKY_INGREDIENTS"
0.0,10.7,0.5,0.0,52.2,173.4,0,1,0,4,BEVERAGES,25,"PRESERVATIVES,LOW_FIBER,MANY_RISKY_INGREDIENTS"
4.5,10.6,6.0,0.9,146.8,354.4,1,1,0,0,DAIRY_PRODUCTS,48,"ARTIFICIAL_SWEETENER,PRESERVATIVES,LOW_FIBER"
13.4,8.9,6.0,10.3,362.3,157.8,0,1,0,0,BREAKFAST_CEREAL,86,PRESERVATIVES
1.1,22.7,23.2,0.4,362.3,876.9,1,1,0,3,SAUCES_SPREADS,1,"HIGH_SUGAR,HIGH_FAT,ARTIFICIAL_SWEETENER,PRESERVATIVES,LOW_FIBER,HIGH_SODIUM,MANY_RISKY_INGREDIENTS"
7.9,31.1,28.1,1.8,504.7,51.6,0,0,0,2,CHOCOLATES_CONFECTIONERY,48,"HIGH_SUGAR,HIGH_FAT,LOW_FIBER,HIGH_CALORIE"
4.1,33.5,25.2,1.7,512.2,389.8,1,1,0,2,BISCUITS_COOKIES,0,"HIGH_SUGAR,HIGH_FAT,ARTIFICIAL_SWEETENER,PRESERVATIVES,LOW_FIBER,HIGH_CALORIE"
10.9,3.2,3.4,0.4,61.4,104.7,0,0,0,0,DAIRY_PRODUCTS,91,LOW_FIBER
4.4,24.9,17.5,0.2,171.9,523.8,0,1,0,2,DAIRY_PRODUCTS,26,"HIGH_SUGAR,PRESERVATIVES,LOW_FIBER"
3.8,15.3,20.0,1.1,478.7,305.4,1,1,0,2,BISCUITS_COOKIES,13,"HIGH_FAT,ARTIFICIAL_SWEETENER,PRESERVATIVES,LOW_FIBER,HIGH_CALORIE"
9.3,19.3,5.6,5.3,382.5,234.9,0,1,0,2,BREAKFAST_CEREAL,52,PRESERVATIVES
9.1,19.7,6.1,9.5,400.8,201.6,1,1,0,0,BREAKFAST_CEREAL,52,"ARTIFICIAL_SWEETENER,PRESERVATIVES"
0.8,6.4,0.7,0.2,36.5,107.7,0,1,0,0,BEVERAGES,52,"PRESERVATIVES,LOW_FIBER"
0.2,11.0,0.0,0.0,49.0,294.6,1,1,0,4,ENERGY_DRINKS,17,"ARTIFICIAL_SWEETENER,PRESERVATIVES,LOW_FIBER,MANY_RISKY_INGREDIENTS"
1.5,33.4,18.9,0.5,327.6,1445.1,0,1,1,3,SAUCES_SPREADS,0,"HIGH_SUGAR,HIGH_FAT,TRANS_FAT,PRESERVATIVES,LOW_FIBER,HIGH_SODIUM,MANY_RISKY_INGREDIENTS"
5.3,11.2,5.6,0.2,138.0,275.6,1,0,0,1,DAIRY_PRODUCTS,55,"ARTIFICIAL_SWEETENER,LOW_FIBER"
0.0,14.7,0.0,0.0,50.4,302.5,0,1,0,4,ENERGY_DRINKS,20,"PRESERVATIVES,LOW_FIBER,MANY_RISKY_INGREDIENTS"
7.1,2.1,12.7,4.6,415.3,209.8,0,1,0,0,SNACKS,76,PRESERVATIVES
0.4,10.4,0.0,0.0,59.5,330.0,1,0,0,4,ENERGY_DRINKS,17,"ARTIFICIAL_SWEETENER,LOW_FIBER,MANY_RISKY_INGREDIENTS"
1.9,31.7,23.0,0.2,288.2,1091.4,0,1,1,4,SAUCES_SPREADS,0,"HIGH_SUGAR,HIGH_FAT,TRANS_FAT,PRESERVATIVES,LOW_FIBER,HIGH_SODIUM,MANY_RISKY_INGREDIENTS"
2.6,38.5,23.1,1.0,525.1,438.7,1,1,0,4,BISCUITS_COOKIES,0,"HIGH_SUGAR,HIGH_FAT,ARTIFICIAL_SWEETENER,PRESERVATIVES,LOW_FIBER,HIGH_CALORIE,MANY_RISKY_INGREDIENTS"
4.7,11.6,24.8,1.4,350.7,911.0,1,1,1,4,FROZEN_FOODS,0,"HIGH_FAT,TRANS_FAT,ARTIFICIAL_SWEETENER,PRESERVATIVES,LOW_FIBER,HIGH_SODIUM,MANY_RISKY_INGREDIENTS"
9.0,22.8,18.1,4.8,475.9,62.1,0,0,0,0,CHOCOLATES_CONFECTIONERY,69,"HIGH_SUGAR,HIGH_FAT,HIGH_CALORIE"
3.4,53.2,33.5,0.8,560.4,115.1,0,1,0,3,CHOCOLATES_CONFECTIONERY,22,"HIGH_SUGAR,HIGH_FAT,PRESERVATIVES,LOW_FIBER,HIGH_CALORIE,MANY_RISKY_INGREDIENTS"
20.7,10.4,11.5,6.4,393.5,334.2,0,0,0,3,PROTEIN_BAR,64,MANY_RISKY_INGREDIENTS
4.7,6.1,24.5,0.3,468.0,1046.5,0,0,0,5,INSTANT_NOODLES_RTE,18,"HIGH_FAT,LOW_FIBER,HIGH_CALORIE,HIGH_SODIUM,MANY_RISKY_INGREDIENTS"
6.6,10.7,8.0,0.0,118.2,291.0,0,1,0,2,DAIRY_PRODUCTS,56,"PRESERVATIVES,LOW_FIBER"
8.8,4.5,17.1,1.7,421.8,934.3,0,1,0,2,INSTANT_NOODLES_RTE,54,"PRESERVATIVES,LOW_FIBER,HIGH_SODIUM"
2.1,48.8,36.6,0.2,578.3,180.3,1,1,1,4,CHOCOLATES_CONFECTIONERY,0,"HIGH_SUGAR,HIGH_FAT,TRANS_FAT,ARTIFICIAL_SWEETENER,PRESERVATIVES,LOW_FIBER,HIGH_CALORIE,MANY_RISKY_INGREDIENTS"
17.9,17.4,14.5,2.1,402.4,387.2,1,1,0,2,HEALTH_SUPPLEMENTS,33,"ARTIFICIAL_SWEETENER,PRESERVATIVES"
0.6,1.4,0.0,0.0,7.5,99.0,0,0,0,0,ENERGY_DRINKS,75,LOW_FIBER
11.8,4.3,7.9,6.3,162.8,358.9,0,1,0,1,FROZEN_FOODS,83,PRESERVATIVES
5.9,11.2,18.9,1.4,372.5,1197.4,1,1,0,5,FROZEN_FOODS,18,"HIGH_FAT,ARTIFICIAL_SWEETENER,PRESERVATIVES,LOW_FIBER,HIGH_SODIUM,MANY_RISKY_INGREDIENTS"
9.9,20.5,19.9,1.4,488.3,583.3,0,1,0,3,PROTEIN_BAR,14,"HIGH_SUGAR,HIGH_FAT,PRESERVATIVES,LOW_FIBER,HIGH_CALORIE,MANY_RISKY_INGREDIENTS"
2.0,16.2,14.4,0.5,219.5,470.2,0,0,0,3,DAIRY_PRODUCTS,44,"LOW_FIBER,MANY_RISKY_INGREDIENTS"
5.3,8.1,20.9,1.9,453.3,617.5,1,0,0,1,SNACKS,32,"HIGH_FAT,ARTIFICIAL_SWEETENER,LOW_FIBER,HIGH_CALORIE"
6.6,42.4,34.0,1.1,495.1,82.0,0,0,0,1,CHOCOLATES_CONFECTIONERY,42,"HIGH_SUGAR,HIGH_FAT,LOW_FIBER,HIGH_CALORIE"
4.5,6.3,18.5,1.8,495.7,1494.3,1,0,1,3,INSTANT_NOODLES_RTE,4,"HIGH_FAT,TRANS_FAT,ARTIFICIAL_SWEETENER,LOW_FIBER,HIGH_CALORIE,HIGH_SODIUM,MANY_RISKY_INGREDIENTS"
4.3,11.5,6.5,0.6,112.0,365.2,1,0,0,0,DAIRY_PRODUCTS,53,"ARTIFICIAL_SWEETENER,LOW_FIBER"
20.8,19.0,15.2,1.0,423.5,442.6,0,0,0,4,HEALTH_SUPPLEMENTS,37,"LOW_FIBER,MANY_RISKY_INGREDIENTS"
8.8,4.4,16.7,1.1,377.5,944.4,0,0,0,1,INSTANT_NOODLES_RTE,61,"LOW_FIBER,HIGH_SODIUM"
6.3,7.7,12.3,2.2,305.7,631.5,0,1,1,3,FROZEN_FOODS,36,"TRANS_FAT,PRESERVATIVES,MANY_RISKY_INGREDIENTS"
0.8,2.9,0.0,0.4,18.0,12.5,0,0,0,0,BEVERAGES,68,LOW_FIBER
12.0,1.0,5.5,4.4,306.7,569.2,0,1,0,0,INSTANT_NOODLES_RTE,88,PRESERVATIVES
1.0,0.6,0.1,0.5,19.7,14.0,0,0,0,0,BEVERAGES,75,LOW_FIBER
4.7,13.5,27.9,1.1,328.8,1116.3,0,1,1,5,FROZEN_FOODS,7,"HIGH_FAT,TRANS_FAT,PRESERVATIVES,LOW_FIBER,HIGH_SODIUM,MANY_RISKY_INGREDIENTS"
7.6,4.9,12.8,1.8,385.5,814.0,1,1,0,1,INSTANT_NOODLES_RTE,49,"ARTIFICIAL_SWEETENER,PRESERVATIVES,LOW_FIBER,HIGH_SODIUM"
7.3,17.7,16.5,3.6,424.5,82.5,0,0,0,1,CHOCOLATES_CONFECTIONERY,75,NONE
3.4,9.2,21.7,1.6,482.3,660.5,0,0,0,1,SNACKS,36,"HIGH_FAT,LOW_FIBER,HIGH_CALORIE"
4.7,25.7,23.5,0.6,489.5,445.6,1,1,1,5,BISCUITS_COOKIES,0,"HIGH_SUGAR,HIGH_FAT,TRANS_FAT,ARTIFICIAL_SWEETENER,PRESERVATIVES,LOW_FIBER,HIGH_CALORIE,MANY_RISKY_INGREDIENTS"
3.9,9.2,26.7,0.1,353.3,1149.1,0,1,0,5,FROZEN_FOODS,23,"HIGH_FAT,PRESERVATIVES,LOW_FIBER,HIGH_SODIUM,MANY_RISKY_INGREDIENTS"
1.3,11.6,15.0,0.9,256.9,871.5,1,0,0,1,SAUCES_SPREADS,42,"ARTIFICIAL_SWEETENER,LOW_FIBER,HIGH_SODIUM"
5.3,31.4,27.8,2.3,490.9,114.8,1,0,0,2,CHOCOLATES_CONFECTIONERY,45,"HIGH_SUGAR,HIGH_FAT,ARTIFICIAL_SWEETENER,HIGH_CALORIE"
3.1,7.0,19.6,0.5,436.5,1427.5,0,1,0,5,INSTANT_NOODLES_RTE,23,"HIGH_FAT,PRESERVATIVES,LOW_FIBER,HIGH_SODIUM,MANY_RISKY_INGREDIENTS"
3.6,17.4,10.8,0.4,147.7,304.0,1,1,0,3,DAIRY_PRODUCTS,31,"ARTIFICIAL_SWEETENER,PRESERVATIVES,LOW_FIBER,MANY_RISKY_INGREDIENTS"
3.9,35.2,23.7,1.6,513.5,460.9,1,1,0,3,BISCUITS_COOKIES,0,"HIGH_SUGAR,HIGH_FAT,ARTIFICIAL_SWEETENER,PRESERVATIVES,LOW_FIBER,HIGH_CALORIE,MANY_RISKY_INGREDIENTS"
6.9,5.0,12.4,3.8,388.5,810.0,0,1,0,3,INSTANT_NOODLES_RTE,62,"PRESERVATIVES,HIGH_SODIUM,MANY_RISKY_INGREDIENTS"
5.9,20.4,7.8,9.4,380.4,318.0,0,1,0,0,BREAKFAST_CEREAL,56,"HIGH_SUGAR,PRESERVATIVES"
9.9,2.2,6.2,3.2,325.5,558.5,0,0,0,1,INSTANT_NOODLES_RTE,87,NONE
5.4,5.4,15.4,3.8,459.0,650.2,1,1,1,3,SNACKS,22,"TRANS_FAT,ARTIFICIAL_SWEETENER,PRESERVATIVES,HIGH_CALORIE,MANY_RISKY_INGREDIENTS"
1.3,20.8,19.9,0.2,306.0,1013.2,1,1,1,2,SAUCES_SPREADS,0,"HIGH_SUGAR,HIGH_FAT,TRANS_FAT,ARTIFICIAL_SWEETENER,PRESERVATIVES,LOW_FIBER,HIGH_SODIUM"
8.0,16.2,6.1,5.1,373.1,385.4,1,0,0,1,BREAKFAST_CEREAL,51,ARTIFICIAL_SWEETENER
0.3,24.1,20.8,0.2,307.0,1046.8,1,1,0,3,SAUCES_SPREADS,0,"HIGH_SUGAR,HIGH_FAT,ARTIFICIAL_SWEETENER,PRESERVATIVES,LOW_FIBER,HIGH_SODIUM,MANY_RISKY_INGREDIENTS"
21.3,10.9,15.8,6.7,365.5,471.0,0,1,0,2,PROTEIN_BAR,56,PRESERVATIVES
6.6,6.0,13.0,2.9,273.8,501.4,0,1,0,2,FROZEN_FOODS,58,PRESERVATIVES
4.1,9.5,17.5,1.1,448.3,469.8,0,0,0,1,SNACKS,49,LOW_FIBER
3.3,31.9,13.0,2.7,439.7,598.5,0,1,1,4,BREAKFAST_CEREAL,7,"HIGH_SUGAR,TRANS_FAT,PRESERVATIVES,MANY_RISKY_INGREDIENTS"
6.9,5.6,13.9,3.9,376.8,970.8,0,0,1,3,INSTANT_NOODLES_RTE,45,"TRANS_FAT,HIGH_SODIUM,MANY_RISKY_INGREDIENTS"
10.0,24.8,16.1,3.8,430.8,82.2,0,0,0,0,CHOCOLATES_CONFECTIONERY,74,HIGH_SUGAR
3.8,20.5,21.1,2.5,432.9,390.8,1,0,0,3,BISCUITS_COOKIES,21,"HIGH_SUGAR,HIGH_FAT,ARTIFICIAL_SWEETENER,MANY_RISKY_INGREDIENTS"
29.2,3.3,9.5,14.7,375.7,169.3,0,0,0,0,PROTEIN_BAR,100,NONE
8.3,19.4,9.2,4.7,401.6,223.9,0,1,0,1,BREAKFAST_CEREAL,54,PRESERVATIVES
5.7,3.8,2.3,1.9,83.4,135.2,0,0,0,0,DAIRY_PRODUCTS,87,LOW_FIBER
4.6,34.9,24.4,1.0,529.7,363.2,1,1,0,2,BISCUITS_COOKIES,0,"HIGH_SUGAR,HIGH_FAT,ARTIFICIAL_SWEETENER,PRESERVATIVES,LOW_FIBER,HIGH_CALORIE"
5.1,5.7,3.0,1.1,64.0,158.5,0,0,0,0,DAIRY_PRODUCTS,80,LOW_FIBER
10.7,4.6,11.8,5.1,403.8,372.6,0,1,0,1,SNACKS,73,PRESERVATIVES
5.8,31.2,13.7,3.2,425.6,416.5,1,1,0,4,BREAKFAST_CEREAL,22,"HIGH_SUGAR,ARTIFICIAL_SWEETENER,PRESERVATIVES,MANY_RISKY_INGREDIENTS"
69.0,1.9,3.9,5.5,329.2,212.1,0,0,0,0,HEALTH_SUPPLEMENTS,97,NONE
8.5,6.3,4.9,10.4,356.1,136.6,0,0,0,0,BREAKFAST_CEREAL,91,NONE
0.2,2.9,0.0,0.0,17.1,135.0,0,0,0,0,ENERGY_DRINKS,68,LOW_FIBER
6.1,21.1,15.2,6.0,431.0,79.7,0,0,0,0,CHOCOLATES_CONFECTIONERY,74,HIGH_SUGAR
1.2,17.7,13.8,0.1,281.8,718.8,1,1,0,2,SAUCES_SPREADS,28,"ARTIFICIAL_SWEETENER,PRESERVATIVES,LOW_FIBER"
5.6,11.9,11.4,4.2,418.5,252.9,0,0,0,1,BISCUITS_COOKIES,58,NONE
1.6,24.1,22.8,0.2,339.0,917.2,1,1,0,2,SAUCES_SPREADS,8,"HIGH_SUGAR,HIGH_FAT,ARTIFICIAL_SWEETENER,PRESERVATIVES,LOW_FIBER,HIGH_SODIUM"
14.3,14.6,16.4,4.6,395.2,244.1,0,1,1,1,PROTEIN_BAR,29,"TRANS_FAT,PRESERVATIVES"
55.6,11.7,8.4,3.2,379.1,221.6,0,1,0,2,HEALTH_SUPPLEMENTS,66,PRESERVATIVES
0.0,12.6,0.0,0.0,47.7,240.1,1,1,0,4,ENERGY_DRINKS,17,"ARTIFICIAL_SWEETENER,PRESERVATIVES,LOW_FIBER,MANY_RISKY_INGREDIENTS"
70.4,3.7,2.8,4.0,305.2,230.3,0,0,0,0,HEALTH_SUPPLEMENTS,97,NONE
5.3,5.0,20.7,0.2,487.1,1614.9,1,0,0,3,INSTANT_NOODLES_RTE,25,"HIGH_FAT,ARTIFICIAL_SWEETENER,LOW_FIBER,HIGH_CALORIE,HIGH_SODIUM,MANY_RISKY_INGREDIENTS"
8.0,3.7,2.4,1.3,94.6,127.0,0,0,0,0,DAIRY_PRODUCTS,91,LOW_FIBER
4.4,50.0,30.4,0.4,532.0,59.8,1,1,1,3,CHOCOLATES_CONFECTIONERY,6,"HIGH_SUGAR,HIGH_FAT,TRANS_FAT,ARTIFICIAL_SWEETENER,PRESERVATIVES,LOW_FIBER,HIGH_CALORIE,MANY_RISKY_INGREDIENTS"
43.9,11.6,7.2,4.6,418.2,272.5,1,0,0,1,HEALTH_SUPPLEMENTS,65,ARTIFICIAL_SWEETENER
0.8,9.9,0.0,0.0,46.0,281.8,1,1,0,2,ENERGY_DRINKS,21,"ARTIFICIAL_SWEETENER,PRESERVATIVES,LOW_FIBER"
19.6,16.2,17.4,5.2,418.9,264.7,1,1,0,3,PROTEIN_BAR,30,"ARTIFICIAL_SWEETENER,PRESERVATIVES,MANY_RISKY_INGREDIENTS"
5.8,6.7,23.4,0.1,444.3,1779.4,1,1,0,5,INSTANT_NOODLES_RTE,14,"HIGH_FAT,ARTIFICIAL_SWEETENER,PRESERVATIVES,LOW_FIBER,HIGH_SODIUM,MANY_RISKY_INGREDIENTS"
7.5,14.1,6.2,7.1,393.4,272.0,0,1,0,2,BREAKFAST_CEREAL,59,PRESERVATIVES
4.6,6.3,24.4,2.0,479.7,1742.3,1,1,1,5,INSTANT_NOODLES_RTE,0,"HIGH_FAT,TRANS_FAT,ARTIFICIAL_SWEETENER,PRESERVATIVES,HIGH_CALORIE,HIGH_SODIUM,MANY_RISKY_INGREDIENTS"
7.6,4.1,15.3,3.4,383.6,994.6,0,1,0,3,INSTANT_NOODLES_RTE,57,"PRESERVATIVES,HIGH_SODIUM,MANY_RISKY_INGREDIENTS"
6.4,32.8,29.0,1.1,509.9,146.3,0,1,0,2,CHOCOLATES_CONFECTIONERY,43,"HIGH_SUGAR,HIGH_FAT,PRESERVATIVES,LOW_FIBER,HIGH_CALORIE"
1.5,14.0,11.7,1.0,282.4,655.2,1,0,0,2,SAUCES_SPREADS,40,"ARTIFICIAL_SWEETENER,LOW_FIBER"
7.1,15.2,9.1,9.6,381.4,337.7,0,1,0,1,BREAKFAST_CEREAL,54,PRESERVATIVES
17.2,9.0,17.9,6.8,380.6,385.5,0,0,1,0,PROTEIN_BAR,51,TRANS_FAT
0.7,6.7,0.1,0.3,37.0,50.9,0,0,0,0,BEVERAGES,57,LOW_FIBER
4.5,4.9,21.0,1.4,469.7,688.2,0,1,0,3,SNACKS,34,"HIGH_FAT,PRESERVATIVES,LOW_FIBER,HIGH_CALORIE,MANY_RISKY_INGREDIENTS"
5.5,8.7,7.3,0.9,102.3,265.3,0,1,0,0,DAIRY_PRODUCTS,66,"PRESERVATIVES,LOW_FIBER"
0.7,21.1,22.2,0.3,364.3,1475.5,1,1,0,4,SAUCES_SPREADS,0,"HIGH_SUGAR,HIGH_FAT,ARTIFICIAL_SWEETENER,PRESERVATIVES,LOW_FIBER,HIGH_SODIUM,MANY_RISKY_INGREDIENTS"
11.0,18.4,16.1,4.3,483.0,678.4,1,1,1,2,PROTEIN_BAR,2,"TRANS_FAT,ARTIFICIAL_SWEETENER,PRESERVATIVES,HIGH_CALORIE"
2.4,21.4,17.6,0.1,199.5,396.2,1,1,1,4,DAIRY_PRODUCTS,9,"HIGH_SUGAR,TRANS_FAT,ARTIFICIAL_SWEETENER,PRESERVATIVES,LOW_FIBER,MANY_RISKY_INGREDIENTS"
3.0,22.9,17.9,3.0,435.3,472.7,0,1,0,2,BISCUITS_COOKIES,25,"HIGH_SUGAR,PRESERVATIVES"
37.0,5.1,9.6,3.0,404.7,408.4,1,0,0,1,HEALTH_SUPPLEMENTS,71,ARTIFICIAL_SWEETENER
7.4,7.5,10.3,3.9,319.4,679.3,0,0,0,3,FROZEN_FOODS,60,MANY_RISKY_INGREDIENTS
3.3,40.8,28.7,1.4,507.2,147.4,1,0,0,2,CHOCOLATES_CONFECTIONERY,28,"HIGH_SUGAR,HIGH_FAT,ARTIFICIAL_SWEETENER,LOW_FIBER,HIGH_CALORIE"
1.8,23.1,28.3,0.2,392.9,996.7,1,1,0,4,SAUCES_SPREADS,0,"HIGH_SUGAR,HIGH_FAT,ARTIFICIAL_SWEETENER,PRESERVATIVES,LOW_FIBER,HIGH_SODIUM,MANY_RISKY_INGREDIENTS"
7.3,19.4,24.9,4.0,453.0,78.6,0,0,0,0,CHOCOLATES_CONFECTIONERY,68,"HIGH_FAT,HIGH_CALORIE"
2.7,29.5,22.8,1.3,492.7,377.2,1,1,0,5,BISCUITS_COOKIES,0,"HIGH_SUGAR,HIGH_FAT,ARTIFICIAL_SWEETENER,PRESERVATIVES,LOW_FIBER,HIGH_CALORIE,MANY_RISKY_INGREDIENTS"
8.3,2.3,17.2,2.7,402.1,864.9,0,0,0,1,INSTANT_NOODLES_RTE,66,HIGH_SODIUM
4.0,9.1,28.2,1.3,565.8,887.3,1,1,0,3,SNACKS,19,"HIGH_FAT,ARTIFICIAL_SWEETENER,PRESERVATIVES,LOW_FIBER,HIGH_CALORIE,HIGH_SODIUM,MANY_RISKY_INGREDIENTS"
1.4,24.9,20.6,0.0,365.0,1152.4,1,1,0,4,SAUCES_SPREADS,0,"HIGH_SUGAR,HIGH_FAT,ARTIFICIAL_SWEETENER,PRESERVATIVES,LOW_FIBER,HIGH_SODIUM,MANY_RISKY_INGREDIENTS"
4.2,4.3,6.5,1.9,95.9,226.9,0,0,0,0,SAUCES_SPREADS,77,LOW_FIBER
31.9,5.4,9.9,3.2,379.2,372.6,1,0,0,2,HEALTH_SUPPLEMENTS,69,ARTIFICIAL_SWEETENER
7.2,40.8,27.3,2.9,513.2,95.2,0,1,0,1,CHOCOLATES_CONFECTIONERY,42,"HIGH_SUGAR,HIGH_FAT,PRESERVATIVES,HIGH_CALORIE"
5.0,8.0,15.5,3.5,459.6,561.0,1,1,0,1,SNACKS,44,"ARTIFICIAL_SWEETENER,PRESERVATIVES,HIGH_CALORIE"
9.2,4.0,3.9,1.2,57.3,112.1,0,0,0,0,DAIRY_PRODUCTS,91,LOW_FIBER
0.5,7.5,0.8,0.1,43.9,101.4,0,1,0,2,BEVERAGES,48,"PRESERVATIVES,LOW_FIBER"
5.5,2.7,16.6,2.8,405.1,886.9,0,1,0,3,INSTANT_NOODLES_RTE,53,"PRESERVATIVES,HIGH_SODIUM,MANY_RISKY_INGREDIENTS"
2.5,12.4,10.6,0.2,262.6,639.6,0,1,0,2,SAUCES_SPREADS,43,"PRESERVATIVES,LOW_FIBER"
3.0,29.5,24.4,1.6,538.2,398.9,1,0,0,3,BISCUITS_COOKIES,1,"HIGH_SUGAR,HIGH_FAT,ARTIFICIAL_SWEETENER,LOW_FIBER,HIGH_CALORIE,MANY_RISKY_INGREDIENTS"
34.2,6.9,11.8,6.8,317.1,105.1,0,0,0,1,PROTEIN_BAR,89,NONE
31.9,3.8,5.9,9.2,307.3,179.0,0,0,0,1,PROTEIN_BAR,100,NONE
4.8,11.8,23.7,0.7,372.6,1073.4,1,1,1,5,FROZEN_FOODS,0,"HIGH_FAT,TRANS_FAT,ARTIFICIAL_SWEETENER,PRESERVATIVES,LOW_FIBER,HIGH_SODIUM,MANY_RISKY_INGREDIENTS"
8.4,5.2,13.0,3.2,273.3,666.9,1,0,1,1,FROZEN_FOODS,45,"TRANS_FAT,ARTIFICIAL_SWEETENER"
82.3,4.0,7.6,6.1,354.0,100.7,0,0,0,0,HEALTH_SUPPLEMENTS,97,NONE
7.2,2.5,11.2,5.6,414.5,386.3,0,1,0,0,SNACKS,71,PRESERVATIVES
68.5,2.0,3.1,5.3,344.3,145.4,0,0,0,0,HEALTH_SUPPLEMENTS,100,NONE
3.2,17.4,20.8,2.4,451.7,424.7,1,1,0,3,BISCUITS_COOKIES,11,"HIGH_FAT,ARTIFICIAL_SWEETENER,PRESERVATIVES,HIGH_CALORIE,MANY_RISKY_INGREDIENTS"
2.5,7.1,2.5,1.2,155.2,344.4,0,0,0,0,SAUCES_SPREADS,69,LOW_FIBER
0.6,0.1,0.4,0.9,17.7,67.4,0,0,0,0,BEVERAGES,75,LOW_FIBER
0.5,14.4,0.0,0.0,64.7,295.0,1,1,0,2,ENERGY_DRINKS,16,"ARTIFICIAL_SWEETENER,PRESERVATIVES,LOW_FIBER"
3.6,4.7,5.7,0.5,115.2,263.1,0,1,0,0,SAUCES_SPREADS,72,"PRESERVATIVES,LOW_FIBER"
3.2,40.1,27.1,3.0,506.7,78.9,1,0,0,1,CHOCOLATES_CONFECTIONERY,39,"HIGH_SUGAR,HIGH_FAT,ARTIFICIAL_SWEETENER,HIGH_CALORIE"
11.9,4.8,4.4,0.1,67.4,197.5,0,0,0,0,DAIRY_PRODUCTS,91,LOW_FIBER
14.6,14.1,12.8,4.5,364.5,322.7,0,1,0,2,PROTEIN_BAR,47,PRESERVATIVES
6.5,2.9,15.8,3.1,402.7,716.7,1,1,0,3,INSTANT_NOODLES_RTE,49,"ARTIFICIAL_SWEETENER,PRESERVATIVES,MANY_RISKY_INGREDIENTS"
0.3,5.4,0.0,0.0,36.4,263.7,0,1,0,1,ENERGY_DRINKS,45,"PRESERVATIVES,LOW_FIBER"
3.7,22.7,16.8,1.6,448.9,348.1,1,1,0,1,BISCUITS_COOKIES,10,"HIGH_SUGAR,ARTIFICIAL_SWEETENER,PRESERVATIVES,LOW_FIBER"
9.5,4.9,9.8,3.7,164.5,355.3,0,0,0,0,FROZEN_FOODS,86,NONE
8.4,3.5,9.8,4.7,185.6,499.5,0,0,0,0,FROZEN_FOODS,86,NONE
0.2,7.6,0.4,0.1,28.2,96.7,0,0,0,0,BEVERAGES,57,LOW_FIBER
4.2,26.0,12.9,1.2,436.9,625.0,1,1,0,3,BREAKFAST_CEREAL,6,"HIGH_SUGAR,ARTIFICIAL_SWEETENER,PRESERVATIVES,LOW_FIBER,MANY_RISKY_INGREDIENTS"
7.4,5.8,3.0,1.9,54.4,145.5,0,0,0,0,DAIRY_PRODUCTS,80,LOW_FIBER
3.7,14.0,22.3,0.3,550.0,732.9,1,1,1,3,SNACKS,0,"HIGH_FAT,TRANS_FAT,ARTIFICIAL_SWEETENER,PRESERVATIVES,LOW_FIBER,HIGH_CALORIE,MANY_RISKY_INGREDIENTS"
6.2,28.0,19.3,2.3,400.0,656.4,1,1,0,4,PROTEIN_BAR,0,"HIGH_SUGAR,HIGH_FAT,ARTIFICIAL_SWEETENER,PRESERVATIVES,MANY_RISKY_INGREDIENTS"
11.2,31.3,24.1,3.2,459.8,438.3,0,1,0,3,PROTEIN_BAR,13,"HIGH_SUGAR,HIGH_FAT,PRESERVATIVES,HIGH_CALORIE,MANY_RISKY_INGREDIENTS"
0.3,1.4,0.1,0.9,11.1,61.8,0,0,0,0,BEVERAGES,75,LOW_FIBER
3.9,17.1,18.9,3.8,460.4,325.8,1,1,0,3,BISCUITS_COOKIES,20,"HIGH_FAT,ARTIFICIAL_SWEETENER,PRESERVATIVES,HIGH_CALORIE,MANY_RISKY_INGREDIENTS"
4.7,8.1,7.7,1.0,111.0,391.4,0,1,0,2,DAIRY_PRODUCTS,58,"PRESERVATIVES,LOW_FIBER"
47.8,10.4,9.3,3.4,413.9,335.6,0,0,0,2,HEALTH_SUPPLEMENTS,71,NONE
2.1,47.6,31.1,1.2,534.6,74.9,1,1,0,4,CHOCOLATES_CONFECTIONERY,19,"HIGH_SUGAR,HIGH_FAT,ARTIFICIAL_SWEETENER,PRESERVATIVES,LOW_FIBER,HIGH_CALORIE,MANY_RISKY_INGREDIENTS"
14.5,7.4,8.0,14.9,373.4,105.0,0,0,0,0,BREAKFAST_CEREAL,91,NONE
4.4,24.7,14.9,0.3,181.5,415.9,1,1,1,4,DAIRY_PRODUCTS,4,"HIGH_SUGAR,TRANS_FAT,ARTIFICIAL_SWEETENER,PRESERVATIVES,LOW_FIBER,MANY_RISKY_INGREDIENTS"
5.3,9.8,20.6,1.5,487.9,494.6,0,1,1,1,SNACKS,23,"HIGH_FAT,TRANS_FAT,PRESERVATIVES,LOW_FIBER,HIGH_CALORIE"
2.4,17.8,15.9,0.4,168.3,348.0,1,1,0,4,DAIRY_PRODUCTS,24,"ARTIFICIAL_SWEETENER,PRESERVATIVES,LOW_FIBER,MANY_RISKY_INGREDIENTS"
11.9,22.4,19.7,4.4,426.4,69.2,0,0,0,0,CHOCOLATES_CONFECTIONERY,74,"HIGH_SUGAR,HIGH_FAT"
5.2,13.2,8.6,0.2,143.3,293.3,1,0,0,1,DAIRY_PRODUCTS,55,"ARTIFICIAL_SWEETENER,LOW_FIBER"
5.1,39.1,10.1,4.4,424.4,449.2,1,1,0,4,BREAKFAST_CEREAL,22,"HIGH_SUGAR,ARTIFICIAL_SWEETENER,PRESERVATIVES,MANY_RISKY_INGREDIENTS"
2.6,3.0,3.2,0.8,194.3,429.3,0,0,0,1,SAUCES_SPREADS,74,LOW_FIBER
5.2,4.3,24.5,0.8,450.0,1269.5,0,0,1,5,INSTANT_NOODLES_RTE,14,"HIGH_FAT,TRANS_FAT,LOW_FIBER,HIGH_SODIUM,MANY_RISKY_INGREDIENTS"
0.8,24.0,20.4,0.3,360.3,1428.8,1,1,0,4,SAUCES_SPREADS,0,"HIGH_SUGAR,HIGH_FAT,ARTIFICIAL_SWEETENER,PRESERVATIVES,LOW_FIBER,HIGH_SODIUM,MANY_RISKY_INGREDIENTS"
12.3,15.3,16.3,5.7,378.2,455.3,0,0,0,0,PROTEIN_BAR,44,NONE
23.7,22.5,13.9,2.5,443.1,301.4,1,0,0,3,HEALTH_SUPPLEMENTS,31,"HIGH_SUGAR,ARTIFICIAL_SWEETENER,MANY_RISKY_INGREDIENTS"
8.3,3.3,6.5,4.6,345.1,474.7,0,1,0,1,INSTANT_NOODLES_RTE,82,PRESERVATIVES
9.4,4.0,3.3,1.0,66.7,69.0,0,0,0,0,DAIRY_PRODUCTS,91,LOW_FIBER
0.0,13.2,0.1,0.0,53.3,199.4,1,1,0,3,BEVERAGES,19,"ARTIFICIAL_SWEETENER,PRESERVATIVES,LOW_FIBER,MANY_RISKY_INGREDIENTS"
67.3,2.5,4.1,5.9,309.3,118.5,0,0,0,0,HEALTH_SUPPLEMENTS,100,NONE
4.2,56.4,35.9,0.2,520.1,57.2,1,0,0,3,CHOCOLATES_CONFECTIONERY,11,"HIGH_SUGAR,HIGH_FAT,ARTIFICIAL_SWEETENER,LOW_FIBER,HIGH_CALORIE,MANY_RISKY_INGREDIENTS"
9.7,6.8,12.2,3.8,233.2,793.7,0,1,0,1,FROZEN_FOODS,63,PRESERVATIVES
6.3,23.9,16.0,5.2,464.8,71.9,0,0,0,1,CHOCOLATES_CONFECTIONERY,63,"HIGH_SUGAR,HIGH_CALORIE"
61.7,4.2,2.9,3.1,378.3,243.5,0,0,0,0,HEALTH_SUPPLEMENTS,92,NONE
4.4,31.7,24.6,1.5,535.5,508.6,0,1,0,3,BISCUITS_COOKIES,4,"HIGH_SUGAR,HIGH_FAT,PRESERVATIVES,LOW_FIBER,HIGH_CALORIE,MANY_RISKY_INGREDIENTS"
2.8,63.3,33.0,1.1,569.7,110.3,1,1,1,4,CHOCOLATES_CONFECTIONERY,0,"HIGH_SUGAR,HIGH_FAT,TRANS_FAT,ARTIFICIAL_SWEETENER,PRESERVATIVES,LOW_FIBER,HIGH_CALORIE,MANY_RISKY_INGREDIENTS"
70.8,4.1,4.7,3.6,302.2,162.6,0,0,0,0,HEALTH_SUPPLEMENTS,100,NONE
4.9,14.5,32.7,1.4,553.1,751.9,0,0,0,6,SNACKS,20,"HIGH_FAT,LOW_FIBER,HIGH_CALORIE,MANY_RISKY_INGREDIENTS"
1.8,2.4,0.0,0.2,21.4,81.3,0,0,0,0,BEVERAGES,63,LOW_FIBER
0.3,32.0,25.3,0.5,358.1,1301.3,0,1,0,3,SAUCES_SPREADS,0,"HIGH_SUGAR,HIGH_FAT,PRESERVATIVES,LOW_FIBER,HIGH_SODIUM,MANY_RISKY_INGREDIENTS"
21.7,2.6,5.4,8.2,379.5,204.5,0,0,0,1,PROTEIN_BAR,85,NONE
8.5,4.9,13.3,2.8,401.3,747.6,0,0,0,3,INSTANT_NOODLES_RTE,67,MANY_RISKY_INGREDIENTS
0.0,7.0,0.0,0.0,31.4,106.1,0,0,0,1,ENERGY_DRINKS,55,LOW_FIBER
0.9,22.2,19.2,0.1,375.8,1055.1,0,1,0,2,SAUCES_SPREADS,6,"HIGH_SUGAR,HIGH_FAT,PRESERVATIVES,LOW_FIBER,HIGH_SODIUM"
3.2,5.1,30.8,1.4,550.3,871.0,1,1,1,4,SNACKS,2,"HIGH_FAT,TRANS_FAT,ARTIFICIAL_SWEETENER,PRESERVATIVES,LOW_FIBER,HIGH_CALORIE,HIGH_SODIUM,MANY_RISKY_INGREDIENTS"
9.5,5.1,2.5,1.8,92.2,85.0,0,0,0,0,DAIRY_PRODUCTS,84,LOW_FIBER
1.1,5.9,5.2,1.1,168.5,312.7,0,1,0,1,SAUCES_SPREADS,58,"PRESERVATIVES,LOW_FIBER"
1.8,2.0,0.3,0.6,21.8,95.3,0,0,0,0,BEVERAGES,70,LOW_FIBER
9.5,3.2,3.5,1.6,67.7,64.2,0,0,0,0,DAIRY_PRODUCTS,91,LOW_FIBER
4.0,21.9,21.8,3.2,454.6,400.1,0,1,0,3,BISCUITS_COOKIES,23,"HIGH_SUGAR,HIGH_FAT,PRESERVATIVES,HIGH_CALORIE,MANY_RISKY_INGREDIENTS"
4.4,13.9,27.6,1.3,333.3,1101.3,0,1,0,4,FROZEN_FOODS,24,"HIGH_FAT,PRESERVATIVES,LOW_FIBER,HIGH_SODIUM,MANY_RISKY_INGREDIENTS"
3.7,6.9,20.1,1.4,479.0,1147.8,1,1,0,4,INSTANT_NOODLES_RTE,7,"HIGH_FAT,ARTIFICIAL_SWEETENER,PRESERVATIVES,LOW_FIBER,HIGH_CALORIE,HIGH_SODIUM,MANY_RISKY_INGREDIENTS"
2.0,4.6,5.8,0.3,164.7,309.3,0,1,0,1,SAUCES_SPREADS,65,"PRESERVATIVES,LOW_FIBER"
3.3,20.2,17.9,0.5,173.2,505.6,0,0,0,4,DAIRY_PRODUCTS,37,"HIGH_SUGAR,LOW_FIBER,MANY_RISKY_INGREDIENTS"
9.3,3.3,9.2,4.9,208.6,468.4,0,0,0,1,FROZEN_FOODS,84,NONE
2.6,18.6,17.8,0.5,157.9,319.9,0,1,0,3,DAIRY_PRODUCTS,34,"PRESERVATIVES,LOW_FIBER,MANY_RISKY_INGREDIENTS"
0.8,5.5,0.0,0.0,26.0,200.8,0,0,0,2,ENERGY_DRINKS,48,LOW_FIBER
7.8,3.2,12.3,2.7,428.4,822.8,0,1,0,2,INSTANT_NOODLES_RTE,60,"PRESERVATIVES,HIGH_SODIUM"
3.5,6.3,29.4,1.0,541.4,1139.5,1,1,0,4,SNACKS,7,"HIGH_FAT,ARTIFICIAL_SWEETENER,PRESERVATIVES,LOW_FIBER,HIGH_CALORIE,HIGH_SODIUM,MANY_RISKY_INGREDIENTS"
0.3,11.7,0.3,0.0,56.0,167.1,0,0,0,4,BEVERAGES,30,"LOW_FIBER,MANY_RISKY_INGREDIENTS"
1.1,18.1,11.4,0.9,198.5,522.8,0,0,0,1,SAUCES_SPREADS,46,LOW_FIBER
70.3,4.7,4.3,2.6,324.2,199.6,0,0,0,0,HEALTH_SUPPLEMENTS,98,NONE
1.7,18.9,9.5,0.6,296.5,638.0,1,1,0,1,SAUCES_SPREADS,34,"ARTIFICIAL_SWEETENER,PRESERVATIVES,LOW_FIBER"
27.1,13.8,12.5,1.9,470.8,358.5,1,0,1,3,HEALTH_SUPPLEMENTS,28,"TRANS_FAT,ARTIFICIAL_SWEETENER,LOW_FIBER,HIGH_CALORIE,MANY_RISKY_INGREDIENTS"
0.6,9.4,0.4,0.4,28.2,155.2,1,0,0,1,BEVERAGES,33,"ARTIFICIAL_SWEETENER,LOW_FIBER"
8.1,4.5,3.4,0.6,71.4,146.9,0,0,0,0,DAIRY_PRODUCTS,91,LOW_FIBER
5.2,4.7,25.0,1.7,448.2,1156.1,0,1,1,4,INSTANT_NOODLES_RTE,16,"HIGH_FAT,TRANS_FAT,PRESERVATIVES,LOW_FIBER,HIGH_SODIUM,MANY_RISKY_INGREDIENTS"
2.8,56.9,32.8,0.2,561.1,71.4,1,1,1,3,CHOCOLATES_CONFECTIONERY,0,"HIGH_SUGAR,HIGH_FAT,TRANS_FAT,ARTIFICIAL_SWEETENER,PRESERVATIVES,LOW_FIBER,HIGH_CALORIE,MANY_RISKY_INGREDIENTS"
2.0,32.8,27.0,0.3,330.6,1311.4,1,1,1,4,SAUCES_SPREADS,0,"HIGH_SUGAR,HIGH_FAT,TRANS_FAT,ARTIFICIAL_SWEETENER,PRESERVATIVES,LOW_FIBER,HIGH_SODIUM,MANY_RISKY_INGREDIENTS"
0.2,6.2,0.0,0.0,47.6,268.1,0,1,0,1,ENERGY_DRINKS,45,"PRESERVATIVES,LOW_FIBER"
3.3,13.8,9.9,0.6,113.5,278.0,1,0,0,2,DAIRY_PRODUCTS,49,"ARTIFICIAL_SWEETENER,LOW_FIBER"
0.0,7.5,0.0,0.0,28.1,267.6,0,1,0,1,ENERGY_DRINKS,45,"PRESERVATIVES,LOW_FIBER"
4.0,29.3,23.9,0.3,533.0,507.2,1,0,1,5,BISCUITS_COOKIES,0,"HIGH_SUGAR,HIGH_FAT,TRANS_FAT,ARTIFICIAL_SWEETENER,LOW_FIBER,HIGH_CALORIE,MANY_RISKY_INGREDIENTS"
1.2,24.6,22.6,0.1,366.7,1295.4,0,0,0,4,SAUCES_SPREADS,2,"HIGH_SUGAR,HIGH_FAT,LOW_FIBER,HIGH_SODIUM,MANY_RISKY_INGREDIENTS"
25.2,3.7,7.9,12.1,369.6,154.8,0,0,0,0,PROTEIN_BAR,100,NONE
2.9,45.1,35.2,0.3,522.7,154.7,1,1,0,3,CHOCOLATES_CONFECTIONERY,13,"HIGH_SUGAR,HIGH_FAT,ARTIFICIAL_SWEETENER,PRESERVATIVES,LOW_FIBER,HIGH_CALORIE,MANY_RISKY_INGREDIENTS"
3.7,57.8,31.0,0.1,539.8,173.2,1,0,1,4,CHOCOLATES_CONFECTIONERY,2,"HIGH_SUGAR,HIGH_FAT,TRANS_FAT,ARTIFICIAL_SWEETENER,LOW_FIBER,HIGH_CALORIE,MANY_RISKY_INGREDIENTS"
3.4,54.3,32.7,1.8,525.3,71.7,1,1,0,3,CHOCOLATES_CONFECTIONERY,14,"HIGH_SUGAR,HIGH_FAT,ARTIFICIAL_SWEETENER,PRESERVATIVES,LOW_FIBER,HIGH_CALORIE,MANY_RISKY_INGREDIENTS"
1.2,27.3,21.9,0.2,360.9,845.7,1,1,0,4,SAUCES_SPREADS,0,"HIGH_SUGAR,HIGH_FAT,ARTIFICIAL_SWEETENER,PRESERVATIVES,LOW_FIBER,HIGH_SODIUM,MANY_RISKY_INGREDIENTS"
27.8,19.8,12.2,1.4,432.7,406.1,0,1,0,3,HEALTH_SUPPLEMENTS,44,"PRESERVATIVES,LOW_FIBER,MANY_RISKY_INGREDIENTS"
16.3,8.5,17.9,5.5,351.7,362.4,1,1,0,1,PROTEIN_BAR,47,"ARTIFICIAL_SWEETENER,PRESERVATIVES"
4.1,9.4,5.3,0.2,116.8,275.9,0,1,0,0,DAIRY_PRODUCTS,62,"PRESERVATIVES,LOW_FIBER"
0.0,0.8,0.5,0.9,15.4,57.6,0,0,0,0,BEVERAGES,75,LOW_FIBER
0.0,21.3,26.1,0.2,378.3,808.4,1,0,0,3,SAUCES_SPREADS,16,"HIGH_SUGAR,HIGH_FAT,ARTIFICIAL_SWEETENER,LOW_FIBER,HIGH_SODIUM,MANY_RISKY_INGREDIENTS"
9.9,4.9,17.9,3.1,304.3,526.9,0,0,0,3,FROZEN_FOODS,71,MANY_RISKY_INGREDIENTS
22.1,3.2,7.5,6.5,312.5,113.1,0,1,0,0,PROTEIN_BAR,92,PRESERVATIVES
4.3,6.2,18.5,1.2,450.3,1076.2,1,1,0,4,INSTANT_NOODLES_RTE,12,"HIGH_FAT,ARTIFICIAL_SWEETENER,PRESERVATIVES,LOW_FIBER,HIGH_CALORIE,HIGH_SODIUM,MANY_RISKY_INGREDIENTS"
2.4,16.1,8.2,0.2,237.4,678.2,0,1,0,1,SAUCES_SPREADS,42,"PRESERVATIVES,LOW_FIBER"
8.5,2.3,15.5,3.8,408.4,836.5,0,1,0,2,INSTANT_NOODLES_RTE,63,"PRESERVATIVES,HIGH_SODIUM"
1.0,7.3,0.1,0.5,25.5,132.5,0,0,0,2,BEVERAGES,53,LOW_FIBER
5.3,4.3,20.7,0.5,487.4,1580.0,1,0,0,3,INSTANT_NOODLES_RTE,25,"HIGH_FAT,ARTIFICIAL_SWEETENER,LOW_FIBER,HIGH_CALORIE,HIGH_SODIUM,MANY_RISKY_INGREDIENTS"
8.7,5.9,10.1,7.8,382.3,431.7,0,0,0,1,SNACKS,75,NONE
83.7,1.8,3.8,4.9,330.5,233.5,0,0,0,0,HEALTH_SUPPLEMENTS,97,NONE
1.6,26.6,27.0,0.4,391.4,1207.7,1,1,0,4,SAUCES_SPREADS,0,"HIGH_SUGAR,HIGH_FAT,ARTIFICIAL_SWEETENER,PRESERVATIVES,LOW_FIBER,HIGH_SODIUM,MANY_RISKY_INGREDIENTS"
6.2,2.0,13.2,5.8,403.0,302.4,0,0,0,0,SNACKS,76,NONE
1.7,2.2,0.3,0.5,10.2,49.8,0,0,0,0,BEVERAGES,68,LOW_FIBER
12.3,26.7,23.5,4.7,453.7,386.0,1,0,0,4,PROTEIN_BAR,8,"HIGH_SUGAR,HIGH_FAT,ARTIFICIAL_SWEETENER,HIGH_CALORIE,MANY_RISKY_INGREDIENTS"
6.7,11.1,27.5,0.2,306.1,1041.7,1,1,0,3,FROZEN_FOODS,22,"HIGH_FAT,ARTIFICIAL_SWEETENER,PRESERVATIVES,LOW_FIBER,HIGH_SODIUM,MANY_RISKY_INGREDIENTS"
6.7,4.2,17.2,2.5,290.4,520.2,0,1,1,2,FROZEN_FOODS,45,"TRANS_FAT,PRESERVATIVES"
4.4,26.1,23.6,1.3,511.0,387.2,1,1,1,5,BISCUITS_COOKIES,0,"HIGH_SUGAR,HIGH_FAT,TRANS_FAT,ARTIFICIAL_SWEETENER,PRESERVATIVES,LOW_FIBER,HIGH_CALORIE,MANY_RISKY_INGREDIENTS"
5.7,40.5,31.3,2.9,519.8,105.7,0,0,0,1,CHOCOLATES_CONFECTIONERY,47,"HIGH_SUGAR,HIGH_FAT,HIGH_CALORIE"
0.5,13.6,0.3,0.0,41.8,81.2,0,1,0,3,BEVERAGES,32,"PRESERVATIVES,LOW_FIBER,MANY_RISKY_INGREDIENTS"
4.4,4.4,24.7,0.2,495.7,1249.0,1,0,0,4,INSTANT_NOODLES_RTE,19,"HIGH_FAT,ARTIFICIAL_SWEETENER,LOW_FIBER,HIGH_CALORIE,HIGH_SODIUM,MANY_RISKY_INGREDIENTS"
10.0,6.4,10.8,2.3,236.0,585.7,0,1,1,1,FROZEN_FOODS,49,"TRANS_FAT,PRESERVATIVES"
6.9,18.7,17.5,2.9,478.1,494.1,1,1,0,2,BISCUITS_COOKIES,22,"ARTIFICIAL_SWEETENER,PRESERVATIVES,HIGH_CALORIE"
6.9,31.0,15.5,4.3,427.4,695.5,1,1,0,5,PROTEIN_BAR,1,"HIGH_SUGAR,ARTIFICIAL_SWEETENER,PRESERVATIVES,MANY_RISKY_INGREDIENTS"
9.9,1.1,8.2,6.2,375.7,537.3,0,1,0,0,INSTANT_NOODLES_RTE,83,PRESERVATIVES
0.9,5.0,0.6,0.2,31.9,144.1,0,1,0,0,BEVERAGES,58,"PRESERVATIVES,LOW_FIBER"
5.5,5.6,16.5,3.5,496.1,668.4,0,1,1,1,SNACKS,34,"TRANS_FAT,PRESERVATIVES,HIGH_CALORIE"
12.7,6.0,6.0,8.2,368.0,261.5,0,0,0,0,BREAKFAST_CEREAL,82,NONE
4.1,7.4,18.8,1.2,472.0,1687.9,0,0,0,4,INSTANT_NOODLES_RTE,25,"HIGH_FAT,LOW_FIBER,HIGH_CALORIE,HIGH_SODIUM,MANY_RISKY_INGREDIENTS"
5.2,8.7,11.7,7.2,427.4,307.7,0,0,0,0,BISCUITS_COOKIES,70,NONE
3.8,7.6,22.7,0.8,477.6,1321.1,0,1,1,4,INSTANT_NOODLES_RTE,0,"HIGH_FAT,TRANS_FAT,PRESERVATIVES,LOW_FIBER,HIGH_CALORIE,HIGH_SODIUM,MANY_RISKY_INGREDIENTS"
20.5,7.4,10.3,11.3,374.2,272.5,0,0,0,1,PROTEIN_BAR,78,NONE
67.7,2.5,6.8,3.1,358.0,198.2,0,0,0,0,HEALTH_SUPPLEMENTS,93,NONE
4.4,7.0,23.1,0.2,349.2,908.0,0,1,0,3,FROZEN_FOODS,32,"HIGH_FAT,PRESERVATIVES,LOW_FIBER,HIGH_SODIUM,MANY_RISKY_INGREDIENTS"
6.4,22.5,20.1,1.8,431.1,290.4,0,1,1,3,BISCUITS_COOKIES,0,"HIGH_SUGAR,HIGH_FAT,TRANS_FAT,PRESERVATIVES,LOW_FIBER,MANY_RISKY_INGREDIENTS"
3.7,46.0,33.7,1.0,560.1,94.2,1,1,0,3,CHOCOLATES_CONFECTIONERY,21,"HIGH_SUGAR,HIGH_FAT,ARTIFICIAL_SWEETENER,PRESERVATIVES,LOW_FIBER,HIGH_CALORIE,MANY_RISKY_INGREDIENTS"
0.2,14.9,0.3,0.0,51.9,204.9,1,1,0,4,BEVERAGES,12,"ARTIFICIAL_SWEETENER,PRESERVATIVES,LOW_FIBER,MANY_RISKY_INGREDIENTS"
5.9,4.3,4.8,1.0,81.8,174.8,0,0,0,0,DAIRY_PRODUCTS,87,LOW_FIBER
13.6,4.3,8.4,3.4,249.7,439.1,0,1,0,0,FROZEN_FOODS,85,PRESERVATIVES
5.3,3.4,15.4,3.6,389.8,887.0,0,1,1,2,INSTANT_NOODLES_RTE,44,"TRANS_FAT,PRESERVATIVES,HIGH_SODIUM"
4.0,10.3,5.8,0.4,99.0,348.8,0,0,0,2,DAIRY_PRODUCTS,57,LOW_FIBER
13.4,22.7,17.9,4.5,488.9,556.3,0,0,1,3,PROTEIN_BAR,8,"HIGH_SUGAR,TRANS_FAT,HIGH_CALORIE,MANY_RISKY_INGREDIENTS"
4.9,59.1,32.6,0.6,525.6,152.9,1,0,0,3,CHOCOLATES_CONFECTIONERY,19,"HIGH_SUGAR,HIGH_FAT,ARTIFICIAL_SWEETENER,LOW_FIBER,HIGH_CALORIE,MANY_RISKY_INGREDIENTS"
5.4,7.6,20.6,1.6,320.9,933.7,1,1,0,5,FROZEN_FOODS,24,"HIGH_FAT,ARTIFICIAL_SWEETENER,PRESERVATIVES,LOW_FIBER,HIGH_SODIUM,MANY_RISKY_INGREDIENTS"
10.2,3.5,3.5,1.7,72.9,194.9,0,0,0,0,DAIRY_PRODUCTS,91,LOW_FIBER
5.1,4.2,20.5,1.5,485.4,1141.1,1,1,1,3,INSTANT_NOODLES_RTE,5,"HIGH_FAT,TRANS_FAT,ARTIFICIAL_SWEETENER,PRESERVATIVES,LOW_FIBER,HIGH_CALORIE,HIGH_SODIUM,MANY_RISKY_INGREDIENTS"
6.5,5.5,8.6,3.7,415.6,206.0,0,0,0,1,BISCUITS_COOKIES,68,NONE
1.5,0.7,0.5,0.5,13.9,79.2,0,0,0,0,BEVERAGES,75,LOW_FIBER
5.7,17.6,19.5,2.6,460.3,420.7,0,0,0,3,BISCUITS_COOKIES,33,"HIGH_FAT,HIGH_CALORIE,MANY_RISKY_INGREDIENTS"
5.7,24.4,15.5,2.5,434.1,344.8,0,1,0,2,BISCUITS_COOKIES,25,"HIGH_SUGAR,PRESERVATIVES"
0.7,6.9,0.0,0.0,45.1,247.7,1,1,0,2,ENERGY_DRINKS,35,"ARTIFICIAL_SWEETENER,PRESERVATIVES,LOW_FIBER"
9.3,17.8,10.5,6.5,393.6,216.7,1,1,0,2,BREAKFAST_CEREAL,44,"ARTIFICIAL_SWEETENER,PRESERVATIVES"
7.4,32.4,29.1,1.8,497.8,106.2,1,0,0,1,CHOCOLATES_CONFECTIONERY,42,"HIGH_SUGAR,HIGH_FAT,ARTIFICIAL_SWEETENER,LOW_FIBER,HIGH_CALORIE"
4.3,26.5,12.0,4.8,417.1,591.9,1,1,0,3,BREAKFAST_CEREAL,20,"HIGH_SUGAR,ARTIFICIAL_SWEETENER,PRESERVATIVES,MANY_RISKY_INGREDIENTS"
31.6,4.4,7.5,10.2,302.7,193.8,0,0,0,1,PROTEIN_BAR,100,NONE
3.6,34.0,9.5,2.7,446.4,569.9,1,1,1,2,BREAKFAST_CEREAL,7,"HIGH_SUGAR,TRANS_FAT,ARTIFICIAL_SWEETENER,PRESERVATIVES"
0.7,8.0,0.7,0.1,44.6,178.7,1,0,0,0,BEVERAGES,49,"ARTIFICIAL_SWEETENER,LOW_FIBER"
4.6,63.9,39.2,0.8,573.8,50.1,0,0,1,4,CHOCOLATES_CONFECTIONERY,2,"HIGH_SUGAR,HIGH_FAT,TRANS_FAT,LOW_FIBER,HIGH_CALORIE,MANY_RISKY_INGREDIENTS"
7.1,8.0,14.0,4.0,485.4,620.6,0,1,0,3,SNACKS,50,"PRESERVATIVES,HIGH_CALORIE,MANY_RISKY_INGREDIENTS"
28.4,14.1,16.3,2.2,414.3,426.5,1,1,1,3,HEALTH_SUPPLEMENTS,28,"TRANS_FAT,ARTIFICIAL_SWEETENER,PRESERVATIVES,MANY_RISKY_INGREDIENTS"
3.7,29.7,26.9,0.7,493.6,502.5,0,1,0,5,BISCUITS_COOKIES,0,"HIGH_SUGAR,HIGH_FAT,PRESERVATIVES,LOW_FIBER,HIGH_CALORIE,MANY_RISKY_INGREDIENTS"
2.6,53.8,36.8,0.6,526.8,142.3,0,1,1,4,CHOCOLATES_CONFECTIONERY,0,"HIGH_SUGAR,HIGH_FAT,TRANS_FAT,PRESERVATIVES,LOW_FIBER,HIGH_CALORIE,MANY_RISKY_INGREDIENTS"
16.4,14.3,12.7,5.1,350.8,236.7,1,0,0,1,PROTEIN_BAR,51,ARTIFICIAL_SWEETENER
20.9,3.7,6.2,13.0,305.0,324.2,0,0,0,0,PROTEIN_BAR,96,NONE
0.3,8.0,0.0,0.0,42.5,140.2,0,1,0,1,ENERGY_DRINKS,50,"PRESERVATIVES,LOW_FIBER"
0.8,7.6,0.2,0.1,32.9,179.0,0,0,0,0,BEVERAGES,57,LOW_FIBER
3.5,3.3,5.6,0.8,65.3,374.7,0,0,0,0,SAUCES_SPREADS,72,LOW_FIBER
28.8,4.4,7.5,7.6,300.5,154.7,0,0,0,1,PROTEIN_BAR,100,NONE
3.4,7.4,20.8,0.6,451.3,1264.1,1,1,1,5,INSTANT_NOODLES_RTE,0,"HIGH_FAT,TRANS_FAT,ARTIFICIAL_SWEETENER,PRESERVATIVES,LOW_FIBER,HIGH_CALORIE,HIGH_SODIUM,MANY_RISKY_INGREDIENTS"
0.3,11.2,0.0,0.0,65.3,359.8,1,0,0,4,ENERGY_DRINKS,17,"ARTIFICIAL_SWEETENER,LOW_FIBER,MANY_RISKY_INGREDIENTS"
0.3,12.5,0.0,0.0,68.9,394.5,1,1,0,3,ENERGY_DRINKS,14,"ARTIFICIAL_SWEETENER,PRESERVATIVES,LOW_FIBER,MANY_RISKY_INGREDIENTS"
7.0,6.0,4.3,1.9,79.7,131.5,0,0,0,0,DAIRY_PRODUCTS,80,LOW_FIBER
0.1,13.3,0.0,0.0,61.1,380.5,0,1,0,3,ENERGY_DRINKS,22,"PRESERVATIVES,LOW_FIBER,MANY_RISKY_INGREDIENTS"
0.6,8.6,0.0,0.0,26.3,232.8,0,0,0,2,ENERGY_DRINKS,34,LOW_FIBER
3.3,31.9,31.1,2.2,493.0,122.7,1,1,0,1,CHOCOLATES_CONFECTIONERY,38,"HIGH_SUGAR,HIGH_FAT,ARTIFICIAL_SWEETENER,PRESERVATIVES,HIGH_CALORIE"
5.3,4.3,20.2,1.0,431.3,1237.9,0,0,0,4,INSTANT_NOODLES_RTE,36,"HIGH_FAT,LOW_FIBER,HIGH_SODIUM,MANY_RISKY_INGREDIENTS"
0.3,12.8,0.2,0.0,43.7,208.4,1,1,0,4,BEVERAGES,17,"ARTIFICIAL_SWEETENER,PRESERVATIVES,LOW_FIBER,MANY_RISKY_INGREDIENTS"
11.6,3.3,7.1,5.2,248.2,453.2,0,1,0,0,FROZEN_FOODS,81,PRESERVATIVES
62.1,2.1,4.7,5.9,340.1,280.6,0,0,0,0,HEALTH_SUPPLEMENTS,97,NONE
7.8,5.4,16.0,3.0,317.4,652.6,0,0,0,1,FROZEN_FOODS,59,NONE
0.3,7.7,0.3,0.3,34.0,122.3,1,1,0,0,BEVERAGES,44,"ARTIFICIAL_SWEETENER,PRESERVATIVES,LOW_FIBER"
7.0,4.1,12.2,3.1,404.1,937.3,1,0,0,1,INSTANT_NOODLES_RTE,63,"ARTIFICIAL_SWEETENER,HIGH_SODIUM"
21.7,15.4,11.3,0.9,426.2,427.2,1,0,0,4,HEALTH_SUPPLEMENTS,34,"ARTIFICIAL_SWEETENER,LOW_FIBER,MANY_RISKY_INGREDIENTS"
1.0,34.5,24.0,0.1,303.2,1286.2,1,1,1,4,SAUCES_SPREADS,0,"HIGH_SUGAR,HIGH_FAT,TRANS_FAT,ARTIFICIAL_SWEETENER,PRESERVATIVES,LOW_FIBER,HIGH_SODIUM,MANY_RISKY_INGREDIENTS"
1.6,1.6,0.2,0.5,17.2,19.2,0,0,0,0,BEVERAGES,75,LOW_FIBER
25.2,17.8,17.4,2.4,434.3,320.6,1,1,0,3,HEALTH_SUPPLEMENTS,36,"ARTIFICIAL_SWEETENER,PRESERVATIVES,MANY_RISKY_INGREDIENTS"
0.9,5.0,0.0,0.0,30.9,109.3,0,1,0,1,ENERGY_DRINKS,56,"PRESERVATIVES,LOW_FIBER"
6.2,9.6,11.3,5.3,418.4,291.3,0,0,0,0,BISCUITS_COOKIES,66,NONE
3.6,11.7,9.3,0.1,143.8,169.9,0,1,0,0,DAIRY_PRODUCTS,61,"PRESERVATIVES,LOW_FIBER"
2.7,45.0,32.2,0.1,535.0,100.3,0,1,0,3,CHOCOLATES_CONFECTIONERY,29,"HIGH_SUGAR,HIGH_FAT,PRESERVATIVES,LOW_FIBER,HIGH_CALORIE,MANY_RISKY_INGREDIENTS"
4.3,20.9,21.4,1.0,449.7,462.4,0,1,0,2,BISCUITS_COOKIES,21,"HIGH_SUGAR,HIGH_FAT,PRESERVATIVES,LOW_FIBER"
17.7,15.2,16.6,6.8,352.0,401.2,0,1,0,1,PROTEIN_BAR,46,PRESERVATIVES
4.7,7.3,18.7,0.6,464.7,1766.9,0,1,1,5,INSTANT_NOODLES_RTE,3,"HIGH_FAT,TRANS_FAT,PRESERVATIVES,LOW_FIBER,HIGH_CALORIE,HIGH_SODIUM,MANY_RISKY_INGREDIENTS"
2.9,37.7,26.0,1.2,496.7,512.0,0,1,1,4,BISCUITS_COOKIES,0,"HIGH_SUGAR,HIGH_FAT,TRANS_FAT,PRESERVATIVES,LOW_FIBER,HIGH_CALORIE,MANY_RISKY_INGREDIENTS"
6.8,7.1,11.8,3.4,292.6,703.7,0,1,0,3,FROZEN_FOODS,55,"PRESERVATIVES,MANY_RISKY_INGREDIENTS"
2.0,20.0,24.1,0.5,383.6,816.2,1,0,1,3,SAUCES_SPREADS,1,"HIGH_FAT,TRANS_FAT,ARTIFICIAL_SWEETENER,LOW_FIBER,HIGH_SODIUM,MANY_RISKY_INGREDIENTS"
13.3,7.1,3.7,11.3,370.3,332.2,0,0,0,0,BREAKFAST_CEREAL,90,NONE
21.1,17.0,11.6,4.9,389.2,455.8,1,1,0,3,PROTEIN_BAR,40,"ARTIFICIAL_SWEETENER,PRESERVATIVES,MANY_RISKY_INGREDIENTS"
5.1,21.7,7.1,5.5,389.4,362.6,1,0,0,1,BREAKFAST_CEREAL,47,"HIGH_SUGAR,ARTIFICIAL_SWEETENER"
4.9,26.0,25.2,1.7,509.6,378.6,1,1,0,5,BISCUITS_COOKIES,0,"HIGH_SUGAR,HIGH_FAT,ARTIFICIAL_SWEETENER,PRESERVATIVES,LOW_FIBER,HIGH_CALORIE,MANY_RISKY_INGREDIENTS"
13.9,3.4,5.2,3.7,365.7,417.4,0,1,0,0,INSTANT_NOODLES_RTE,83,PRESERVATIVES
4.2,32.3,22.7,1.5,507.8,471.1,0,1,0,2,BISCUITS_COOKIES,6,"HIGH_SUGAR,HIGH_FAT,PRESERVATIVES,LOW_FIBER,HIGH_CALORIE"
0.3,7.2,0.0,0.0,25.8,278.1,1,0,0,2,ENERGY_DRINKS,40,"ARTIFICIAL_SWEETENER,LOW_FIBER"
4.7,42.7,25.1,2.3,486.6,132.3,1,0,0,2,CHOCOLATES_CONFECTIONERY,33,"HIGH_SUGAR,HIGH_FAT,ARTIFICIAL_SWEETENER,HIGH_CALORIE"
3.6,9.1,8.1,1.0,143.5,298.3,0,1,0,1,DAIRY_PRODUCTS,60,"PRESERVATIVES,LOW_FIBER"
1.0,0.4,0.4,0.8,6.5,84.5,0,0,0,0,BEVERAGES,75,LOW_FIBER
3.9,42.5,29.0,1.1,528.3,75.6,1,0,0,1,CHOCOLATES_CONFECTIONERY,30,"HIGH_SUGAR,HIGH_FAT,ARTIFICIAL_SWEETENER,LOW_FIBER,HIGH_CALORIE"
4.6,39.6,29.0,0.8,537.0,513.5,0,1,0,4,BISCUITS_COOKIES,2,"HIGH_SUGAR,HIGH_FAT,PRESERVATIVES,LOW_FIBER,HIGH_CALORIE,MANY_RISKY_INGREDIENTS"
7.4,4.3,15.4,1.8,414.3,972.2,0,1,0,3,INSTANT_NOODLES_RTE,48,"PRESERVATIVES,LOW_FIBER,HIGH_SODIUM,MANY_RISKY_INGREDIENTS"
3.2,8.1,19.4,2.1,464.7,679.4,0,1,1,2,SNACKS,24,"HIGH_FAT,TRANS_FAT,PRESERVATIVES,HIGH_CALORIE"
62.5,1.7,6.1,2.1,370.7,217.6,0,0,0,0,HEALTH_SUPPLEMENTS,84,NONE
6.0,3.2,20.2,3.8,497.7,633.4,1,1,0,3,SNACKS,39,"HIGH_FAT,ARTIFICIAL_SWEETENER,PRESERVATIVES,HIGH_CALORIE,MANY_RISKY_INGREDIENTS"
0.2,2.3,0.5,0.6,14.7,55.8,0,0,0,0,BEVERAGES,68,LOW_FIBER
6.4,4.5,2.5,0.8,89.1,52.9,0,0,0,0,DAIRY_PRODUCTS,87,LOW_FIBER
0.0,10.2,0.2,0.0,45.6,136.7,1,0,0,3,BEVERAGES,29,"ARTIFICIAL_SWEETENER,LOW_FIBER,MANY_RISKY_INGREDIENTS"
5.6,38.7,11.6,3.7,430.9,492.7,0,0,0,4,BREAKFAST_CEREAL,35,"HIGH_SUGAR,MANY_RISKY_INGREDIENTS"
1.2,33.1,24.3,0.0,335.6,1375.4,0,0,0,4,SAUCES_SPREADS,7,"HIGH_SUGAR,HIGH_FAT,LOW_FIBER,HIGH_SODIUM,MANY_RISKY_INGREDIENTS"
6.9,8.4,6.0,0.6,108.3,364.6,0,1,0,2,DAIRY_PRODUCTS,62,"PRESERVATIVES,LOW_FIBER"
2.5,8.3,32.5,1.6,556.4,924.0,0,1,0,5,SNACKS,23,"HIGH_FAT,PRESERVATIVES,LOW_FIBER,HIGH_CALORIE,HIGH_SODIUM,MANY_RISKY_INGREDIENTS"
2.9,18.6,15.9,1.0,207.7,746.8,1,1,0,1,SAUCES_SPREADS,25,"ARTIFICIAL_SWEETENER,PRESERVATIVES,LOW_FIBER"
10.6,3.9,6.9,6.0,302.4,539.0,0,1,0,0,INSTANT_NOODLES_RTE,88,PRESERVATIVES
60.7,4.6,6.3,2.6,304.4,261.0,0,0,0,0,HEALTH_SUPPLEMENTS,89,NONE
27.7,5.3,6.2,9.3,351.7,185.2,0,0,0,0,PROTEIN_BAR,90,NONE
7.3,2.5,15.7,2.2,417.5,794.5,0,1,0,2,INSTANT_NOODLES_RTE,55,PRESERVATIVES
5.5,7.6,20.9,1.5,435.2,1046.0,0,1,0,5,INSTANT_NOODLES_RTE,22,"HIGH_FAT,PRESERVATIVES,LOW_FIBER,HIGH_SODIUM,MANY_RISKY_INGREDIENTS"
0.6,7.1,0.2,0.0,29.7,58.7,1,1,0,2,BEVERAGES,40,"ARTIFICIAL_SWEETENER,PRESERVATIVES,LOW_FIBER"
20.2,10.2,11.0,5.5,395.2,379.9,1,0,0,2,PROTEIN_BAR,54,ARTIFICIAL_SWEETENER
56.2,7.0,5.7,2.0,357.3,296.7,1,1,0,1,HEALTH_SUPPLEMENTS,62,"ARTIFICIAL_SWEETENER,PRESERVATIVES"
22.6,3.2,10.3,5.6,379.8,256.8,0,0,0,1,PROTEIN_BAR,77,NONE
4.9,10.0,6.3,0.9,107.5,259.1,0,0,0,1,DAIRY_PRODUCTS,65,LOW_FIBER
3.8,4.4,6.7,1.4,78.8,368.9,0,1,0,0,SAUCES_SPREADS,67,"PRESERVATIVES,LOW_FIBER"
4.2,5.6,31.5,0.5,545.7,821.2,1,1,1,3,SNACKS,4,"HIGH_FAT,TRANS_FAT,ARTIFICIAL_SWEETENER,PRESERVATIVES,LOW_FIBER,HIGH_CALORIE,HIGH_SODIUM,MANY_RISKY_INGREDIENTS"
1.5,22.2,28.3,0.3,353.1,1444.9,0,1,0,3,SAUCES_SPREADS,0,"HIGH_SUGAR,HIGH_FAT,PRESERVATIVES,LOW_FIBER,HIGH_SODIUM,MANY_RISKY_INGREDIENTS"
8.2,16.5,9.3,8.9,377.2,408.6,1,0,0,2,BREAKFAST_CEREAL,53,ARTIFICIAL_SWEETENER
4.3,8.9,21.4,1.0,370.2,1108.7,0,1,1,4,FROZEN_FOODS,10,"HIGH_FAT,TRANS_FAT,PRESERVATIVES,LOW_FIBER,HIGH_SODIUM,MANY_RISKY_INGREDIENTS"
33.4,6.1,9.5,5.6,365.4,269.8,0,1,0,1,PROTEIN_BAR,74,PRESERVATIVES
0.4,10.1,0.4,0.0,61.3,106.0,1,0,0,4,BEVERAGES,22,"ARTIFICIAL_SWEETENER,LOW_FIBER,MANY_RISKY_INGREDIENTS"
10.9,10.7,6.2,8.0,362.1,110.5,0,0,0,0,BREAKFAST_CEREAL,77,NONE
81.8,4.7,4.8,5.8,355.7,178.3,0,0,0,0,HEALTH_SUPPLEMENTS,97,NONE
6.5,8.7,24.6,1.1,327.8,908.8,1,0,1,5,FROZEN_FOODS,14,"HIGH_FAT,TRANS_FAT,ARTIFICIAL_SWEETENER,LOW_FIBER,HIGH_SODIUM,MANY_RISKY_INGREDIENTS"
68.6,1.5,4.9,4.4,357.7,290.6,0,0,0,0,HEALTH_SUPPLEMENTS,92,NONE
7.1,36.5,28.9,2.3,517.9,56.3,1,1,0,1,CHOCOLATES_CONFECTIONERY,34,"HIGH_SUGAR,HIGH_FAT,ARTIFICIAL_SWEETENER,PRESERVATIVES,HIGH_CALORIE"
1.5,24.4,26.2,0.4,347.5,1220.4,1,0,0,4,SAUCES_SPREADS,0,"HIGH_SUGAR,HIGH_FAT,ARTIFICIAL_SWEETENER,LOW_FIBER,HIGH_SODIUM,MANY_RISKY_INGREDIENTS"
6.4,8.1,6.3,0.1,92.1,218.9,1,0,0,0,DAIRY_PRODUCTS,63,"ARTIFICIAL_SWEETENER,LOW_FIBER"
11.5,11.5,4.1,10.8,355.7,248.3,0,0,0,0,BREAKFAST_CEREAL,80,NONE
0.1,12.7,0.2,0.0,61.5,134.3,0,1,0,4,BEVERAGES,25,"PRESERVATIVES,LOW_FIBER,MANY_RISKY_INGREDIENTS"
11.6,7.9,3.8,8.4,365.6,304.2,0,0,0,0,BREAKFAST_CEREAL,82,NONE
0.0,2.4,0.2,0.8,17.3,84.0,0,0,0,0,BEVERAGES,68,LOW_FIBER
22.9,7.4,11.5,5.5,347.5,269.3,0,0,0,0,PROTEIN_BAR,77,NONE
3.7,7.0,18.3,0.7,333.8,972.3,1,1,0,3,FROZEN_FOODS,29,"HIGH_FAT,ARTIFICIAL_SWEETENER,PRESERVATIVES,LOW_FIBER,HIGH_SODIUM,MANY_RISKY_INGREDIENTS"
4.5,49.7,33.1,1.7,524.8,98.9,1,0,0,3,CHOCOLATES_CONFECTIONERY,26,"HIGH_SUGAR,HIGH_FAT,ARTIFICIAL_SWEETENER,LOW_FIBER,HIGH_CALORIE,MANY_RISKY_INGREDIENTS"
55.2,11.9,5.5,1.9,403.0,362.2,0,0,0,0,HEALTH_SUPPLEMENTS,66,LOW_FIBER
3.7,24.6,15.8,4.0,472.1,355.8,1,1,0,3,BISCUITS_COOKIES,10,"HIGH_SUGAR,ARTIFICIAL_SWEETENER,PRESERVATIVES,HIGH_CALORIE,MANY_RISKY_INGREDIENTS"
49.3,11.6,7.7,2.2,352.7,244.1,0,0,0,0,HEALTH_SUPPLEMENTS,71,NONE
78.2,2.6,7.8,5.4,361.7,272.2,0,0,0,0,HEALTH_SUPPLEMENTS,88,NONE
7.8,16.0,6.7,5.9,379.3,280.8,0,0,0,0,BREAKFAST_CEREAL,57,NONE
7.8,32.2,33.5,1.5,526.7,72.7,1,0,0,1,CHOCOLATES_CONFECTIONERY,42,"HIGH_SUGAR,HIGH_FAT,ARTIFICIAL_SWEETENER,LOW_FIBER,HIGH_CALORIE"
76.8,3.5,7.5,5.8,332.7,138.7,0,0,0,0,HEALTH_SUPPLEMENTS,98,NONE
35.8,5.8,11.6,2.7,363.6,480.2,0,1,0,0,HEALTH_SUPPLEMENTS,68,PRESERVATIVES
19.1,13.1,15.4,3.6,386.3,317.7,0,1,0,3,PROTEIN_BAR,45,"PRESERVATIVES,MANY_RISKY_INGREDIENTS"
7.0,3.8,2.4,0.7,63.5,183.5,0,0,0,0,DAIRY_PRODUCTS,87,LOW_FIBER
12.5,11.5,5.0,13.1,379.1,272.6,0,0,0,0,BREAKFAST_CEREAL,84,NONE
10.3,4.4,1.7,0.1,61.5,239.1,0,0,0,0,DAIRY_PRODUCTS,86,LOW_FIBER
3.4,7.2,20.9,3.1,462.9,481.9,1,1,0,3,SNACKS,31,"HIGH_FAT,ARTIFICIAL_SWEETENER,PRESERVATIVES,HIGH_CALORIE,MANY_RISKY_INGREDIENTS"
5.0,13.0,5.4,0.5,102.9,235.0,1,0,0,2,DAIRY_PRODUCTS,53,"ARTIFICIAL_SWEETENER,LOW_FIBER"
2.4,12.4,30.4,1.9,572.9,841.7,0,1,1,6,SNACKS,0,"HIGH_FAT,TRANS_FAT,PRESERVATIVES,LOW_FIBER,HIGH_CALORIE,HIGH_SODIUM,MANY_RISKY_INGREDIENTS"
7.9,11.4,14.3,3.8,399.2,208.6,0,0,0,1,BISCUITS_COOKIES,58,NONE
1.6,27.5,19.2,0.2,391.9,960.7,0,1,1,4,SAUCES_SPREADS,0,"HIGH_SUGAR,HIGH_FAT,TRANS_FAT,PRESERVATIVES,LOW_FIBER,HIGH_SODIUM,MANY_RISKY_INGREDIENTS"
7.3,21.3,10.4,9.0,375.3,437.6,0,0,0,1,BREAKFAST_CEREAL,55,HIGH_SUGAR
9.3,6.9,10.2,3.1,247.3,626.8,0,1,0,3,FROZEN_FOODS,59,"PRESERVATIVES,MANY_RISKY_INGREDIENTS"
4.2,11.3,5.6,0.0,143.8,382.2,0,0,0,0,DAIRY_PRODUCTS,61,LOW_FIBER
5.8,36.9,29.9,2.5,506.3,82.4,0,1,0,2,CHOCOLATES_CONFECTIONERY,40,"HIGH_SUGAR,HIGH_FAT,PRESERVATIVES,HIGH_CALORIE"
2.3,13.9,24.6,1.5,558.3,704.3,0,1,0,5,SNACKS,17,"HIGH_FAT,PRESERVATIVES,LOW_FIBER,HIGH_CALORIE,MANY_RISKY_INGREDIENTS"
6.7,19.6,21.8,3.2,471.5,276.2,0,0,0,2,BISCUITS_COOKIES,34,"HIGH_FAT,HIGH_CALORIE"
1.1,1.7,0.0,0.5,19.3,10.1,0,0,0,0,BEVERAGES,75,LOW_FIBER
4.5,61.0,30.9,1.4,535.5,103.4,1,1,0,3,CHOCOLATES_CONFECTIONERY,14,"HIGH_SUGAR,HIGH_FAT,ARTIFICIAL_SWEETENER,PRESERVATIVES,LOW_FIBER,HIGH_CALORIE,MANY_RISKY_INGREDIENTS"
3.7,39.5,31.6,2.9,527.6,115.9,0,0,0,1,CHOCOLATES_CONFECTIONERY,43,"HIGH_SUGAR,HIGH_FAT,HIGH_CALORIE"
7.4,5.8,17.3,1.3,388.6,949.9,1,0,0,3,INSTANT_NOODLES_RTE,38,"ARTIFICIAL_SWEETENER,LOW_FIBER,HIGH_SODIUM,MANY_RISKY_INGREDIENTS"
3.2,11.9,26.8,0.9,341.4,921.7,1,1,0,3,FROZEN_FOODS,18,"HIGH_FAT,ARTIFICIAL_SWEETENER,PRESERVATIVES,LOW_FIBER,HIGH_SODIUM,MANY_RISKY_INGREDIENTS"
0.5,9.5,0.6,0.2,27.6,51.1,0,1,0,2,BEVERAGES,34,"PRESERVATIVES,LOW_FIBER"
0.0,13.4,0.0,0.0,46.1,356.4,1,0,0,3,ENERGY_DRINKS,24,"ARTIFICIAL_SWEETENER,LOW_FIBER,MANY_RISKY_INGREDIENTS"
2.3,16.6,15.1,1.0,226.4,686.1,1,1,0,1,SAUCES_SPREADS,25,"ARTIFICIAL_SWEETENER,PRESERVATIVES,LOW_FIBER"
5.5,21.8,16.0,1.3,402.6,322.0,1,0,0,5,PROTEIN_BAR,12,"HIGH_SUGAR,ARTIFICIAL_SWEETENER,LOW_FIBER,MANY_RISKY_INGREDIENTS"
5.1,3.7,13.9,2.0,401.2,900.7,0,1,0,3,INSTANT_NOODLES_RTE,58,"PRESERVATIVES,HIGH_SODIUM,MANY_RISKY_INGREDIENTS"
10.3,3.4,3.0,0.8,82.9,233.5,0,0,0,0,DAIRY_PRODUCTS,86,LOW_FIBER
4.2,3.9,22.3,0.4,462.9,1542.0,1,1,0,5,INSTANT_NOODLES_RTE,12,"HIGH_FAT,ARTIFICIAL_SWEETENER,PRESERVATIVES,LOW_FIBER,HIGH_CALORIE,HIGH_SODIUM,MANY_RISKY_INGREDIENTS"
11.1,32.2,24.7,3.5,438.0,576.5,1,0,0,4,PROTEIN_BAR,13,"HIGH_SUGAR,HIGH_FAT,ARTIFICIAL_SWEETENER,MANY_RISKY_INGREDIENTS"
8.9,5.8,17.9,1.9,238.3,629.0,0,1,0,2,FROZEN_FOODS,47,"PRESERVATIVES,LOW_FIBER"
7.5,5.1,16.6,2.1,409.8,834.9,1,1,0,3,INSTANT_NOODLES_RTE,38,"ARTIFICIAL_SWEETENER,PRESERVATIVES,HIGH_SODIUM,MANY_RISKY_INGREDIENTS"
4.8,38.5,31.6,1.7,513.4,143.8,1,0,0,2,CHOCOLATES_CONFECTIONERY,28,"HIGH_SUGAR,HIGH_FAT,ARTIFICIAL_SWEETENER,LOW_FIBER,HIGH_CALORIE"
6.5,18.5,18.0,2.8,456.2,429.8,0,1,0,1,BISCUITS_COOKIES,32,"PRESERVATIVES,HIGH_CALORIE"
7.5,3.9,13.4,3.1,413.6,360.6,0,0,0,1,SNACKS,74,NONE
3.9,37.0,32.7,2.7,499.3,111.7,0,1,0,2,CHOCOLATES_CONFECTIONERY,36,"HIGH_SUGAR,HIGH_FAT,PRESERVATIVES,HIGH_CALORIE"
3.3,39.3,30.8,1.4,519.9,53.7,1,0,0,2,CHOCOLATES_CONFECTIONERY,28,"HIGH_SUGAR,HIGH_FAT,ARTIFICIAL_SWEETENER,LOW_FIBER,HIGH_CALORIE"
2.0,6.3,3.7,1.0,187.3,214.9,0,1,0,1,SAUCES_SPREADS,67,"PRESERVATIVES,LOW_FIBER"
8.8,12.0,3.1,14.3,379.7,195.9,0,0,0,0,BREAKFAST_CEREAL,85,NONE
12.9,24.5,24.6,4.9,412.3,660.4,1,1,1,4,PROTEIN_BAR,0,"HIGH_SUGAR,HIGH_FAT,TRANS_FAT,ARTIFICIAL_SWEETENER,PRESERVATIVES,MANY_RISKY_INGREDIENTS"
2.4,6.4,23.5,0.2,528.3,1042.0,0,1,1,4,SNACKS,0,"HIGH_FAT,TRANS_FAT,PRESERVATIVES,LOW_FIBER,HIGH_CALORIE,HIGH_SODIUM,MANY_RISKY_INGREDIENTS"
0.3,5.6,0.0,0.0,37.3,243.9,1,1,0,2,ENERGY_DRINKS,35,"ARTIFICIAL_SWEETENER,PRESERVATIVES,LOW_FIBER"
4.1,5.8,29.6,1.6,531.2,799.0,1,1,0,3,SNACKS,19,"HIGH_FAT,ARTIFICIAL_SWEETENER,PRESERVATIVES,LOW_FIBER,HIGH_CALORIE,MANY_RISKY_INGREDIENTS"
2.2,16.5,14.3,0.1,208.2,747.6,0,1,0,1,SAUCES_SPREADS,38,"PRESERVATIVES,LOW_FIBER"
6.0,6.7,16.1,2.4,494.6,556.7,0,0,0,1,SNACKS,53,HIGH_CALORIE
4.1,4.1,23.2,0.3,447.3,1344.7,0,1,0,5,INSTANT_NOODLES_RTE,25,"HIGH_FAT,PRESERVATIVES,LOW_FIBER,HIGH_SODIUM,MANY_RISKY_INGREDIENTS"
4.5,38.0,26.6,1.3,519.0,535.7,1,0,1,3,BISCUITS_COOKIES,0,"HIGH_SUGAR,HIGH_FAT,TRANS_FAT,ARTIFICIAL_SWEETENER,LOW_FIBER,HIGH_CALORIE,MANY_RISKY_INGREDIENTS"
2.8,29.1,10.1,3.0,406.7,515.6,0,0,0,3,BREAKFAST_CEREAL,33,"HIGH_SUGAR,MANY_RISKY_INGREDIENTS"
77.6,2.3,7.9,3.0,360.2,217.8,0,0,0,0,HEALTH_SUPPLEMENTS,88,NONE
2.5,7.5,23.7,1.6,518.3,777.8,1,0,0,5,SNACKS,20,"HIGH_FAT,ARTIFICIAL_SWEETENER,LOW_FIBER,HIGH_CALORIE,MANY_RISKY_INGREDIENTS"
10.2,20.6,17.1,2.9,468.7,65.1,0,0,0,1,CHOCOLATES_CONFECTIONERY,63,"HIGH_SUGAR,HIGH_CALORIE"
4.2,9.8,18.5,1.4,464.4,532.3,0,1,1,3,SNACKS,20,"HIGH_FAT,TRANS_FAT,PRESERVATIVES,LOW_FIBER,HIGH_CALORIE,MANY_RISKY_INGREDIENTS"
4.7,46.1,38.2,2.0,563.9,160.6,0,1,1,3,CHOCOLATES_CONFECTIONERY,11,"HIGH_SUGAR,HIGH_FAT,TRANS_FAT,PRESERVATIVES,HIGH_CALORIE,MANY_RISKY_INGREDIENTS"
83.5,3.1,7.8,5.4,363.5,248.4,0,0,0,0,HEALTH_SUPPLEMENTS,88,NONE
0.2,1.7,0.5,0.6,9.7,35.4,0,0,0,0,BEVERAGES,75,LOW_FIBER
6.8,20.3,17.5,2.6,469.3,385.1,0,0,0,3,BISCUITS_COOKIES,33,"HIGH_SUGAR,HIGH_CALORIE,MANY_RISKY_INGREDIENTS"
0.2,9.7,0.0,0.0,27.3,251.6,1,1,0,2,ENERGY_DRINKS,21,"ARTIFICIAL_SWEETENER,PRESERVATIVES,LOW_FIBER"
4.6,9.7,8.0,0.9,145.4,325.7,1,1,0,2,DAIRY_PRODUCTS,50,"ARTIFICIAL_SWEETENER,PRESERVATIVES,LOW_FIBER"
5.9,40.0,21.1,4.4,406.7,455.8,1,0,0,5,PROTEIN_BAR,6,"HIGH_SUGAR,HIGH_FAT,ARTIFICIAL_SWEETENER,MANY_RISKY_INGREDIENTS"
2.2,7.8,3.7,0.4,130.4,401.3,0,1,0,0,SAUCES_SPREADS,64,"PRESERVATIVES,LOW_FIBER"
10.8,4.3,9.5,5.4,155.2,349.2,0,0,0,0,FROZEN_FOODS,86,NONE
22.8,4.5,8.2,9.1,337.1,314.0,0,0,0,1,PROTEIN_BAR,90,NONE
0.6,7.5,0.0,0.0,43.1,212.1,1,0,0,1,ENERGY_DRINKS,42,"ARTIFICIAL_SWEETENER,LOW_FIBER"
3.7,4.9,22.4,0.1,460.6,1479.1,1,1,0,5,INSTANT_NOODLES_RTE,12,"HIGH_FAT,ARTIFICIAL_SWEETENER,PRESERVATIVES,LOW_FIBER,HIGH_CALORIE,HIGH_SODIUM,MANY_RISKY_INGREDIENTS"
7.4,22.7,16.2,3.0,476.6,87.7,0,0,0,0,CHOCOLATES_CONFECTIONERY,65,"HIGH_SUGAR,HIGH_CALORIE"
6.0,7.0,23.2,0.9,331.1,1133.6,0,0,0,5,FROZEN_FOODS,37,"HIGH_FAT,LOW_FIBER,HIGH_SODIUM,MANY_RISKY_INGREDIENTS"
4.6,33.4,11.5,3.6,437.7,566.3,1,1,1,4,BREAKFAST_CEREAL,3,"HIGH_SUGAR,TRANS_FAT,ARTIFICIAL_SWEETENER,PRESERVATIVES,MANY_RISKY_INGREDIENTS"
3.2,13.6,33.8,1.8,566.5,903.3,0,1,1,4,SNACKS,4,"HIGH_FAT,TRANS_FAT,PRESERVATIVES,LOW_FIBER,HIGH_CALORIE,HIGH_SODIUM,MANY_RISKY_INGREDIENTS"
0.6,8.0,0.9,0.3,40.7,137.3,1,0,0,0,BEVERAGES,49,"ARTIFICIAL_SWEETENER,LOW_FIBER"
5.1,6.4,21.3,0.8,468.9,1096.5,0,1,0,3,INSTANT_NOODLES_RTE,21,"HIGH_FAT,PRESERVATIVES,LOW_FIBER,HIGH_CALORIE,HIGH_SODIUM,MANY_RISKY_INGREDIENTS"
0.3,15.3,0.3,0.0,41.7,76.7,1,1,0,2,BEVERAGES,26,"ARTIFICIAL_SWEETENER,PRESERVATIVES,LOW_FIBER"
56.5,11.8,6.0,2.6,396.5,291.6,0,1,0,2,HEALTH_SUPPLEMENTS,62,PRESERVATIVES
5.1,9.5,23.4,0.9,350.3,881.4,1,1,1,3,FROZEN_FOODS,8,"HIGH_FAT,TRANS_FAT,ARTIFICIAL_SWEETENER,PRESERVATIVES,LOW_FIBER,HIGH_SODIUM,MANY_RISKY_INGREDIENTS"
21.2,7.0,12.0,10.8,304.7,334.1,0,0,0,0,PROTEIN_BAR,85,NONE
2.8,14.5,17.0,0.3,226.5,878.8,0,1,0,2,SAUCES_SPREADS,38,"PRESERVATIVES,LOW_FIBER,HIGH_SODIUM"
0.1,12.6,0.3,0.0,41.5,191.0,1,0,0,2,BEVERAGES,31,"ARTIFICIAL_SWEETENER,LOW_FIBER"
3.4,10.7,25.3,0.1,302.3,985.7,1,0,1,4,FROZEN_FOODS,6,"HIGH_FAT,TRANS_FAT,ARTIFICIAL_SWEETENER,LOW_FIBER,HIGH_SODIUM,MANY_RISKY_INGREDIENTS"
0.4,16.0,0.2,0.0,58.2,205.6,1,1,0,3,BEVERAGES,14,"ARTIFICIAL_SWEETENER,PRESERVATIVES,LOW_FIBER,MANY_RISKY_INGREDIENTS"
4.6,5.3,30.7,1.2,506.7,1165.1,0,1,1,3,SNACKS,2,"HIGH_FAT,TRANS_FAT,PRESERVATIVES,LOW_FIBER,HIGH_CALORIE,HIGH_SODIUM,MANY_RISKY_INGREDIENTS"
6.4,11.0,5.2,0.7,112.5,250.6,0,0,0,2,DAIRY_PRODUCTS,61,LOW_FIBER
11.7,35.7,16.2,4.3,438.7,511.5,1,1,0,3,PROTEIN_BAR,15,"HIGH_SUGAR,ARTIFICIAL_SWEETENER,PRESERVATIVES,MANY_RISKY_INGREDIENTS"
26.8,2.8,6.7,6.3,308.7,364.7,0,0,0,1,PROTEIN_BAR,95,NONE
0.5,10.1,0.0,0.0,52.7,212.4,1,1,0,4,ENERGY_DRINKS,12,"ARTIFICIAL_SWEETENER,PRESERVATIVES,LOW_FIBER,MANY_RISKY_INGREDIENTS"
8.8,5.9,15.0,3.6,370.3,720.0,0,1,0,3,INSTANT_NOODLES_RTE,59,"PRESERVATIVES,MANY_RISKY_INGREDIENTS"
0.6,1.4,0.0,0.5,10.0,31.1,0,0,0,0,BEVERAGES,75,LOW_FIBER
2.3,47.2,36.4,1.9,548.0,194.1,1,1,1,2,CHOCOLATES_CONFECTIONERY,0,"HIGH_SUGAR,HIGH_FAT,TRANS_FAT,ARTIFICIAL_SWEETENER,PRESERVATIVES,LOW_FIBER,HIGH_CALORIE"
4.8,25.4,8.9,1.5,401.2,435.0,1,1,0,4,BREAKFAST_CEREAL,13,"HIGH_SUGAR,ARTIFICIAL_SWEETENER,PRESERVATIVES,LOW_FIBER,MANY_RISKY_INGREDIENTS"
5.9,36.3,14.9,1.5,449.6,431.1,0,0,1,3,BREAKFAST_CEREAL,13,"HIGH_SUGAR,TRANS_FAT,LOW_FIBER,MANY_RISKY_INGREDIENTS"
0.5,11.4,0.1,0.0,41.0,147.0,1,1,0,2,BEVERAGES,26,"ARTIFICIAL_SWEETENER,PRESERVATIVES,LOW_FIBER"
7.6,7.3,19.8,2.0,451.3,513.9,0,0,0,1,SNACKS,53,"HIGH_FAT,HIGH_CALORIE"
2.7,36.3,12.7,1.0,402.9,593.9,0,0,0,3,BREAKFAST_CEREAL,24,"HIGH_SUGAR,LOW_FIBER,MANY_RISKY_INGREDIENTS"
4.2,20.3,17.5,0.3,198.1,384.8,1,0,0,4,DAIRY_PRODUCTS,29,"HIGH_SUGAR,ARTIFICIAL_SWEETENER,LOW_FIBER,MANY_RISKY_INGREDIENTS"
0.2,10.6,0.0,0.0,55.5,217.5,0,1,0,4,ENERGY_DRINKS,20,"PRESERVATIVES,LOW_FIBER,MANY_RISKY_INGREDIENTS"
1.8,10.3,17.6,0.1,253.2,540.9,0,0,0,1,SAUCES_SPREADS,48,LOW_FIBER
11.4,32.6,24.1,4.0,486.6,466.6,1,1,0,4,PROTEIN_BAR,3,"HIGH_SUGAR,HIGH_FAT,ARTIFICIAL_SWEETENER,PRESERVATIVES,HIGH_CALORIE,MANY_RISKY_INGREDIENTS"
6.9,7.4,15.9,3.9,280.3,724.3,0,1,0,2,FROZEN_FOODS,52,PRESERVATIVES
6.2,4.4,19.9,3.5,475.6,478.9,0,1,0,2,SNACKS,57,"HIGH_FAT,PRESERVATIVES,HIGH_CALORIE"
0.2,10.3,0.4,0.0,60.0,119.8,0,0,0,3,BEVERAGES,32,"LOW_FIBER,MANY_RISKY_INGREDIENTS"
3.9,8.0,23.3,1.2,498.9,1253.0,0,1,0,3,INSTANT_NOODLES_RTE,17,"HIGH_FAT,PRESERVATIVES,LOW_FIBER,HIGH_CALORIE,HIGH_SODIUM,MANY_RISKY_INGREDIENTS"
5.8,7.7,22.3,1.4,436.6,1610.4,0,1,1,5,INSTANT_NOODLES_RTE,7,"HIGH_FAT,TRANS_FAT,PRESERVATIVES,LOW_FIBER,HIGH_SODIUM,MANY_RISKY_INGREDIENTS"
0.5,2.4,0.0,0.0,16.6,154.5,0,0,0,0,ENERGY_DRINKS,68,LOW_FIBER
8.3,9.2,9.1,5.1,422.6,394.4,0,0,0,0,BISCUITS_COOKIES,74,NONE
0.1,14.9,0.0,0.0,45.8,305.5,0,1,0,4,ENERGY_DRINKS,25,"PRESERVATIVES,LOW_FIBER,MANY_RISKY_INGREDIENTS"
75.6,4.2,5.3,5.5,364.0,205.8,0,0,0,0,HEALTH_SUPPLEMENTS,88,NONE
0.5,2.0,0.0,0.0,11.8,68.5,0,0,0,1,ENERGY_DRINKS,73,LOW_FIBER
6.7,4.7,11.2,2.0,233.7,631.0,0,1,0,2,FROZEN_FOODS,60,PRESERVATIVES
5.5,3.8,15.6,3.2,427.8,776.8,0,1,0,2,INSTANT_NOODLES_RTE,59,PRESERVATIVES
6.7,18.4,7.0,7.6,400.7,494.0,1,0,0,2,BREAKFAST_CEREAL,49,ARTIFICIAL_SWEETENER
0.2,0.2,0.0,0.0,15.4,112.0,0,0,0,1,ENERGY_DRINKS,73,LOW_FIBER
3.9,35.8,26.8,0.3,484.3,545.1,0,1,0,4,BISCUITS_COOKIES,2,"HIGH_SUGAR,HIGH_FAT,PRESERVATIVES,LOW_FIBER,HIGH_CALORIE,MANY_RISKY_INGREDIENTS"
3.7,51.4,39.6,1.2,520.3,133.4,0,0,0,3,CHOCOLATES_CONFECTIONERY,19,"HIGH_SUGAR,HIGH_FAT,LOW_FIBER,HIGH_CALORIE,MANY_RISKY_INGREDIENTS"
6.5,3.3,15.8,2.8,490.8,545.3,0,1,0,3,SNACKS,51,"PRESERVATIVES,HIGH_CALORIE,MANY_RISKY_INGREDIENTS"
4.1,25.5,9.6,2.8,434.9,465.9,1,0,0,2,BREAKFAST_CEREAL,27,"HIGH_SUGAR,ARTIFICIAL_SWEETENER"
1.9,0.9,0.3,0.8,19.8,92.2,0,0,0,0,BEVERAGES,75,LOW_FIBER
4.0,14.0,29.0,0.8,564.6,1099.9,0,1,1,5,SNACKS,0,"HIGH_FAT,TRANS_FAT,PRESERVATIVES,LOW_FIBER,HIGH_CALORIE,HIGH_SODIUM,MANY_RISKY_INGREDIENTS"
6.6,5.9,15.9,2.4,258.3,528.8,1,1,0,1,FROZEN_FOODS,47,"ARTIFICIAL_SWEETENER,PRESERVATIVES"
1.6,32.2,21.7,0.2,364.8,1059.7,1,1,0,4,SAUCES_SPREADS,0,"HIGH_SUGAR,HIGH_FAT,ARTIFICIAL_SWEETENER,PRESERVATIVES,LOW_FIBER,HIGH_SODIUM,MANY_RISKY_INGREDIENTS"
39.6,7.9,10.0,1.0,369.3,242.7,0,1,0,2,HEALTH_SUPPLEMENTS,63,"PRESERVATIVES,LOW_FIBER"
6.7,3.3,15.9,3.5,491.7,543.2,0,1,0,1,SNACKS,59,"PRESERVATIVES,HIGH_CALORIE"
4.9,30.8,29.8,2.5,505.7,57.2,0,1,0,1,CHOCOLATES_CONFECTIONERY,46,"HIGH_SUGAR,HIGH_FAT,PRESERVATIVES,HIGH_CALORIE"
10.6,6.4,7.6,12.1,358.6,276.2,0,0,0,0,BREAKFAST_CEREAL,82,NONE
4.7,28.0,22.7,0.8,497.2,472.8,1,1,1,3,BISCUITS_COOKIES,0,"HIGH_SUGAR,HIGH_FAT,TRANS_FAT,ARTIFICIAL_SWEETENER,PRESERVATIVES,LOW_FIBER,HIGH_CALORIE,MANY_RISKY_INGREDIENTS"
2.3,12.8,14.4,0.4,220.4,615.7,0,1,0,1,SAUCES_SPREADS,45,"PRESERVATIVES,LOW_FIBER"
4.7,52.0,30.3,0.0,528.4,66.5,1,0,0,3,CHOCOLATES_CONFECTIONERY,19,"HIGH_SUGAR,HIGH_FAT,ARTIFICIAL_SWEETENER,LOW_FIBER,HIGH_CALORIE,MANY_RISKY_INGREDIENTS"
0.2,6.4,0.0,0.0,29.8,223.6,1,0,0,2,ENERGY_DRINKS,40,"ARTIFICIAL_SWEETENER,LOW_FIBER"
3.9,27.8,12.9,3.2,401.5,594.0,1,0,0,4,BREAKFAST_CEREAL,23,"HIGH_SUGAR,ARTIFICIAL_SWEETENER,MANY_RISKY_INGREDIENTS"
2.1,6.0,23.5,1.1,549.6,901.9,0,1,0,3,SNACKS,27,"HIGH_FAT,PRESERVATIVES,LOW_FIBER,HIGH_CALORIE,HIGH_SODIUM,MANY_RISKY_INGREDIENTS"
0.0,1.1,0.0,0.0,7.9,90.3,0,0,0,1,ENERGY_DRINKS,73,LOW_FIBER
4.4,7.5,6.2,0.1,167.9,359.6,0,1,0,1,SAUCES_SPREADS,58,"PRESERVATIVES,LOW_FIBER"
8.4,8.1,14.1,6.7,398.0,344.8,0,0,0,1,BISCUITS_COOKIES,72,NONE
0.2,5.0,0.0,0.0,31.2,141.9,0,1,0,1,ENERGY_DRINKS,56,"PRESERVATIVES,LOW_FIBER"
0.4,5.9,1.0,0.3,41.3,124.4,1,1,0,1,BEVERAGES,42,"ARTIFICIAL_SWEETENER,PRESERVATIVES,LOW_FIBER"
2.0,19.9,10.3,0.7,196.6,870.8,0,1,0,1,SAUCES_SPREADS,38,"PRESERVATIVES,LOW_FIBER,HIGH_SODIUM"
5.7,22.0,18.2,2.3,439.3,346.0,1,0,0,2,BISCUITS_COOKIES,32,"HIGH_SUGAR,HIGH_FAT,ARTIFICIAL_SWEETENER"
0.4,21.5,26.3,0.4,382.1,1249.2,1,1,0,4,SAUCES_SPREADS,0,"HIGH_SUGAR,HIGH_FAT,ARTIFICIAL_SWEETENER,PRESERVATIVES,LOW_FIBER,HIGH_SODIUM,MANY_RISKY_INGREDIENTS"
4.2,35.9,28.1,1.6,488.5,79.4,0,0,0,1,CHOCOLATES_CONFECTIONERY,38,"HIGH_SUGAR,HIGH_FAT,LOW_FIBER,HIGH_CALORIE"
4.5,19.2,15.8,0.1,144.4,502.8,1,1,0,4,DAIRY_PRODUCTS,24,"ARTIFICIAL_SWEETENER,PRESERVATIVES,LOW_FIBER,MANY_RISKY_INGREDIENTS"
2.3,38.7,29.4,1.5,543.0,531.0,1,1,1,3,BISCUITS_COOKIES,0,"HIGH_SUGAR,HIGH_FAT,TRANS_FAT,ARTIFICIAL_SWEETENER,PRESERVATIVES,LOW_FIBER,HIGH_CALORIE,MANY_RISKY_INGREDIENTS"
7.6,5.8,14.8,5.5,399.0,231.5,0,0,0,1,BISCUITS_COOKIES,64,NONE
0.2,2.9,0.1,0.7,6.8,91.8,0,0,0,0,BEVERAGES,68,LOW_FIBER
0.2,13.4,0.0,0.0,64.3,393.3,1,1,0,2,ENERGY_DRINKS,16,"ARTIFICIAL_SWEETENER,PRESERVATIVES,LOW_FIBER"
65.0,4.8,7.7,8.0,345.5,122.6,0,0,0,0,HEALTH_SUPPLEMENTS,100,NONE
57.9,5.8,8.6,2.5,419.3,458.6,0,1,0,1,HEALTH_SUPPLEMENTS,70,PRESERVATIVES
8.9,3.7,3.5,1.9,89.3,104.6,0,0,0,0,DAIRY_PRODUCTS,91,LOW_FIBER
9.4,7.9,3.0,10.5,369.4,303.2,0,0,0,0,BREAKFAST_CEREAL,86,NONE
5.5,5.4,12.4,2.9,309.5,636.5,1,0,1,1,FROZEN_FOODS,37,"TRANS_FAT,ARTIFICIAL_SWEETENER"
5.7,3.9,3.2,2.0,89.7,126.1,0,0,0,0,DAIRY_PRODUCTS,87,NONE
8.8,16.0,7.9,7.8,390.2,205.6,0,0,0,1,BREAKFAST_CEREAL,63,NONE
1.5,20.7,28.7,0.4,343.8,974.0,1,1,0,2,SAUCES_SPREADS,18,"HIGH_SUGAR,HIGH_FAT,ARTIFICIAL_SWEETENER,PRESERVATIVES,LOW_FIBER,HIGH_SODIUM"
4.7,15.7,16.1,0.1,154.0,480.3,1,1,0,4,DAIRY_PRODUCTS,24,"ARTIFICIAL_SWEETENER,PRESERVATIVES,LOW_FIBER,MANY_RISKY_INGREDIENTS"
10.7,36.6,16.2,1.5,412.0,495.5,0,1,1,2,PROTEIN_BAR,1,"HIGH_SUGAR,TRANS_FAT,PRESERVATIVES,LOW_FIBER"
65.2,3.5,4.6,2.1,302.3,194.2,0,0,0,0,HEALTH_SUPPLEMENTS,98,NONE
16.9,13.4,13.9,5.1,400.7,274.9,1,1,0,2,PROTEIN_BAR,44,"ARTIFICIAL_SWEETENER,PRESERVATIVES"
1.6,19.5,14.3,0.4,275.0,621.8,0,1,0,2,SAUCES_SPREADS,36,"PRESERVATIVES,LOW_FIBER"
9.6,35.9,18.1,3.3,420.8,454.2,1,0,1,5,PROTEIN_BAR,0,"HIGH_SUGAR,HIGH_FAT,TRANS_FAT,ARTIFICIAL_SWEETENER,MANY_RISKY_INGREDIENTS"
5.5,10.2,9.8,6.3,415.0,269.0,0,0,0,0,BISCUITS_COOKIES,68,NONE
21.5,11.2,11.5,4.8,396.9,409.2,1,1,0,0,PROTEIN_BAR,53,"ARTIFICIAL_SWEETENER,PRESERVATIVES"
4.7,13.9,23.2,1.7,398.0,912.5,1,0,1,5,FROZEN_FOODS,0,"HIGH_FAT,TRANS_FAT,ARTIFICIAL_SWEETENER,LOW_FIBER,HIGH_SODIUM,MANY_RISKY_INGREDIENTS"
0.5,14.6,0.2,0.0,57.4,127.9,1,1,0,3,BEVERAGES,19,"ARTIFICIAL_SWEETENER,PRESERVATIVES,LOW_FIBER,MANY_RISKY_INGREDIENTS"
3.1,6.6,20.9,1.4,477.3,1008.2,0,0,0,3,INSTANT_NOODLES_RTE,22,"HIGH_FAT,LOW_FIBER,HIGH_CALORIE,HIGH_SODIUM,MANY_RISKY_INGREDIENTS"
7.4,5.0,14.6,3.2,259.8,680.9,1,0,0,3,FROZEN_FOODS,59,"ARTIFICIAL_SWEETENER,MANY_RISKY_INGREDIENTS"
3.1,19.2,19.7,2.6,459.9,331.7,0,1,1,3,BISCUITS_COOKIES,9,"HIGH_FAT,TRANS_FAT,PRESERVATIVES,HIGH_CALORIE,MANY_RISKY_INGREDIENTS"
6.8,6.7,14.6,2.0,445.2,697.2,0,1,0,3,SNACKS,51,"PRESERVATIVES,MANY_RISKY_INGREDIENTS"
79.6,1.4,7.4,7.0,354.3,113.5,0,0,0,0,HEALTH_SUPPLEMENTS,97,NONE
14.3,8.1,6.1,9.0,350.7,322.6,0,0,0,0,BREAKFAST_CEREAL,82,NONE
3.1,4.3,6.4,0.2,143.1,330.9,0,0,0,1,SAUCES_SPREADS,70,LOW_FIBER
1.7,1.0,0.3,0.9,16.3,42.7,0,0,0,0,BEVERAGES,75,LOW_FIBER
4.1,61.8,30.8,0.3,537.4,121.6,0,1,0,4,CHOCOLATES_CONFECTIONERY,20,"HIGH_SUGAR,HIGH_FAT,PRESERVATIVES,LOW_FIBER,HIGH_CALORIE,MANY_RISKY_INGREDIENTS"
64.5,3.9,7.3,2.5,362.8,279.1,0,0,0,0,HEALTH_SUPPLEMENTS,84,NONE
2.7,6.1,22.7,0.0,534.5,913.4,0,1,0,4,SNACKS,25,"HIGH_FAT,PRESERVATIVES,LOW_FIBER,HIGH_CALORIE,HIGH_SODIUM,MANY_RISKY_INGREDIENTS"
3.1,24.6,17.2,2.3,444.2,432.1,0,0,0,3,BISCUITS_COOKIES,24,"HIGH_SUGAR,MANY_RISKY_INGREDIENTS"
5.7,6.0,16.4,1.8,254.9,750.2,0,1,1,1,FROZEN_FOODS,30,"TRANS_FAT,PRESERVATIVES,LOW_FIBER"
60.4,2.2,6.3,7.8,325.0,148.1,0,0,0,0,HEALTH_SUPPLEMENTS,100,NONE
5.9,4.0,13.3,3.7,311.3,538.3,0,1,0,3,FROZEN_FOODS,67,"PRESERVATIVES,MANY_RISKY_INGREDIENTS"
75.8,2.3,6.9,6.5,371.4,168.7,0,0,0,0,HEALTH_SUPPLEMENTS,97,NONE
17.7,13.8,16.8,4.9,386.1,203.3,1,0,0,1,PROTEIN_BAR,46,ARTIFICIAL_SWEETENER
0.8,8.6,0.6,0.4,41.1,197.3,1,0,0,2,BEVERAGES,31,"ARTIFICIAL_SWEETENER,LOW_FIBER"
5.5,21.4,16.9,3.6,446.5,479.8,0,0,0,2,BISCUITS_COOKIES,44,HIGH_SUGAR
1.4,0.6,0.4,0.3,5.6,83.0,0,0,0,0,BEVERAGES,75,LOW_FIBER
16.7,22.0,12.9,2.6,405.9,412.4,1,1,1,3,HEALTH_SUPPLEMENTS,16,"HIGH_SUGAR,TRANS_FAT,ARTIFICIAL_SWEETENER,PRESERVATIVES,MANY_RISKY_INGREDIENTS"
13.4,23.7,24.6,2.7,414.1,536.7,1,1,0,3,PROTEIN_BAR,6,"HIGH_SUGAR,HIGH_FAT,ARTIFICIAL_SWEETENER,PRESERVATIVES,MANY_RISKY_INGREDIENTS"
71.5,3.1,3.9,4.9,373.6,200.0,0,0,0,0,HEALTH_SUPPLEMENTS,97,NONE
4.2,12.2,9.2,0.3,104.5,320.4,0,1,0,1,DAIRY_PRODUCTS,54,"PRESERVATIVES,LOW_FIBER"
0.3,10.6,0.0,0.0,61.2,289.3,0,1,0,3,ENERGY_DRINKS,22,"PRESERVATIVES,LOW_FIBER,MANY_RISKY_INGREDIENTS"
11.7,4.7,8.6,7.1,399.4,349.2,0,0,0,1,SNACKS,86,NONE
3.7,7.4,25.3,0.8,511.6,868.8,1,1,0,4,SNACKS,17,"HIGH_FAT,ARTIFICIAL_SWEETENER,PRESERVATIVES,LOW_FIBER,HIGH_CALORIE,HIGH_SODIUM,MANY_RISKY_INGREDIENTS"
21.2,12.3,15.6,2.4,401.4,478.5,1,1,0,3,HEALTH_SUPPLEMENTS,38,"ARTIFICIAL_SWEETENER,PRESERVATIVES,MANY_RISKY_INGREDIENTS"
6.0,12.4,9.3,0.9,136.5,208.1,0,1,0,0,DAIRY_PRODUCTS,60,"PRESERVATIVES,LOW_FIBER"
74.7,4.5,4.5,6.0,349.3,175.4,0,0,0,0,HEALTH_SUPPLEMENTS,100,NONE
11.5,2.5,8.5,4.2,332.2,404.3,0,0,0,0,INSTANT_NOODLES_RTE,89,NONE
3.9,31.0,24.1,1.8,481.1,398.1,1,1,0,4,BISCUITS_COOKIES,0,"HIGH_SUGAR,HIGH_FAT,ARTIFICIAL_SWEETENER,PRESERVATIVES,LOW_FIBER,HIGH_CALORIE,MANY_RISKY_INGREDIENTS"
2.6,7.5,24.5,0.3,576.3,1001.0,1,1,0,6,SNACKS,3,"HIGH_FAT,ARTIFICIAL_SWEETENER,PRESERVATIVES,LOW_FIBER,HIGH_CALORIE,HIGH_SODIUM,MANY_RISKY_INGREDIENTS"
5.5,6.3,14.5,2.4,457.3,518.6,0,0,0,2,SNACKS,56,HIGH_CALORIE
34.0,6.9,8.2,4.8,362.8,476.9,1,1,0,0,HEALTH_SUPPLEMENTS,68,"ARTIFICIAL_SWEETENER,PRESERVATIVES"
0.2,1.0,0.0,1.0,16.6,51.3,0,0,0,0,BEVERAGES,75,LOW_FIBER
0.2,1.7,0.5,0.1,7.0,46.6,0,0,0,0,BEVERAGES,75,LOW_FIBER
14.6,4.8,8.3,5.9,201.3,309.5,0,1,0,1,FROZEN_FOODS,83,PRESERVATIVES
2.7,38.1,27.2,1.3,486.8,425.8,1,1,1,4,BISCUITS_COOKIES,0,"HIGH_SUGAR,HIGH_FAT,TRANS_FAT,ARTIFICIAL_SWEETENER,PRESERVATIVES,LOW_FIBER,HIGH_CALORIE,MANY_RISKY_INGREDIENTS"
4.7,42.0,27.0,1.1,482.3,53.9,0,0,0,1,CHOCOLATES_CONFECTIONERY,38,"HIGH_SUGAR,HIGH_FAT,LOW_FIBER,HIGH_CALORIE"
1.1,25.3,28.2,0.4,312.6,1151.2,0,1,1,2,SAUCES_SPREADS,0,"HIGH_SUGAR,HIGH_FAT,TRANS_FAT,PRESERVATIVES,LOW_FIBER,HIGH_SODIUM"
0.5,34.1,21.7,0.2,351.3,1211.7,1,1,0,3,SAUCES_SPREADS,0,"HIGH_SUGAR,HIGH_FAT,ARTIFICIAL_SWEETENER,PRESERVATIVES,LOW_FIBER,HIGH_SODIUM,MANY_RISKY_INGREDIENTS"
9.4,4.3,10.2,2.8,259.8,625.4,0,0,0,2,FROZEN_FOODS,69,NONE
26.4,7.8,10.8,6.1,340.7,319.0,0,0,0,1,PROTEIN_BAR,84,NONE
13.8,12.6,15.2,6.0,354.9,219.5,1,0,0,3,PROTEIN_BAR,41,"ARTIFICIAL_SWEETENER,MANY_RISKY_INGREDIENTS"
1.4,14.7,13.7,0.5,290.3,613.9,1,0,0,2,SAUCES_SPREADS,40,"ARTIFICIAL_SWEETENER,LOW_FIBER"
3.9,10.7,19.5,0.2,352.3,1070.0,0,1,0,5,FROZEN_FOODS,22,"HIGH_FAT,PRESERVATIVES,LOW_FIBER,HIGH_SODIUM,MANY_RISKY_INGREDIENTS"
0.4,13.6,0.2,0.0,54.3,156.6,1,1,0,3,BEVERAGES,19,"ARTIFICIAL_SWEETENER,PRESERVATIVES,LOW_FIBER,MANY_RISKY_INGREDIENTS"
4.2,11.1,8.3,0.8,132.6,201.4,0,0,0,0,DAIRY_PRODUCTS,61,LOW_FIBER
0.3,0.1,0.2,0.8,14.8,39.8,0,0,0,0,BEVERAGES,75,LOW_FIBER
0.6,8.5,0.5,0.2,32.4,90.7,1,0,0,1,BEVERAGES,33,"ARTIFICIAL_SWEETENER,LOW_FIBER"
0.2,10.3,0.0,0.0,68.7,314.2,1,1,0,4,ENERGY_DRINKS,12,"ARTIFICIAL_SWEETENER,PRESERVATIVES,LOW_FIBER,MANY_RISKY_INGREDIENTS"
4.2,7.0,2.3,1.4,59.4,378.4,0,0,0,1,SAUCES_SPREADS,67,LOW_FIBER
46.4,11.9,10.8,2.7,393.1,235.2,0,1,0,1,HEALTH_SUPPLEMENTS,60,PRESERVATIVES
3.9,42.0,27.7,2.6,510.6,87.3,0,0,0,1,CHOCOLATES_CONFECTIONERY,43,"HIGH_SUGAR,HIGH_FAT,HIGH_CALORIE"
4.8,6.1,18.8,0.8,490.3,1667.4,1,1,0,3,INSTANT_NOODLES_RTE,14,"HIGH_FAT,ARTIFICIAL_SWEETENER,PRESERVATIVES,LOW_FIBER,HIGH_CALORIE,HIGH_SODIUM,MANY_RISKY_INGREDIENTS"
2.3,14.4,32.2,0.4,551.0,1079.6,0,0,0,3,SNACKS,16,"HIGH_FAT,LOW_FIBER,HIGH_CALORIE,HIGH_SODIUM,MANY_RISKY_INGREDIENTS"
4.7,10.8,7.7,1.0,137.6,307.4,0,0,0,1,DAIRY_PRODUCTS,59,LOW_FIBER
41.1,7.3,11.2,2.9,413.0,466.0,0,1,0,1,HEALTH_SUPPLEMENTS,66,PRESERVATIVES
3.4,12.6,31.2,1.0,549.6,1175.0,1,1,1,6,SNACKS,0,"HIGH_FAT,TRANS_FAT,ARTIFICIAL_SWEETENER,PRESERVATIVES,LOW_FIBER,HIGH_CALORIE,HIGH_SODIUM,MANY_RISKY_INGREDIENTS"
3.2,6.1,24.1,1.7,456.1,1596.2,0,1,0,3,INSTANT_NOODLES_RTE,17,"HIGH_FAT,PRESERVATIVES,LOW_FIBER,HIGH_CALORIE,HIGH_SODIUM,MANY_RISKY_INGREDIENTS"
9.1,4.2,11.7,6.5,435.1,396.4,0,0,0,1,SNACKS,82,NONE
8.1,11.2,8.7,7.2,419.9,300.8,0,0,0,1,BISCUITS_COOKIES,70,NONE
9.8,14.0,9.1,4.5,378.7,429.0,0,1,0,0,BREAKFAST_CEREAL,63,PRESERVATIVES
2.5,20.4,13.2,0.2,191.5,498.6,0,1,0,4,DAIRY_PRODUCTS,37,"HIGH_SUGAR,PRESERVATIVES,LOW_FIBER,MANY_RISKY_INGREDIENTS"
6.9,4.3,16.1,1.2,408.8,829.3,0,0,1,2,INSTANT_NOODLES_RTE,40,"TRANS_FAT,LOW_FIBER,HIGH_SODIUM"
46.6,11.6,11.4,3.3,359.7,337.9,1,1,0,0,HEALTH_SUPPLEMENTS,58,"ARTIFICIAL_SWEETENER,PRESERVATIVES"
50.5,5.5,8.9,1.7,397.8,383.0,1,1,0,1,HEALTH_SUPPLEMENTS,57,"ARTIFICIAL_SWEETENER,PRESERVATIVES,LOW_FIBER"
13.4,4.1,9.0,4.1,234.9,360.6,0,0,0,0,FROZEN_FOODS,90,NONE
3.6,14.8,31.3,0.2,547.1,708.6,1,1,1,3,SNACKS,0,"HIGH_FAT,TRANS_FAT,ARTIFICIAL_SWEETENER,PRESERVATIVES,LOW_FIBER,HIGH_CALORIE,MANY_RISKY_INGREDIENTS"
4.7,48.8,30.9,1.3,543.6,74.4,0,1,0,2,CHOCOLATES_CONFECTIONERY,31,"HIGH_SUGAR,HIGH_FAT,PRESERVATIVES,LOW_FIBER,HIGH_CALORIE"
0.2,8.1,0.0,0.0,31.1,198.8,0,0,0,2,ENERGY_DRINKS,39,LOW_FIBER
8.6,5.2,14.0,1.5,389.6,799.8,0,0,1,3,INSTANT_NOODLES_RTE,40,"TRANS_FAT,LOW_FIBER,MANY_RISKY_INGREDIENTS"
2.0,7.0,5.7,0.5,180.8,440.2,0,1,0,1,SAUCES_SPREADS,58,"PRESERVATIVES,LOW_FIBER"
4.1,39.5,29.3,1.5,515.8,69.2,1,0,0,2,CHOCOLATES_CONFECTIONERY,28,"HIGH_SUGAR,HIGH_FAT,ARTIFICIAL_SWEETENER,LOW_FIBER,HIGH_CALORIE"
49.4,6.6,6.0,4.9,353.2,340.3,0,0,0,1,HEALTH_SUPPLEMENTS,79,NONE
14.1,26.7,20.6,4.6,499.4,687.7,1,0,0,2,PROTEIN_BAR,7,"HIGH_SUGAR,HIGH_FAT,ARTIFICIAL_SWEETENER,HIGH_CALORIE"
20.6,16.0,13.6,1.0,457.5,364.1,1,1,0,4,HEALTH_SUPPLEMENTS,24,"ARTIFICIAL_SWEETENER,PRESERVATIVES,LOW_FIBER,HIGH_CALORIE,MANY_RISKY_INGREDIENTS"
63.0,1.5,2.8,3.3,345.0,253.4,0,0,0,0,HEALTH_SUPPLEMENTS,97,NONE
49.6,5.3,7.0,4.2,386.4,210.6,0,1,0,2,HEALTH_SUPPLEMENTS,72,PRESERVATIVES
0.3,12.8,0.5,0.0,45.9,182.3,1,1,0,2,BEVERAGES,26,"ARTIFICIAL_SWEETENER,PRESERVATIVES,LOW_FIBER"
14.9,15.1,15.2,5.2,377.8,309.5,0,0,0,0,PROTEIN_BAR,44,NONE
6.1,10.4,9.7,0.8,149.1,369.1,1,0,0,0,DAIRY_PRODUCTS,57,"ARTIFICIAL_SWEETENER,LOW_FIBER"
5.4,11.0,8.5,0.4,121.4,249.6,1,1,0,0,DAIRY_PRODUCTS,52,"ARTIFICIAL_SWEETENER,PRESERVATIVES,LOW_FIBER"
0.0,14.6,0.0,0.0,51.9,377.6,0,1,0,3,ENERGY_DRINKS,22,"PRESERVATIVES,LOW_FIBER,MANY_RISKY_INGREDIENTS"
42.5,9.8,8.8,2.1,395.2,261.3,1,0,0,2,HEALTH_SUPPLEMENTS,65,ARTIFICIAL_SWEETENER
4.6,58.5,31.7,0.4,526.6,191.4,1,1,0,2,CHOCOLATES_CONFECTIONERY,16,"HIGH_SUGAR,HIGH_FAT,ARTIFICIAL_SWEETENER,PRESERVATIVES,LOW_FIBER,HIGH_CALORIE"
11.2,5.6,4.1,0.1,58.7,116.8,0,0,0,0,DAIRY_PRODUCTS,84,LOW_FIBER
3.6,61.0,37.5,1.5,550.0,103.1,1,0,0,2,CHOCOLATES_CONFECTIONERY,13,"HIGH_SUGAR,HIGH_FAT,ARTIFICIAL_SWEETENER,LOW_FIBER,HIGH_CALORIE"
30.2,10.0,8.9,2.9,379.6,355.8,0,0,0,1,HEALTH_SUPPLEMENTS,75,NONE
2.0,15.7,13.6,0.3,191.7,858.7,0,1,0,2,SAUCES_SPREADS,36,"PRESERVATIVES,LOW_FIBER,HIGH_SODIUM"
47.5,5.4,11.2,2.2,359.7,226.4,1,1,0,0,HEALTH_SUPPLEMENTS,60,"ARTIFICIAL_SWEETENER,PRESERVATIVES"
0.6,9.7,0.0,0.0,41.4,229.5,1,1,0,1,ENERGY_DRINKS,23,"ARTIFICIAL_SWEETENER,PRESERVATIVES,LOW_FIBER"
3.8,47.7,35.2,0.1,531.1,186.9,0,1,0,2,CHOCOLATES_CONFECTIONERY,23,"HIGH_SUGAR,HIGH_FAT,PRESERVATIVES,LOW_FIBER,HIGH_CALORIE"
10.7,23.2,25.0,3.6,421.2,46.4,0,0,0,1,CHOCOLATES_CONFECTIONERY,68,"HIGH_SUGAR,HIGH_FAT"
2.3,47.4,37.0,1.3,535.0,172.0,0,1,0,3,CHOCOLATES_CONFECTIONERY,21,"HIGH_SUGAR,HIGH_FAT,PRESERVATIVES,LOW_FIBER,HIGH_CALORIE,MANY_RISKY_INGREDIENTS"
5.9,6.1,15.5,2.5,289.5,609.5,0,1,1,3,FROZEN_FOODS,31,"TRANS_FAT,PRESERVATIVES,MANY_RISKY_INGREDIENTS"
4.9,17.3,10.6,0.2,210.5,345.1,1,1,0,3,DAIRY_PRODUCTS,31,"ARTIFICIAL_SWEETENER,PRESERVATIVES,LOW_FIBER,MANY_RISKY_INGREDIENTS"
5.8,8.8,22.3,1.5,321.2,987.5,1,1,1,5,FROZEN_FOODS,9,"HIGH_FAT,TRANS_FAT,ARTIFICIAL_SWEETENER,PRESERVATIVES,LOW_FIBER,HIGH_SODIUM,MANY_RISKY_INGREDIENTS"
26.2,5.2,10.5,11.5,334.1,392.3,0,0,0,0,PROTEIN_BAR,90,NONE
6.1,18.3,5.3,5.1,381.7,405.0,1,1,0,2,BREAKFAST_CEREAL,40,"ARTIFICIAL_SWEETENER,PRESERVATIVES"
6.6,10.6,11.2,3.7,401.9,239.6,0,0,0,1,BISCUITS_COOKIES,58,NONE
1.7,19.4,13.6,0.8,271.3,764.5,0,0,0,1,SAUCES_SPREADS,43,LOW_FIBER
0.9,2.2,0.5,0.4,15.9,85.9,0,0,0,0,BEVERAGES,68,LOW_FIBER
4.1,9.7,17.3,3.6,489.1,653.1,0,1,0,3,SNACKS,41,"PRESERVATIVES,HIGH_CALORIE,MANY_RISKY_INGREDIENTS"
7.5,24.9,20.3,2.1,482.5,627.7,1,1,0,5,PROTEIN_BAR,0,"HIGH_SUGAR,HIGH_FAT,ARTIFICIAL_SWEETENER,PRESERVATIVES,HIGH_CALORIE,MANY_RISKY_INGREDIENTS"
3.1,5.0,18.2,1.7,442.4,1539.1,0,1,0,5,INSTANT_NOODLES_RTE,30,"HIGH_FAT,PRESERVATIVES,LOW_FIBER,HIGH_SODIUM,MANY_RISKY_INGREDIENTS"
6.6,19.9,10.0,5.9,389.6,222.8,1,0,0,1,BREAKFAST_CEREAL,47,ARTIFICIAL_SWEETENER
14.3,11.9,7.7,14.0,375.4,265.3,0,0,0,0,BREAKFAST_CEREAL,80,NONE
4.7,29.6,28.2,1.3,549.3,361.2,1,1,0,5,BISCUITS_COOKIES,0,"HIGH_SUGAR,HIGH_FAT,ARTIFICIAL_SWEETENER,PRESERVATIVES,LOW_FIBER,HIGH_CALORIE,MANY_RISKY_INGREDIENTS"
12.9,9.1,3.8,8.9,359.5,195.3,0,0,0,0,BREAKFAST_CEREAL,91,NONE
0.2,26.9,29.4,0.5,364.2,1212.6,0,1,0,3,SAUCES_SPREADS,0,"HIGH_SUGAR,HIGH_FAT,PRESERVATIVES,LOW_FIBER,HIGH_SODIUM,MANY_RISKY_INGREDIENTS"
14.9,13.4,17.1,7.4,381.2,273.9,0,0,0,3,PROTEIN_BAR,49,MANY_RISKY_INGREDIENTS
0.8,5.6,0.0,0.0,36.5,124.5,0,0,0,1,ENERGY_DRINKS,55,LOW_FIBER
0.3,13.1,0.4,0.0,60.8,105.3,0,0,0,2,BEVERAGES,34,LOW_FIBER
7.3,4.6,2.4,1.7,95.0,115.2,0,0,0,0,DAIRY_PRODUCTS,87,LOW_FIBER
77.2,1.0,2.4,4.6,376.7,278.2,0,0,0,0,HEALTH_SUPPLEMENTS,92,NONE
2.5,14.2,10.5,0.4,234.6,618.6,1,1,0,1,SAUCES_SPREADS,37,"ARTIFICIAL_SWEETENER,PRESERVATIVES,LOW_FIBER"
5.0,7.0,20.9,1.0,433.3,1224.5,0,1,0,4,INSTANT_NOODLES_RTE,24,"HIGH_FAT,PRESERVATIVES,LOW_FIBER,HIGH_SODIUM,MANY_RISKY_INGREDIENTS"
2.1,50.2,31.7,0.4,550.2,161.0,0,1,1,3,CHOCOLATES_CONFECTIONERY,7,"HIGH_SUGAR,HIGH_FAT,TRANS_FAT,PRESERVATIVES,LOW_FIBER,HIGH_CALORIE,MANY_RISKY_INGREDIENTS"
2.4,59.9,31.7,1.4,545.3,189.3,1,0,0,4,CHOCOLATES_CONFECTIONERY,17,"HIGH_SUGAR,HIGH_FAT,ARTIFICIAL_SWEETENER,LOW_FIBER,HIGH_CALORIE,MANY_RISKY_INGREDIENTS"
5.9,7.2,21.7,0.4,430.3,1784.4,1,1,1,3,INSTANT_NOODLES_RTE,3,"HIGH_FAT,TRANS_FAT,ARTIFICIAL_SWEETENER,PRESERVATIVES,LOW_FIBER,HIGH_SODIUM,MANY_RISKY_INGREDIENTS"
19.9,12.9,13.4,3.1,389.8,237.4,1,0,0,1,PROTEIN_BAR,51,ARTIFICIAL_SWEETENER
1.5,12.7,16.6,0.0,201.8,744.1,1,0,0,2,SAUCES_SPREADS,35,"ARTIFICIAL_SWEETENER,LOW_FIBER"
0.1,8.1,0.0,0.0,45.3,298.5,0,1,0,2,ENERGY_DRINKS,29,"PRESERVATIVES,LOW_FIBER"
60.9,4.4,5.2,4.0,323.2,208.9,0,0,0,0,HEALTH_SUPPLEMENTS,93,NONE
37.2,9.4,11.0,1.9,385.6,394.6,1,0,0,0,HEALTH_SUPPLEMENTS,60,"ARTIFICIAL_SWEETENER,LOW_FIBER"
3.1,10.1,6.7,0.5,105.5,216.8,1,1,0,1,DAIRY_PRODUCTS,46,"ARTIFICIAL_SWEETENER,PRESERVATIVES,LOW_FIBER"
5.3,23.8,18.6,3.0,447.9,347.0,0,1,0,1,BISCUITS_COOKIES,31,"HIGH_SUGAR,HIGH_FAT,PRESERVATIVES"
9.7,7.9,16.7,4.0,253.9,752.9,0,1,0,3,FROZEN_FOODS,54,"PRESERVATIVES,MANY_RISKY_INGREDIENTS"
50.7,10.3,6.5,3.5,390.6,483.1,0,0,0,1,HEALTH_SUPPLEMENTS,73,NONE
0.2,12.2,0.0,0.0,56.3,271.9,0,1,0,2,ENERGY_DRINKS,24,"PRESERVATIVES,LOW_FIBER"
3.1,15.6,19.2,3.6,454.7,291.2,0,1,0,2,BISCUITS_COOKIES,30,"HIGH_FAT,PRESERVATIVES,HIGH_CALORIE"
5.0,6.6,24.5,1.9,468.6,1396.3,0,1,0,5,INSTANT_NOODLES_RTE,17,"HIGH_FAT,PRESERVATIVES,LOW_FIBER,HIGH_CALORIE,HIGH_SODIUM,MANY_RISKY_INGREDIENTS"
7.2,3.9,4.2,0.2,72.8,135.5,0,0,0,0,DAIRY_PRODUCTS,87,LOW_FIBER
4.4,55.4,39.1,0.9,530.7,104.2,1,1,0,2,CHOCOLATES_CONFECTIONERY,8,"HIGH_SUGAR,HIGH_FAT,ARTIFICIAL_SWEETENER,PRESERVATIVES,LOW_FIBER,HIGH_CALORIE"
0.6,8.2,0.8,0.4,30.2,109.3,1,1,0,2,BEVERAGES,26,"ARTIFICIAL_SWEETENER,PRESERVATIVES,LOW_FIBER"
2.5,21.9,14.5,0.1,195.1,342.7,0,1,0,2,DAIRY_PRODUCTS,41,"HIGH_SUGAR,PRESERVATIVES,LOW_FIBER"
10.7,3.0,3.1,1.0,81.2,97.9,0,0,0,0,DAIRY_PRODUCTS,91,LOW_FIBER
5.4,20.9,6.2,6.6,387.4,365.9,1,0,0,1,BREAKFAST_CEREAL,51,"HIGH_SUGAR,ARTIFICIAL_SWEETENER"
3.6,6.8,3.7,0.9,52.2,441.2,0,1,0,1,SAUCES_SPREADS,62,"PRESERVATIVES,LOW_FIBER"
0.1,12.3,0.0,0.0,49.2,208.3,1,0,0,3,ENERGY_DRINKS,24,"ARTIFICIAL_SWEETENER,LOW_FIBER,MANY_RISKY_INGREDIENTS"
5.2,5.2,8.0,4.7,409.7,404.7,0,1,0,1,SNACKS,66,PRESERVATIVES
1.4,0.7,0.1,0.5,18.6,10.0,0,0,0,0,BEVERAGES,75,LOW_FIBER
34.2,3.5,8.5,6.7,326.6,180.0,0,0,0,1,PROTEIN_BAR,100,NONE
0.1,7.4,0.0,0.0,46.3,246.0,1,0,0,1,ENERGY_DRINKS,42,"ARTIFICIAL_SWEETENER,LOW_FIBER"
3.6,19.2,15.9,1.3,431.2,320.7,0,1,0,2,BISCUITS_COOKIES,26,"PRESERVATIVES,LOW_FIBER"
8.8,3.8,16.7,2.5,403.0,744.4,1,0,0,1,INSTANT_NOODLES_RTE,58,ARTIFICIAL_SWEETENER
15.6,20.4,13.8,0.5,459.5,423.4,1,1,0,2,HEALTH_SUPPLEMENTS,23,"HIGH_SUGAR,ARTIFICIAL_SWEETENER,PRESERVATIVES,LOW_FIBER,HIGH_CALORIE"
49.9,11.3,6.8,4.3,376.4,443.7,0,1,0,1,HEALTH_SUPPLEMENTS,68,PRESERVATIVES
45.2,10.5,6.9,1.1,378.5,352.3,0,0,0,1,HEALTH_SUPPLEMENTS,64,LOW_FIBER
23.6,3.8,7.1,10.6,320.0,382.3,0,0,0,1,PROTEIN_BAR,94,NONE
30.9,2.1,11.6,9.5,341.7,396.5,0,0,0,1,PROTEIN_BAR,91,NONE
3.8,5.7,28.4,2.0,531.0,996.9,0,0,1,5,SNACKS,18,"HIGH_FAT,TRANS_FAT,HIGH_CALORIE,HIGH_SODIUM,MANY_RISKY_INGREDIENTS"
4.9,44.5,25.8,2.6,497.1,134.9,1,0,0,2,CHOCOLATES_CONFECTIONERY,33,"HIGH_SUGAR,HIGH_FAT,ARTIFICIAL_SWEETENER,HIGH_CALORIE"
17.2,12.9,12.0,4.5,403.4,426.7,0,1,0,1,PROTEIN_BAR,54,PRESERVATIVES
6.7,20.4,18.7,3.0,447.0,431.1,0,0,0,1,BISCUITS_COOKIES,46,"HIGH_SUGAR,HIGH_FAT"
6.3,8.4,7.9,0.6,113.0,255.3,1,0,0,2,DAIRY_PRODUCTS,59,"ARTIFICIAL_SWEETENER,LOW_FIBER"
5.3,31.0,12.5,4.4,444.2,432.0,1,0,0,3,BREAKFAST_CEREAL,29,"HIGH_SUGAR,ARTIFICIAL_SWEETENER,MANY_RISKY_INGREDIENTS"
2.7,12.5,11.1,0.1,210.9,696.1,1,0,0,1,SAUCES_SPREADS,42,"ARTIFICIAL_SWEETENER,LOW_FIBER"
0.9,0.1,0.0,0.0,18.6,67.0,0,0,0,1,ENERGY_DRINKS,73,LOW_FIBER
3.4,11.6,26.2,1.6,328.4,905.5,1,1,1,5,FROZEN_FOODS,0,"HIGH_FAT,TRANS_FAT,ARTIFICIAL_SWEETENER,PRESERVATIVES,LOW_FIBER,HIGH_SODIUM,MANY_RISKY_INGREDIENTS"
6.7,8.1,26.3,0.5,334.3,879.5,1,1,0,4,FROZEN_FOODS,26,"HIGH_FAT,ARTIFICIAL_SWEETENER,PRESERVATIVES,LOW_FIBER,HIGH_SODIUM,MANY_RISKY_INGREDIENTS"
8.9,4.7,3.3,0.2,87.7,231.9,0,0,0,0,DAIRY_PRODUCTS,86,LOW_FIBER
8.5,6.8,11.0,3.0,260.0,551.8,0,1,0,2,FROZEN_FOODS,66,PRESERVATIVES
2.2,14.0,16.4,0.5,288.1,703.9,1,1,0,2,SAUCES_SPREADS,30,"ARTIFICIAL_SWEETENER,PRESERVATIVES,LOW_FIBER"
2.4,61.8,36.0,1.9,572.0,61.2,0,1,0,2,CHOCOLATES_CONFECTIONERY,16,"HIGH_SUGAR,HIGH_FAT,PRESERVATIVES,LOW_FIBER,HIGH_CALORIE"
11.9,2.1,9.4,6.2,228.5,254.0,0,0,0,0,FROZEN_FOODS,90,NONE
0.2,11.7,0.0,0.0,48.4,334.9,1,0,0,4,ENERGY_DRINKS,22,"ARTIFICIAL_SWEETENER,LOW_FIBER,MANY_RISKY_INGREDIENTS"
5.7,12.9,8.4,0.6,141.2,375.1,0,0,0,1,DAIRY_PRODUCTS,63,LOW_FIBER
9.6,4.1,17.4,2.8,299.7,619.5,1,0,0,1,FROZEN_FOODS,58,ARTIFICIAL_SWEETENER
8.2,10.9,5.4,14.7,362.9,144.2,0,0,0,0,BREAKFAST_CEREAL,81,NONE
0.1,0.2,0.0,0.0,10.6,124.7,0,0,0,1,ENERGY_DRINKS,73,LOW_FIBER
3.0,12.6,28.9,0.4,549.2,1183.6,0,1,0,6,SNACKS,5,"HIGH_FAT,PRESERVATIVES,LOW_FIBER,HIGH_CALORIE,HIGH_SODIUM,MANY_RISKY_INGREDIENTS"
5.5,6.7,21.2,1.8,451.2,1603.2,0,1,1,4,INSTANT_NOODLES_RTE,4,"HIGH_FAT,TRANS_FAT,PRESERVATIVES,LOW_FIBER,HIGH_CALORIE,HIGH_SODIUM,MANY_RISKY_INGREDIENTS"
3.7,6.4,6.5,1.0,51.7,278.4,0,0,0,0,SAUCES_SPREADS,70,LOW_FIBER
2.3,39.2,23.5,0.8,495.1,558.1,1,1,1,5,BISCUITS_COOKIES,0,"HIGH_SUGAR,HIGH_FAT,TRANS_FAT,ARTIFICIAL_SWEETENER,PRESERVATIVES,LOW_FIBER,HIGH_CALORIE,MANY_RISKY_INGREDIENTS"
15.8,10.4,17.0,6.4,369.6,272.6,0,0,0,1,PROTEIN_BAR,58,NONE
4.6,9.9,9.7,0.3,113.9,245.6,0,0,0,0,DAIRY_PRODUCTS,67,LOW_FIBER
4.3,58.6,34.6,1.0,536.0,61.1,0,1,0,3,CHOCOLATES_CONFECTIONERY,22,"HIGH_SUGAR,HIGH_FAT,PRESERVATIVES,LOW_FIBER,HIGH_CALORIE,MANY_RISKY_INGREDIENTS"
6.8,5.6,10.9,1.7,253.5,520.3,0,0,0,1,FROZEN_FOODS,60,LOW_FIBER
3.6,33.4,27.3,3.0,521.8,51.5,1,0,0,2,CHOCOLATES_CONFECTIONERY,45,"HIGH_SUGAR,HIGH_FAT,ARTIFICIAL_SWEETENER,HIGH_CALORIE"
6.3,27.8,21.3,3.2,497.8,614.3,1,1,0,5,PROTEIN_BAR,0,"HIGH_SUGAR,HIGH_FAT,ARTIFICIAL_SWEETENER,PRESERVATIVES,HIGH_CALORIE,MANY_RISKY_INGREDIENTS"
0.2,14.9,0.0,0.0,48.5,259.3,0,1,0,2,ENERGY_DRINKS,29,"PRESERVATIVES,LOW_FIBER"
0.3,12.3,0.0,0.0,64.7,220.3,1,1,0,3,ENERGY_DRINKS,14,"ARTIFICIAL_SWEETENER,PRESERVATIVES,LOW_FIBER,MANY_RISKY_INGREDIENTS"
15.3,14.6,11.5,5.0,417.6,226.7,1,0,0,1,PROTEIN_BAR,51,ARTIFICIAL_SWEETENER
5.7,9.2,20.5,3.7,477.0,572.4,0,1,0,3,SNACKS,43,"HIGH_FAT,PRESERVATIVES,HIGH_CALORIE,MANY_RISKY_INGREDIENTS"
61.7,2.0,5.9,2.1,348.3,254.5,0,0,0,0,HEALTH_SUPPLEMENTS,89,NONE
5.2,4.5,3.6,0.9,69.5,140.9,0,0,0,0,DAIRY_PRODUCTS,87,LOW_FIBER
13.5,4.0,6.2,5.1,154.9,344.9,0,0,0,0,FROZEN_FOODS,90,NONE
2.5,19.2,14.6,0.4,299.9,613.2,0,1,0,1,SAUCES_SPREADS,38,"PRESERVATIVES,LOW_FIBER"
0.7,5.9,0.5,0.3,41.5,189.0,1,0,0,0,BEVERAGES,49,"ARTIFICIAL_SWEETENER,LOW_FIBER"
2.3,49.3,34.2,1.7,535.3,199.6,0,1,0,2,CHOCOLATES_CONFECTIONERY,31,"HIGH_SUGAR,HIGH_FAT,PRESERVATIVES,LOW_FIBER,HIGH_CALORIE"
36.7,7.7,11.0,4.0,360.8,382.3,1,0,0,0,HEALTH_SUPPLEMENTS,69,ARTIFICIAL_SWEETENER
0.9,2.3,0.1,0.1,10.4,95.5,0,0,0,0,BEVERAGES,68,LOW_FIBER
7.0,6.8,12.5,5.3,428.2,243.8,0,0,0,1,BISCUITS_COOKIES,64,NONE
4.5,9.1,30.9,0.6,534.8,1147.8,1,1,0,5,SNACKS,5,"HIGH_FAT,ARTIFICIAL_SWEETENER,PRESERVATIVES,LOW_FIBER,HIGH_CALORIE,HIGH_SODIUM,MANY_RISKY_INGREDIENTS"
1.4,6.0,3.7,1.9,115.4,328.8,0,0,0,1,SAUCES_SPREADS,67,LOW_FIBER
6.1,19.7,7.2,5.1,395.3,227.1,1,1,1,0,BREAKFAST_CEREAL,29,"TRANS_FAT,ARTIFICIAL_SWEETENER,PRESERVATIVES"
0.1,0.1,0.2,0.1,15.2,36.1,0,0,0,0,BEVERAGES,75,LOW_FIBER
3.2,23.3,16.1,0.3,166.4,489.2,1,1,1,2,DAIRY_PRODUCTS,3,"HIGH_SUGAR,TRANS_FAT,ARTIFICIAL_SWEETENER,PRESERVATIVES,LOW_FIBER"
8.6,20.9,9.4,4.1,374.8,248.4,0,1,0,2,BREAKFAST_CEREAL,52,"HIGH_SUGAR,PRESERVATIVES"
0.2,10.4,0.3,0.0,54.3,205.9,1,0,0,2,BEVERAGES,21,"ARTIFICIAL_SWEETENER,LOW_FIBER"
6.3,5.2,17.5,3.3,400.7,851.3,0,1,0,2,INSTANT_NOODLES_RTE,52,"PRESERVATIVES,HIGH_SODIUM"
6.0,37.9,11.8,3.9,448.2,573.4,1,1,0,4,BREAKFAST_CEREAL,22,"HIGH_SUGAR,ARTIFICIAL_SWEETENER,PRESERVATIVES,MANY_RISKY_INGREDIENTS"
5.8,4.4,2.9,1.2,74.1,244.6,0,0,0,0,DAIRY_PRODUCTS,82,LOW_FIBER
3.8,3.3,15.5,3.0,444.9,588.8,0,0,0,1,SNACKS,65,NONE
20.5,17.1,13.7,3.4,405.8,343.1,1,1,0,3,PROTEIN_BAR,40,"ARTIFICIAL_SWEETENER,PRESERVATIVES,MANY_RISKY_INGREDIENTS"
4.8,61.2,38.9,0.1,570.9,60.8,1,0,0,2,CHOCOLATES_CONFECTIONERY,13,"HIGH_SUGAR,HIGH_FAT,ARTIFICIAL_SWEETENER,LOW_FIBER,HIGH_CALORIE"
0.4,8.6,0.0,0.0,32.5,250.8,0,1,0,1,ENERGY_DRINKS,31,"PRESERVATIVES,LOW_FIBER"
6.3,7.4,11.5,3.4,301.5,649.7,0,0,0,2,FROZEN_FOODS,62,NONE
1.0,5.8,0.0,0.0,39.3,292.4,1,1,0,1,ENERGY_DRINKS,37,"ARTIFICIAL_SWEETENER,PRESERVATIVES,LOW_FIBER"
5.8,32.4,10.5,2.7,416.7,463.7,1,1,0,4,BREAKFAST_CEREAL,18,"HIGH_SUGAR,ARTIFICIAL_SWEETENER,PRESERVATIVES,MANY_RISKY_INGREDIENTS"
4.7,32.7,25.8,1.9,513.8,125.2,0,0,0,1,CHOCOLATES_CONFECTIONERY,46,"HIGH_SUGAR,HIGH_FAT,LOW_FIBER,HIGH_CALORIE"
8.9,7.9,17.0,2.4,282.2,714.9,0,1,0,2,FROZEN_FOODS,52,PRESERVATIVES
29.5,4.7,5.4,9.9,313.5,288.9,0,0,0,1,PROTEIN_BAR,95,NONE
6.2,18.5,7.1,8.9,370.6,321.0,0,0,0,0,BREAKFAST_CEREAL,61,NONE
7.7,9.4,9.6,5.7,430.0,377.4,0,0,0,1,BISCUITS_COOKIES,68,NONE
8.5,3.7,1.3,0.5,53.1,156.0,0,0,0,0,DAIRY_PRODUCTS,91,LOW_FIBER
14.7,3.0,9.3,6.8,244.3,470.4,0,1,0,0,FROZEN_FOODS,89,PRESERVATIVES
50.4,9.0,6.6,1.3,377.1,394.3,1,0,0,0,HEALTH_SUPPLEMENTS,64,"ARTIFICIAL_SWEETENER,LOW_FIBER"
1.9,2.5,0.0,0.3,6.0,99.6,0,0,0,0,BEVERAGES,68,LOW_FIBER
6.4,5.5,15.0,1.7,396.9,731.7,1,1,1,2,INSTANT_NOODLES_RTE,25,"TRANS_FAT,ARTIFICIAL_SWEETENER,PRESERVATIVES,LOW_FIBER"
4.0,10.0,8.5,0.0,109.0,320.1,0,0,0,0,DAIRY_PRODUCTS,67,LOW_FIBER
4.1,3.6,4.3,1.5,76.9,359.5,0,1,0,0,SAUCES_SPREADS,71,"PRESERVATIVES,LOW_FIBER"
0.1,6.4,0.8,0.0,26.5,104.5,1,0,0,0,BEVERAGES,49,"ARTIFICIAL_SWEETENER,LOW_FIBER"
5.1,10.7,9.7,0.3,107.6,185.1,1,0,0,1,DAIRY_PRODUCTS,60,"ARTIFICIAL_SWEETENER,LOW_FIBER"
0.9,8.6,0.9,0.3,25.1,89.8,1,1,0,1,BEVERAGES,28,"ARTIFICIAL_SWEETENER,PRESERVATIVES,LOW_FIBER"
7.1,4.1,2.3,0.5,72.2,178.5,0,0,0,0,DAIRY_PRODUCTS,87,LOW_FIBER
12.3,2.4,7.8,4.8,371.2,511.7,0,1,0,0,INSTANT_NOODLES_RTE,83,PRESERVATIVES
1.7,15.2,13.3,0.7,206.9,763.5,1,1,0,2,SAUCES_SPREADS,28,"ARTIFICIAL_SWEETENER,PRESERVATIVES,LOW_FIBER"
0.8,21.6,27.9,0.1,365.6,925.3,0,0,0,2,SAUCES_SPREADS,26,"HIGH_SUGAR,HIGH_FAT,LOW_FIBER,HIGH_SODIUM"
6.8,7.8,18.2,3.2,472.7,546.4,0,1,0,1,SNACKS,52,"HIGH_FAT,PRESERVATIVES,HIGH_CALORIE"
14.5,17.6,13.9,3.0,356.5,285.3,0,1,0,2,PROTEIN_BAR,40,PRESERVATIVES
1.8,28.3,26.3,0.3,379.7,1385.1,1,1,1,3,SAUCES_SPREADS,0,"HIGH_SUGAR,HIGH_FAT,TRANS_FAT,ARTIFICIAL_SWEETENER,PRESERVATIVES,LOW_FIBER,HIGH_SODIUM,MANY_RISKY_INGREDIENTS"
